ISO-10303-21;
HEADER;
FILE_DESCRIPTION (( 'STEP AP214' ),
    '1' );
FILE_NAME ('38879F1F-A6F8-4B04-AB93-5603EF6953D5.STEP',
    '2024-01-02T18:01:39',
    ( '' ),
    ( '' ),
    'SwSTEP 2.0',
    'SolidWorks 2022',
    '' );
FILE_SCHEMA (( 'AUTOMOTIVE_DESIGN' ));
ENDSEC;

DATA;
#1 = CARTESIAN_POINT ( 'NONE',  ( -4.273340452680874419E-15, 10.16000000000000014, 5.169073114276517155E-16 ) ) ;
#2 = VECTOR ( 'NONE', #570, 1000.000000000000000 ) ;
#3 = CARTESIAN_POINT ( 'NONE',  ( 1.269999999999998685, -1.016000000000000014, 0.1905000000000000027 ) ) ;
#4 = LINE ( 'NONE', #796, #1093 ) ;
#5 = STYLED_ITEM ( 'NONE', ( #1876 ), #1849 ) ;
#6 = CARTESIAN_POINT ( 'NONE',  ( 19.42999999999999972, -5.587999999999998302, -0.1905000000000000027 ) ) ;
#7 = VECTOR ( 'NONE', #280, 1000.000000000000000 ) ;
#8 = DIRECTION ( 'NONE',  ( 0.0000000000000000000, -0.0000000000000000000, 1.000000000000000000 ) ) ;
#9 = VECTOR ( 'NONE', #1989, 1000.000000000000000 ) ;
#10 = VERTEX_POINT ( 'NONE', #147 ) ;
#11 = CARTESIAN_POINT ( 'NONE',  ( 19.81200000000000117, -5.587999999999998302, -0.1905000000000000027 ) ) ;
#12 = DIRECTION ( 'NONE',  ( 4.268512490100414360E-16, -1.000000000000000000, -0.0000000000000000000 ) ) ;
#13 = ORIENTED_EDGE ( 'NONE', *, *, #1323, .T. ) ;
#14 = PRESENTATION_LAYER_ASSIGNMENT (  '', '', ( #111 ) ) ;
#15 = CARTESIAN_POINT ( 'NONE',  ( 1.651999999999999247, 1.452875049250767603, 1.270000000000000018 ) ) ;
#16 = EDGE_CURVE ( 'NONE', #653, #2545, #2629, .T. ) ;
#17 = CARTESIAN_POINT ( 'NONE',  ( 19.43200000000000216, -5.207999999999998408, -0.1905000000000000027 ) ) ;
#18 =( LENGTH_UNIT ( ) NAMED_UNIT ( * ) SI_UNIT ( .MILLI., .METRE. ) );
#19 = VECTOR ( 'NONE', #1923, 1000.000000000000000 ) ;
#20 =( GEOMETRIC_REPRESENTATION_CONTEXT ( 3 ) GLOBAL_UNCERTAINTY_ASSIGNED_CONTEXT ( ( #661 ) ) GLOBAL_UNIT_ASSIGNED_CONTEXT ( ( #2532, #891, #1723 ) ) REPRESENTATION_CONTEXT ( 'NONE', 'WORKASPACE' ) );
#21 = ORIENTED_EDGE ( 'NONE', *, *, #1225, .F. ) ;
#22 = UNCERTAINTY_MEASURE_WITH_UNIT (LENGTH_MEASURE( 1.000000000000000082E-05 ), #2459, 'distance_accuracy_value', 'NONE');
#23 = COLOUR_RGB ( '',0.8980392156862745390, 0.9215686274509803377, 0.9294117647058823817 ) ;
#24 = AXIS2_PLACEMENT_3D ( 'NONE', #2009, #771, #1180 ) ;
#25 =( NAMED_UNIT ( * ) SI_UNIT ( $, .STERADIAN. ) SOLID_ANGLE_UNIT ( ) );
#26 =( LENGTH_UNIT ( ) NAMED_UNIT ( * ) SI_UNIT ( .MILLI., .METRE. ) );
#27 = ORIENTED_EDGE ( 'NONE', *, *, #2269, .T. ) ;
#28 = MECHANICAL_DESIGN_GEOMETRIC_PRESENTATION_REPRESENTATION (  '', ( #126 ), #324 ) ;
#29 = ADVANCED_FACE ( 'NONE', ( #1313 ), #361, .F. ) ;
#30 = DIRECTION ( 'NONE',  ( 1.000000000000000000, 7.588466649067402759E-16, -0.0000000000000000000 ) ) ;
#31 = AXIS2_PLACEMENT_3D ( 'NONE', #2626, #2615, #387 ) ;
#32 = EDGE_LOOP ( 'NONE', ( #1878, #1304, #504, #1833 ) ) ;
#33 = PRESENTATION_LAYER_ASSIGNMENT (  '', '', ( #647 ) ) ;
#34 =( LENGTH_UNIT ( ) NAMED_UNIT ( * ) SI_UNIT ( .MILLI., .METRE. ) );
#35 = EDGE_CURVE ( 'NONE', #2539, #2506, #340, .T. ) ;
#36 = LINE ( 'NONE', #1651, #1938 ) ;
#37 = CARTESIAN_POINT ( 'NONE',  ( 13.97000000000000064, -1.016000000000000014, -0.1905000000000000027 ) ) ;
#38 = ORIENTED_EDGE ( 'NONE', *, *, #2285, .F. ) ;
#39 = PRESENTATION_STYLE_ASSIGNMENT (( #2481 ) ) ;
#40 = CARTESIAN_POINT ( 'NONE',  ( 13.97000000000000064, -5.207999999999999297, -0.1905000000000000027 ) ) ;
#41 = VERTEX_POINT ( 'NONE', #1570 ) ;
#42 = DIRECTION ( 'NONE',  ( -0.0000000000000000000, 0.0000000000000000000, -1.000000000000000000 ) ) ;
#43 =( LENGTH_UNIT ( ) NAMED_UNIT ( * ) SI_UNIT ( .MILLI., .METRE. ) );
#44 = ORIENTED_EDGE ( 'NONE', *, *, #1215, .T. ) ;
#45 =( NAMED_UNIT ( * ) SI_UNIT ( $, .STERADIAN. ) SOLID_ANGLE_UNIT ( ) );
#46 = CARTESIAN_POINT ( 'NONE',  ( 3.301999999999998714, -2.032879073410322355E-17, -0.1905000000000001414 ) ) ;
#47 = SURFACE_SIDE_STYLE ('',( #2544 ) ) ;
#48 = ORIENTED_EDGE ( 'NONE', *, *, #1302, .T. ) ;
#49 = PRESENTATION_LAYER_ASSIGNMENT (  '', '', ( #2127 ) ) ;
#50 = UNCERTAINTY_MEASURE_WITH_UNIT (LENGTH_MEASURE( 1.000000000000000082E-05 ), #1777, 'distance_accuracy_value', 'NONE');
#51 = ADVANCED_FACE ( 'NONE', ( #904 ), #2557, .F. ) ;
#52 = AXIS2_PLACEMENT_3D ( 'NONE', #1254, #2086, #303 ) ;
#53 = DIRECTION ( 'NONE',  ( 1.000000000000000000, 4.268512490100412881E-16, 0.0000000000000000000 ) ) ;
#54 = EDGE_LOOP ( 'NONE', ( #1649, #2108, #721, #2367 ) ) ;
#55 = UNCERTAINTY_MEASURE_WITH_UNIT (LENGTH_MEASURE( 1.000000000000000082E-05 ), #2625, 'distance_accuracy_value', 'NONE');
#56 = AXIS2_PLACEMENT_3D ( 'NONE', #116, #854, #464 ) ;
#57 = VERTEX_POINT ( 'NONE', #1821 ) ;
#58 = AXIS2_PLACEMENT_3D ( 'NONE', #1299, #459, #885 ) ;
#59 = CARTESIAN_POINT ( 'NONE',  ( 0.7619999999999989004, -1.016000000000000014, 0.1905000000000000027 ) ) ;
#60 = DIRECTION ( 'NONE',  ( 0.0000000000000000000, -0.0000000000000000000, 1.000000000000000000 ) ) ;
#61 = DIRECTION ( 'NONE',  ( 1.000000000000000000, 0.0000000000000000000, 0.0000000000000000000 ) ) ;
#62 =( LENGTH_UNIT ( ) NAMED_UNIT ( * ) SI_UNIT ( .MILLI., .METRE. ) );
#63 = ORIENTED_EDGE ( 'NONE', *, *, #578, .T. ) ;
#64 = SURFACE_STYLE_FILL_AREA ( #2046 ) ;
#65 = EDGE_CURVE ( 'NONE', #959, #1779, #162, .T. ) ;
#66 = PRESENTATION_STYLE_ASSIGNMENT (( #1917 ) ) ;
#67 = LINE ( 'NONE', #639, #318 ) ;
#68 = VERTEX_POINT ( 'NONE', #2054 ) ;
#69 = VECTOR ( 'NONE', #2641, 1000.000000000000000 ) ;
#70 = PLANE ( 'NONE',  #56 ) ;
#71 = EDGE_CURVE ( 'NONE', #702, #1007, #1602, .T. ) ;
#72 = AXIS2_PLACEMENT_3D ( 'NONE', #741, #2182, #2572 ) ;
#73 = ORIENTED_EDGE ( 'NONE', *, *, #1212, .F. ) ;
#74 = MECHANICAL_DESIGN_GEOMETRIC_PRESENTATION_REPRESENTATION (  '', ( #1205 ), #281 ) ;
#75 = FILL_AREA_STYLE ('',( #1283 ) ) ;
#76 = FACE_OUTER_BOUND ( 'NONE', #1986, .T. ) ;
#77 = ORIENTED_EDGE ( 'NONE', *, *, #1191, .T. ) ;
#78 = VECTOR ( 'NONE', #163, 1000.000000000000000 ) ;
#79 = SURFACE_STYLE_FILL_AREA ( #2312 ) ;
#80 = ORIENTED_EDGE ( 'NONE', *, *, #2168, .F. ) ;
#81 = PRESENTATION_LAYER_ASSIGNMENT (  '', '', ( #858 ) ) ;
#82 = LINE ( 'NONE', #1695, #236 ) ;
#83 = DIRECTION ( 'NONE',  ( -0.0000000000000000000, -0.0000000000000000000, -1.000000000000000000 ) ) ;
#84 = CARTESIAN_POINT ( 'NONE',  ( 18.54199999999999804, -1.016000000000000014, 0.1905000000000000027 ) ) ;
#85 = UNCERTAINTY_MEASURE_WITH_UNIT (LENGTH_MEASURE( 1.000000000000000082E-05 ), #1691, 'distance_accuracy_value', 'NONE');
#86 = CARTESIAN_POINT ( 'NONE',  ( 13.46199999999999797, 0.0000000000000000000, 0.1905000000000001414 ) ) ;
#87 = EDGE_LOOP ( 'NONE', ( #2470, #417, #1001, #465 ) ) ;
#88 = EDGE_CURVE ( 'NONE', #2535, #1300, #989, .T. ) ;
#89 = ORIENTED_EDGE ( 'NONE', *, *, #457, .T. ) ;
#90 = EDGE_CURVE ( 'NONE', #802, #2635, #2259, .T. ) ;
#91 = DIRECTION ( 'NONE',  ( -1.000000000000000000, -3.794233324533699408E-16, 0.0000000000000000000 ) ) ;
#92 = FACE_OUTER_BOUND ( 'NONE', #826, .T. ) ;
#93 = ORIENTED_EDGE ( 'NONE', *, *, #556, .F. ) ;
#94 = DIRECTION ( 'NONE',  ( 1.000000000000000000, 0.0000000000000000000, 0.0000000000000000000 ) ) ;
#95 = PRESENTATION_LAYER_ASSIGNMENT (  '', '', ( #868 ) ) ;
#96 = CARTESIAN_POINT ( 'NONE',  ( 0.7619999999999989004, -1.016000000000000014, 0.1905000000000000027 ) ) ;
#97 = CARTESIAN_POINT ( 'NONE',  ( 1.151999999999999025, 1.452875049250767603, 1.270000000000000018 ) ) ;
#98 = ORIENTED_EDGE ( 'NONE', *, *, #1967, .T. ) ;
#99 = STYLED_ITEM ( 'NONE', ( #2274 ), #2080 ) ;
#100 =( NAMED_UNIT ( * ) SI_UNIT ( $, .STERADIAN. ) SOLID_ANGLE_UNIT ( ) );
#101 = CARTESIAN_POINT ( 'NONE',  ( 0.0000000000000000000, 0.0000000000000000000, -0.1905000000000000027 ) ) ;
#102 = SURFACE_SIDE_STYLE ('',( #153 ) ) ;
#103 = EDGE_LOOP ( 'NONE', ( #1774, #2458, #131, #73 ) ) ;
#104 = ADVANCED_FACE ( 'NONE', ( #1399 ), #408, .F. ) ;
#105 = VECTOR ( 'NONE', #2514, 1000.000000000000000 ) ;
#106 = CARTESIAN_POINT ( 'NONE',  ( 1.649999999999999023, -5.207999999999999297, 0.1905000000000000027 ) ) ;
#107 = EDGE_CURVE ( 'NONE', #2506, #2103, #1206, .T. ) ;
#108 = CYLINDRICAL_SURFACE ( 'NONE', #1413, 0.3799999999999983946 ) ;
#109 = DIRECTION ( 'NONE',  ( 0.0000000000000000000, 0.1218693434051420360, -0.9925461516413226493 ) ) ;
#110 = VERTEX_POINT ( 'NONE', #181 ) ;
#111 = STYLED_ITEM ( 'NONE', ( #742 ), #1347 ) ;
#112 = CARTESIAN_POINT ( 'NONE',  ( 0.0000000000000000000, -2.032879073410322355E-17, -0.1905000000000001414 ) ) ;
#113 = DIRECTION ( 'NONE',  ( 0.0000000000000000000, -0.0000000000000000000, 1.000000000000000000 ) ) ;
#114 = ORIENTED_EDGE ( 'NONE', *, *, #1564, .T. ) ;
#115 = UNCERTAINTY_MEASURE_WITH_UNIT (LENGTH_MEASURE( 1.000000000000000082E-05 ), #34, 'distance_accuracy_value', 'NONE');
#116 = CARTESIAN_POINT ( 'NONE',  ( 4.571999999999999176, -1.016000000000000014, 0.1905000000000000027 ) ) ;
#117 = ORIENTED_EDGE ( 'NONE', *, *, #1395, .T. ) ;
#118 = AXIS2_PLACEMENT_3D ( 'NONE', #1582, #2617, #2395 ) ;
#119 = CARTESIAN_POINT ( 'NONE',  ( 0.0000000000000000000, 0.0000000000000000000, -0.1905000000000000027 ) ) ;
#120 = DIRECTION ( 'NONE',  ( 1.897116662266849457E-16, -1.000000000000000000, 0.0000000000000000000 ) ) ;
#121 = DIRECTION ( 'NONE',  ( -0.0000000000000000000, -0.0000000000000000000, -1.000000000000000000 ) ) ;
#122 = ORIENTED_EDGE ( 'NONE', *, *, #923, .T. ) ;
#123 = CARTESIAN_POINT ( 'NONE',  ( 13.97000000000000064, -1.016000000000000014, 0.1905000000000000027 ) ) ;
#124 = PLANE ( 'NONE',  #2017 ) ;
#125 = DIRECTION ( 'NONE',  ( 1.000000000000000000, -0.0000000000000000000, -0.0000000000000000000 ) ) ;
#126 = STYLED_ITEM ( 'NONE', ( #245 ), #137 ) ;
#127 = ADVANCED_FACE ( 'NONE', ( #974 ), #1221, .F. ) ;
#128 =( NAMED_UNIT ( * ) PLANE_ANGLE_UNIT ( ) SI_UNIT ( $, .RADIAN. ) );
#129 = SURFACE_STYLE_FILL_AREA ( #953 ) ;
#130 = DIRECTION ( 'NONE',  ( -0.0000000000000000000, -0.0000000000000000000, -1.000000000000000000 ) ) ;
#131 = ORIENTED_EDGE ( 'NONE', *, *, #1879, .F. ) ;
#132 = ORIENTED_EDGE ( 'NONE', *, *, #2398, .F. ) ;
#133 =( LENGTH_UNIT ( ) NAMED_UNIT ( * ) SI_UNIT ( .MILLI., .METRE. ) );
#134 = FILL_AREA_STYLE ('',( #2121 ) ) ;
#135 = DIRECTION ( 'NONE',  ( 1.000000000000000000, 0.0000000000000000000, 0.0000000000000000000 ) ) ;
#136 = DIRECTION ( 'NONE',  ( 0.0000000000000000000, -1.000000000000000000, 0.0000000000000000000 ) ) ;
#137 = ADVANCED_FACE ( 'NONE', ( #818 ), #1650, .F. ) ;
#138 = ORIENTED_EDGE ( 'NONE', *, *, #2375, .T. ) ;
#139 = STYLED_ITEM ( 'NONE', ( #1249 ), #2480 ) ;
#140 = CARTESIAN_POINT ( 'NONE',  ( 19.81200000000000472, -1.016000000000000014, 0.1905000000000000027 ) ) ;
#141 = MECHANICAL_DESIGN_GEOMETRIC_PRESENTATION_REPRESENTATION (  '', ( #1314 ), #2303 ) ;
#142 = CARTESIAN_POINT ( 'NONE',  ( 4.189999999999999503, -5.587999999999999190, 0.1905000000000000027 ) ) ;
#143 = DIRECTION ( 'NONE',  ( 0.1218693434051480867, 0.0000000000000000000, 0.9925461516413218721 ) ) ;
#144 = PLANE ( 'NONE',  #970 ) ;
#145 = VECTOR ( 'NONE', #1450, 1000.000000000000000 ) ;
#146 = SURFACE_STYLE_USAGE ( .BOTH. , #1551 ) ;
#147 = CARTESIAN_POINT ( 'NONE',  ( 13.46199999999999797, -2.032879073410322355E-17, -0.1905000000000001414 ) ) ;
#148 = CARTESIAN_POINT ( 'NONE',  ( 1.151999999999999025, 1.452875049250767603, 1.270000000000000018 ) ) ;
#149 = PLANE ( 'NONE',  #2583 ) ;
#150 = ORIENTED_EDGE ( 'NONE', *, *, #2355, .F. ) ;
#151 = ORIENTED_EDGE ( 'NONE', *, *, #1635, .T. ) ;
#152 =( GEOMETRIC_REPRESENTATION_CONTEXT ( 3 ) GLOBAL_UNCERTAINTY_ASSIGNED_CONTEXT ( ( #691 ) ) GLOBAL_UNIT_ASSIGNED_CONTEXT ( ( #2215, #189, #571 ) ) REPRESENTATION_CONTEXT ( 'NONE', 'WORKASPACE' ) );
#153 = SURFACE_STYLE_FILL_AREA ( #544 ) ;
#154 = ORIENTED_EDGE ( 'NONE', *, *, #1653, .F. ) ;
#155 = STYLED_ITEM ( 'NONE', ( #1542 ), #1294 ) ;
#156 = SURFACE_STYLE_USAGE ( .BOTH. , #987 ) ;
#157 = SURFACE_STYLE_FILL_AREA ( #545 ) ;
#158 = DIRECTION ( 'NONE',  ( 1.000000000000000000, 0.0000000000000000000, -0.0000000000000000000 ) ) ;
#159 = PRESENTATION_STYLE_ASSIGNMENT (( #1943 ) ) ;
#160 = VECTOR ( 'NONE', #937, 1000.000000000000000 ) ;
#161 = PRESENTATION_STYLE_ASSIGNMENT (( #1974 ) ) ;
#162 = CIRCLE ( 'NONE', #24, 0.3799999999999983946 ) ;
#163 = DIRECTION ( 'NONE',  ( -1.000000000000000000, -1.224646799147353207E-16, 0.0000000000000000000 ) ) ;
#164 = VERTEX_POINT ( 'NONE', #998 ) ;
#165 = UNCERTAINTY_MEASURE_WITH_UNIT (LENGTH_MEASURE( 1.000000000000000082E-05 ), #1901, 'distance_accuracy_value', 'NONE');
#166 = AXIS2_PLACEMENT_3D ( 'NONE', #2488, #846, #634 ) ;
#167 = LINE ( 'NONE', #1560, #1092 ) ;
#168 = ORIENTED_EDGE ( 'NONE', *, *, #2476, .F. ) ;
#169 = EDGE_CURVE ( 'NONE', #2293, #1437, #1417, .T. ) ;
#170 = PRESENTATION_STYLE_ASSIGNMENT (( #1988 ) ) ;
#171 = PRESENTATION_STYLE_ASSIGNMENT (( #2585 ) ) ;
#172 =( NAMED_UNIT ( * ) SI_UNIT ( $, .STERADIAN. ) SOLID_ANGLE_UNIT ( ) );
#173 = SURFACE_STYLE_USAGE ( .BOTH. , #547 ) ;
#174 = DIRECTION ( 'NONE',  ( -3.794233324533698915E-16, 1.000000000000000000, 0.0000000000000000000 ) ) ;
#175 = PLANE ( 'NONE',  #2014 ) ;
#176 = VECTOR ( 'NONE', #83, 1000.000000000000000 ) ;
#177 = VERTEX_POINT ( 'NONE', #2502 ) ;
#178 = ADVANCED_FACE ( 'NONE', ( #2454 ), #600, .F. ) ;
#179 =( LENGTH_UNIT ( ) NAMED_UNIT ( * ) SI_UNIT ( .MILLI., .METRE. ) );
#180 = PLANE ( 'NONE',  #808 ) ;
#181 = CARTESIAN_POINT ( 'NONE',  ( 14.35200000000000031, -5.587999999999999190, 0.1905000000000000027 ) ) ;
#182 = VECTOR ( 'NONE', #1404, 1000.000000000000000 ) ;
#183 = PRESENTATION_LAYER_ASSIGNMENT (  '', '', ( #2268 ) ) ;
#184 = EDGE_CURVE ( 'NONE', #1058, #2612, #813, .T. ) ;
#185 = DIRECTION ( 'NONE',  ( 0.0000000000000000000, 0.0000000000000000000, -1.000000000000000000 ) ) ;
#186 = CARTESIAN_POINT ( 'NONE',  ( 14.73200000000000109, -5.587999999999999190, -0.1905000000000000027 ) ) ;
#187 = PRESENTATION_LAYER_ASSIGNMENT (  '', '', ( #627 ) ) ;
#188 = CARTESIAN_POINT ( 'NONE',  ( 21.08199999999999008, 10.16000000000001080, 0.0000000000000000000 ) ) ;
#189 =( NAMED_UNIT ( * ) PLANE_ANGLE_UNIT ( ) SI_UNIT ( $, .RADIAN. ) );
#190 = ORIENTED_EDGE ( 'NONE', *, *, #1480, .F. ) ;
#191 = SURFACE_STYLE_USAGE ( .BOTH. , #1851 ) ;
#192 = MECHANICAL_DESIGN_GEOMETRIC_PRESENTATION_REPRESENTATION (  '', ( #2281 ), #2237 ) ;
#193 = EDGE_CURVE ( 'NONE', #200, #1692, #1094, .T. ) ;
#194 = LINE ( 'NONE', #781, #243 ) ;
#195 = DIRECTION ( 'NONE',  ( 1.897116662266849704E-16, -1.000000000000000000, 0.0000000000000000000 ) ) ;
#196 = EDGE_CURVE ( 'NONE', #1546, #449, #2109, .T. ) ;
#197 =( GEOMETRIC_REPRESENTATION_CONTEXT ( 3 ) GLOBAL_UNCERTAINTY_ASSIGNED_CONTEXT ( ( #2561 ) ) GLOBAL_UNIT_ASSIGNED_CONTEXT ( ( #2246, #1590, #1385 ) ) REPRESENTATION_CONTEXT ( 'NONE', 'WORKASPACE' ) );
#198 = LINE ( 'NONE', #995, #69 ) ;
#199 =( GEOMETRIC_REPRESENTATION_CONTEXT ( 3 ) GLOBAL_UNCERTAINTY_ASSIGNED_CONTEXT ( ( #824 ) ) GLOBAL_UNIT_ASSIGNED_CONTEXT ( ( #2364, #1613, #1400 ) ) REPRESENTATION_CONTEXT ( 'NONE', 'WORKASPACE' ) );
#200 = VERTEX_POINT ( 'NONE', #1079 ) ;
#201 = CARTESIAN_POINT ( 'NONE',  ( 3.809999999999998277, -1.016000000000000014, 0.1905000000000000027 ) ) ;
#202 = CARTESIAN_POINT ( 'NONE',  ( 4.189999999999999503, -5.587999999999999190, -0.1905000000000000027 ) ) ;
#203 = VERTEX_POINT ( 'NONE', #330 ) ;
#204 = AXIS2_PLACEMENT_3D ( 'NONE', #1577, #2388, #1600 ) ;
#205 = CARTESIAN_POINT ( 'NONE',  ( 14.73199999999999932, -1.016000000000000014, -0.1905000000000000027 ) ) ;
#206 = DIRECTION ( 'NONE',  ( 1.000000000000000000, 0.0000000000000000000, 0.0000000000000000000 ) ) ;
#207 = SURFACE_STYLE_FILL_AREA ( #2024 ) ;
#208 = CARTESIAN_POINT ( 'NONE',  ( 0.7619999999999987894, -1.685188701338831371E-31, 0.1905000000000000027 ) ) ;
#209 = LINE ( 'NONE', #576, #1744 ) ;
#210 = EDGE_CURVE ( 'NONE', #2539, #2635, #1732, .T. ) ;
#211 = SURFACE_STYLE_FILL_AREA ( #2469 ) ;
#212 = ORIENTED_EDGE ( 'NONE', *, *, #482, .F. ) ;
#213 = DIRECTION ( 'NONE',  ( 0.0000000000000000000, 1.000000000000000000, 0.0000000000000000000 ) ) ;
#214 = LINE ( 'NONE', #629, #1725 ) ;
#215 = ORIENTED_EDGE ( 'NONE', *, *, #1191, .F. ) ;
#216 = VECTOR ( 'NONE', #1733, 1000.000000000000000 ) ;
#217 = CARTESIAN_POINT ( 'NONE',  ( 20.87928268994929937, 8.912347894638593769E-15, -1.651000000000000023 ) ) ;
#218 = CIRCLE ( 'NONE', #2263, 0.5000000000000002220 ) ;
#219 = DIRECTION ( 'NONE',  ( 0.0000000000000000000, -1.000000000000000000, 0.0000000000000000000 ) ) ;
#220 = MECHANICAL_DESIGN_GEOMETRIC_PRESENTATION_REPRESENTATION (  '', ( #2003 ), #2132 ) ;
#221 = PLANE ( 'NONE',  #2314 ) ;
#222 = ORIENTED_EDGE ( 'NONE', *, *, #1339, .F. ) ;
#223 = VECTOR ( 'NONE', #2107, 1000.000000000000227 ) ;
#224 = VECTOR ( 'NONE', #121, 1000.000000000000000 ) ;
#225 = PLANE ( 'NONE',  #2100 ) ;
#226 = VERTEX_POINT ( 'NONE', #2529 ) ;
#227 = EDGE_CURVE ( 'NONE', #1654, #1147, #495, .T. ) ;
#228 = CARTESIAN_POINT ( 'NONE',  ( 19.05000000000000071, -5.587999999999998302, 0.1905000000000000027 ) ) ;
#229 = DIRECTION ( 'NONE',  ( 0.0000000000000000000, 1.000000000000000000, 0.0000000000000000000 ) ) ;
#230 = ORIENTED_EDGE ( 'NONE', *, *, #2546, .T. ) ;
#231 = DIRECTION ( 'NONE',  ( -4.268512490100413867E-16, 1.000000000000000000, 0.0000000000000000000 ) ) ;
#232 = PLANE ( 'NONE',  #856 ) ;
#233 = CARTESIAN_POINT ( 'NONE',  ( 2.539999999999998703, -1.015999999999999792, 0.1905000000000000027 ) ) ;
#234 = MECHANICAL_DESIGN_GEOMETRIC_PRESENTATION_REPRESENTATION (  '', ( #565 ), #811 ) ;
#235 = UNCERTAINTY_MEASURE_WITH_UNIT (LENGTH_MEASURE( 1.000000000000000082E-05 ), #2035, 'distance_accuracy_value', 'NONE');
#236 = VECTOR ( 'NONE', #2554, 1000.000000000000000 ) ;
#237 = PLANE ( 'NONE',  #2177 ) ;
#238 = ORIENTED_EDGE ( 'NONE', *, *, #923, .F. ) ;
#239 =( GEOMETRIC_REPRESENTATION_CONTEXT ( 3 ) GLOBAL_UNCERTAINTY_ASSIGNED_CONTEXT ( ( #1859 ) ) GLOBAL_UNIT_ASSIGNED_CONTEXT ( ( #1467, #2079, #256 ) ) REPRESENTATION_CONTEXT ( 'NONE', 'WORKASPACE' ) );
#240 = VECTOR ( 'NONE', #2062, 1000.000000000000000 ) ;
#241 = DIRECTION ( 'NONE',  ( 1.897116662266849457E-16, -1.000000000000000000, 0.0000000000000000000 ) ) ;
#242 = EDGE_LOOP ( 'NONE', ( #230, #2380, #2117, #1224 ) ) ;
#243 = VECTOR ( 'NONE', #421, 1000.000000000000000 ) ;
#244 = PRESENTATION_STYLE_ASSIGNMENT (( #2088 ) ) ;
#245 = PRESENTATION_STYLE_ASSIGNMENT (( #2276 ) ) ;
#246 =( GEOMETRIC_REPRESENTATION_CONTEXT ( 3 ) GLOBAL_UNCERTAINTY_ASSIGNED_CONTEXT ( ( #2533 ) ) GLOBAL_UNIT_ASSIGNED_CONTEXT ( ( #1396, #2600, #1567 ) ) REPRESENTATION_CONTEXT ( 'NONE', 'WORKASPACE' ) );
#247 = CARTESIAN_POINT ( 'NONE',  ( 3.301999999999998714, -1.016000000000000014, 0.1905000000000000027 ) ) ;
#248 = ADVANCED_FACE ( 'NONE', ( #2547 ), #887, .F. ) ;
#249 =( NAMED_UNIT ( * ) PLANE_ANGLE_UNIT ( ) SI_UNIT ( $, .RADIAN. ) );
#250 = ORIENTED_EDGE ( 'NONE', *, *, #1323, .F. ) ;
#251 = EDGE_LOOP ( 'NONE', ( #2200, #2153, #1322, #1243 ) ) ;
#252 = LINE ( 'NONE', #1000, #2536 ) ;
#253 = DIRECTION ( 'NONE',  ( -0.0000000000000000000, -0.0000000000000000000, 1.000000000000000000 ) ) ;
#254 = DIRECTION ( 'NONE',  ( -4.268512490100428165E-16, 1.000000000000000000, 0.0000000000000000000 ) ) ;
#255 = ORIENTED_EDGE ( 'NONE', *, *, #1864, .T. ) ;
#256 =( NAMED_UNIT ( * ) SI_UNIT ( $, .STERADIAN. ) SOLID_ANGLE_UNIT ( ) );
#257 = EDGE_CURVE ( 'NONE', #692, #369, #411, .T. ) ;
#258 = LINE ( 'NONE', #2277, #2158 ) ;
#259 = SURFACE_SIDE_STYLE ('',( #1678 ) ) ;
#260 = CARTESIAN_POINT ( 'NONE',  ( 13.46199999999999797, -1.016000000000000014, -0.1905000000000000027 ) ) ;
#261 = ORIENTED_EDGE ( 'NONE', *, *, #341, .F. ) ;
#262 = VECTOR ( 'NONE', #1815, 1000.000000000000000 ) ;
#263 = EDGE_CURVE ( 'NONE', #57, #2329, #575, .T. ) ;
#264 = CARTESIAN_POINT ( 'NONE',  ( 2.539999999999998703, -1.015999999999999792, -0.1905000000000000027 ) ) ;
#265 = LINE ( 'NONE', #2325, #1844 ) ;
#266 = VERTEX_POINT ( 'NONE', #1991 ) ;
#267 = UNCERTAINTY_MEASURE_WITH_UNIT (LENGTH_MEASURE( 1.000000000000000082E-05 ), #445, 'distance_accuracy_value', 'NONE');
#268 = VECTOR ( 'NONE', #1854, 1000.000000000000000 ) ;
#269 = COLOUR_RGB ( '',0.5019607843137254832, 0.5019607843137254832, 0.5019607843137254832 ) ;
#270 = ORIENTED_EDGE ( 'NONE', *, *, #553, .F. ) ;
#271 = CARTESIAN_POINT ( 'NONE',  ( 14.73200000000000109, -5.207999999999999297, 0.1905000000000000027 ) ) ;
#272 = PRODUCT_DEFINITION_FORMATION_WITH_SPECIFIED_SOURCE ( 'ANY', '', #319, .NOT_KNOWN. ) ;
#273 = SURFACE_STYLE_FILL_AREA ( #1311 ) ;
#274 = PLANE ( 'NONE',  #1547 ) ;
#275 = ORIENTED_EDGE ( 'NONE', *, *, #1464, .T. ) ;
#276 =( NAMED_UNIT ( * ) SI_UNIT ( $, .STERADIAN. ) SOLID_ANGLE_UNIT ( ) );
#277 = EDGE_LOOP ( 'NONE', ( #1141, #1910, #1906, #63 ) ) ;
#278 = EDGE_CURVE ( 'NONE', #2159, #616, #2394, .T. ) ;
#279 = STYLED_ITEM ( 'NONE', ( #1697 ), #1193 ) ;
#280 = DIRECTION ( 'NONE',  ( -0.0000000000000000000, 0.0000000000000000000, -1.000000000000000000 ) ) ;
#281 =( GEOMETRIC_REPRESENTATION_CONTEXT ( 3 ) GLOBAL_UNCERTAINTY_ASSIGNED_CONTEXT ( ( #2642 ) ) GLOBAL_UNIT_ASSIGNED_CONTEXT ( ( #1598, #984, #2581 ) ) REPRESENTATION_CONTEXT ( 'NONE', 'WORKASPACE' ) );
#282 = ORIENTED_EDGE ( 'NONE', *, *, #2232, .T. ) ;
#283 = VECTOR ( 'NONE', #2324, 1000.000000000000000 ) ;
#284 = PLANE ( 'NONE',  #728 ) ;
#285 = ORIENTED_EDGE ( 'NONE', *, *, #538, .F. ) ;
#286 =( NAMED_UNIT ( * ) SI_UNIT ( $, .STERADIAN. ) SOLID_ANGLE_UNIT ( ) );
#287 = CARTESIAN_POINT ( 'NONE',  ( 0.0000000000000000000, 0.0000000000000000000, 0.1905000000000001414 ) ) ;
#288 = UNCERTAINTY_MEASURE_WITH_UNIT (LENGTH_MEASURE( 1.000000000000000082E-05 ), #2382, 'distance_accuracy_value', 'NONE');
#289 = EDGE_CURVE ( 'NONE', #1527, #1709, #2210, .T. ) ;
#290 = ORIENTED_EDGE ( 'NONE', *, *, #107, .T. ) ;
#291 = ADVANCED_FACE ( 'NONE', ( #1760 ), #551, .F. ) ;
#292 =( NAMED_UNIT ( * ) PLANE_ANGLE_UNIT ( ) SI_UNIT ( $, .RADIAN. ) );
#293 = DIRECTION ( 'NONE',  ( -0.0000000000000000000, -0.0000000000000000000, 1.000000000000000000 ) ) ;
#294 = EDGE_LOOP ( 'NONE', ( #48, #2604, #1606, #494 ) ) ;
#295 = DIRECTION ( 'NONE',  ( -1.000000000000000000, -4.268512490100399076E-16, 0.0000000000000000000 ) ) ;
#296 = FACE_OUTER_BOUND ( 'NONE', #2243, .T. ) ;
#297 = ORIENTED_EDGE ( 'NONE', *, *, #1360, .T. ) ;
#298 = MECHANICAL_DESIGN_GEOMETRIC_PRESENTATION_REPRESENTATION (  '', ( #1871 ), #1825 ) ;
#299 = DIRECTION ( 'NONE',  ( 0.0000000000000000000, 1.000000000000000000, 0.0000000000000000000 ) ) ;
#300 = LINE ( 'NONE', #1114, #2344 ) ;
#301 = SURFACE_SIDE_STYLE ('',( #1289 ) ) ;
#302 = VECTOR ( 'NONE', #893, 1000.000000000000000 ) ;
#303 = DIRECTION ( 'NONE',  ( -0.0000000000000000000, 0.0000000000000000000, -1.000000000000000000 ) ) ;
#304 = PRESENTATION_LAYER_ASSIGNMENT (  '', '', ( #351 ) ) ;
#305 = EDGE_LOOP ( 'NONE', ( #93, #1218, #415, #2163, #1583, #2033, #1735, #2148, #982, #282 ) ) ;
#306 = SURFACE_SIDE_STYLE ('',( #1059 ) ) ;
#307 = PLANE ( 'NONE',  #1366 ) ;
#308 = ORIENTED_EDGE ( 'NONE', *, *, #1009, .T. ) ;
#309 = EDGE_CURVE ( 'NONE', #2635, #1147, #745, .T. ) ;
#310 =( GEOMETRIC_REPRESENTATION_CONTEXT ( 3 ) GLOBAL_UNCERTAINTY_ASSIGNED_CONTEXT ( ( #774 ) ) GLOBAL_UNIT_ASSIGNED_CONTEXT ( ( #2640, #608, #1824 ) ) REPRESENTATION_CONTEXT ( 'NONE', 'WORKASPACE' ) );
#311 = AXIS2_PLACEMENT_3D ( 'NONE', #1146, #293, #501 ) ;
#312 = LINE ( 'NONE', #2584, #2594 ) ;
#313 = FILL_AREA_STYLE ('',( #1508 ) ) ;
#314 = DIRECTION ( 'NONE',  ( 0.0000000000000000000, -0.9925461516413227603, -0.1218693434051420499 ) ) ;
#315 = CARTESIAN_POINT ( 'NONE',  ( 0.0000000000000000000, 0.0000000000000000000, 1.651000000000000023 ) ) ;
#316 = LINE ( 'NONE', #1115, #560 ) ;
#317 = ORIENTED_EDGE ( 'NONE', *, *, #2203, .T. ) ;
#318 = VECTOR ( 'NONE', #2505, 1000.000000000000000 ) ;
#319 = PRODUCT ( '38879F1F-A6F8-4B04-AB93-5603EF6953D5', '38879F1F-A6F8-4B04-AB93-5603EF6953D5', '', ( #973 ) ) ;
#320 = FILL_AREA_STYLE_COLOUR ( '', #23 ) ;
#321 = LINE ( 'NONE', #1084, #224 ) ;
#322 = ORIENTED_EDGE ( 'NONE', *, *, #805, .F. ) ;
#323 = PRESENTATION_LAYER_ASSIGNMENT (  '', '', ( #2104 ) ) ;
#324 =( GEOMETRIC_REPRESENTATION_CONTEXT ( 3 ) GLOBAL_UNCERTAINTY_ASSIGNED_CONTEXT ( ( #267 ) ) GLOBAL_UNIT_ASSIGNED_CONTEXT ( ( #445, #1805, #2438 ) ) REPRESENTATION_CONTEXT ( 'NONE', 'WORKASPACE' ) );
#325 = SURFACE_STYLE_USAGE ( .BOTH. , #960 ) ;
#326 = DIRECTION ( 'NONE',  ( 1.000000000000000000, 0.0000000000000000000, 0.0000000000000000000 ) ) ;
#327 = CYLINDRICAL_SURFACE ( 'NONE', #479, 0.3800000000000001155 ) ;
#328 = ORIENTED_EDGE ( 'NONE', *, *, #1142, .F. ) ;
#329 = CIRCLE ( 'NONE', #683, 0.3799999999999983946 ) ;
#330 = CARTESIAN_POINT ( 'NONE',  ( 13.46199999999999797, -1.016000000000000014, 0.1905000000000000027 ) ) ;
#331 = CARTESIAN_POINT ( 'NONE',  ( 4.191999999999999282, -5.587999999999999190, -0.1905000000000000027 ) ) ;
#332 = VECTOR ( 'NONE', #684, 1000.000000000000000 ) ;
#333 = LINE ( 'NONE', #1155, #592 ) ;
#334 = DIRECTION ( 'NONE',  ( -1.897116662266849457E-16, 1.000000000000000000, 0.0000000000000000000 ) ) ;
#335 = ORIENTED_EDGE ( 'NONE', *, *, #1621, .F. ) ;
#336 = SURFACE_STYLE_USAGE ( .BOTH. , #1796 ) ;
#337 = DIRECTION ( 'NONE',  ( 1.000000000000000000, 0.0000000000000000000, 0.0000000000000000000 ) ) ;
#338 = DIRECTION ( 'NONE',  ( 0.0000000000000000000, 0.0000000000000000000, -1.000000000000000000 ) ) ;
#339 = CARTESIAN_POINT ( 'NONE',  ( 13.46199999999999797, -2.331928601384511794E-16, 0.1905000000000000027 ) ) ;
#340 = LINE ( 'NONE', #1931, #1932 ) ;
#341 = EDGE_CURVE ( 'NONE', #1300, #460, #1170, .T. ) ;
#342 = DIRECTION ( 'NONE',  ( -1.000000000000000000, -1.224646799147353207E-16, 0.0000000000000000000 ) ) ;
#343 = DIRECTION ( 'NONE',  ( -1.000000000000000000, -4.268512490100413867E-16, 0.0000000000000000000 ) ) ;
#344 = PRODUCT_DEFINITION_SHAPE ( 'NONE', 'NONE',  #1064 ) ;
#345 = DIRECTION ( 'NONE',  ( 1.067128122525102851E-16, -1.000000000000000000, 0.0000000000000000000 ) ) ;
#346 = ORIENTED_EDGE ( 'NONE', *, *, #1868, .F. ) ;
#347 = PRODUCT_DEFINITION_CONTEXT ( 'detailed design', #2195, 'design' ) ;
#348 = ADVANCED_FACE ( 'NONE', ( #1788 ), #1414, .T. ) ;
#349 = STYLED_ITEM ( 'NONE', ( #66 ), #2326 ) ;
#350 = ORIENTED_EDGE ( 'NONE', *, *, #71, .F. ) ;
#351 = STYLED_ITEM ( 'NONE', ( #1530 ), #1607 ) ;
#352 =( GEOMETRIC_REPRESENTATION_CONTEXT ( 3 ) GLOBAL_UNCERTAINTY_ASSIGNED_CONTEXT ( ( #2477 ) ) GLOBAL_UNIT_ASSIGNED_CONTEXT ( ( #1712, #487, #1071 ) ) REPRESENTATION_CONTEXT ( 'NONE', 'WORKASPACE' ) );
#353 = DIRECTION ( 'NONE',  ( 0.0000000000000000000, 0.0000000000000000000, -1.000000000000000000 ) ) ;
#354 = CARTESIAN_POINT ( 'NONE',  ( 0.7619999999999989004, -1.016000000000000014, -0.1905000000000000027 ) ) ;
#355 = ORIENTED_EDGE ( 'NONE', *, *, #395, .T. ) ;
#356 = VECTOR ( 'NONE', #2624, 1000.000000000000000 ) ;
#357 = CARTESIAN_POINT ( 'NONE',  ( 1.269999999999998685, -1.016000000000000014, 0.1905000000000000027 ) ) ;
#358 =( GEOMETRIC_REPRESENTATION_CONTEXT ( 3 ) GLOBAL_UNCERTAINTY_ASSIGNED_CONTEXT ( ( #1666 ) ) GLOBAL_UNIT_ASSIGNED_CONTEXT ( ( #1624, #1588, #1636 ) ) REPRESENTATION_CONTEXT ( 'NONE', 'WORKASPACE' ) );
#359 = CARTESIAN_POINT ( 'NONE',  ( 1.651999999999999247, 1.452875049250767603, 1.270000000000000018 ) ) ;
#360 = DIRECTION ( 'NONE',  ( 1.000000000000000000, 4.268512490100412881E-16, 0.0000000000000000000 ) ) ;
#361 = PLANE ( 'NONE',  #1804 ) ;
#362 = MECHANICAL_DESIGN_GEOMETRIC_PRESENTATION_REPRESENTATION (  '', ( #839 ), #1545 ) ;
#363 =( NAMED_UNIT ( * ) PLANE_ANGLE_UNIT ( ) SI_UNIT ( $, .RADIAN. ) );
#364 = ORIENTED_EDGE ( 'NONE', *, *, #1159, .F. ) ;
#365 = EDGE_CURVE ( 'NONE', #2472, #226, #977, .T. ) ;
#366 = CARTESIAN_POINT ( 'NONE',  ( 14.35200000000000031, -5.587999999999999190, 0.1905000000000000027 ) ) ;
#367 = VECTOR ( 'NONE', #120, 1000.000000000000000 ) ;
#368 = CARTESIAN_POINT ( 'NONE',  ( 4.571999999999999176, -1.016000000000000014, -0.1905000000000000027 ) ) ;
#369 = VERTEX_POINT ( 'NONE', #1799 ) ;
#370 = VECTOR ( 'NONE', #2435, 1000.000000000000000 ) ;
#371 = FILL_AREA_STYLE_COLOUR ( '', #731 ) ;
#372 = PRESENTATION_STYLE_ASSIGNMENT (( #325 ) ) ;
#373 = PRESENTATION_LAYER_ASSIGNMENT (  '', '', ( #1512 ) ) ;
#374 =( NAMED_UNIT ( * ) SI_UNIT ( $, .STERADIAN. ) SOLID_ANGLE_UNIT ( ) );
#375 = AXIS2_PLACEMENT_3D ( 'NONE', #2305, #664, #490 ) ;
#376 = DIRECTION ( 'NONE',  ( 1.897116662266849704E-16, -1.000000000000000000, 0.0000000000000000000 ) ) ;
#377 = FACE_OUTER_BOUND ( 'NONE', #1421, .T. ) ;
#378 = ORIENTED_EDGE ( 'NONE', *, *, #1244, .F. ) ;
#379 = VECTOR ( 'NONE', #2222, 1000.000000000000000 ) ;
#380 = AXIS2_PLACEMENT_3D ( 'NONE', #3, #434, #1235 ) ;
#381 =( NAMED_UNIT ( * ) SI_UNIT ( $, .STERADIAN. ) SOLID_ANGLE_UNIT ( ) );
#382 = CARTESIAN_POINT ( 'NONE',  ( 0.0000000000000000000, -2.032879073410322355E-17, -0.1905000000000001414 ) ) ;
#383 = CARTESIAN_POINT ( 'NONE',  ( 19.05000000000000071, -5.207999999999997520, 0.1905000000000000027 ) ) ;
#384 = EDGE_LOOP ( 'NONE', ( #1752, #1675, #27, #754 ) ) ;
#385 =( NAMED_UNIT ( * ) SI_UNIT ( $, .STERADIAN. ) SOLID_ANGLE_UNIT ( ) );
#386 = CARTESIAN_POINT ( 'NONE',  ( 3.809999999999998277, -1.016000000000000014, 0.1905000000000000027 ) ) ;
#387 = DIRECTION ( 'NONE',  ( -1.000000000000000000, 0.0000000000000000000, 0.0000000000000000000 ) ) ;
#388 = CARTESIAN_POINT ( 'NONE',  ( 0.0000000000000000000, 9.957282689949316534, -1.651000000000000245 ) ) ;
#389 =( LENGTH_UNIT ( ) NAMED_UNIT ( * ) SI_UNIT ( .MILLI., .METRE. ) );
#390 = CARTESIAN_POINT ( 'NONE',  ( 19.04999999999999716, -1.016000000000000014, 0.1905000000000000027 ) ) ;
#391 = LINE ( 'NONE', #2175, #1982 ) ;
#392 = COLOUR_RGB ( '',0.5019607843137254832, 0.5019607843137254832, 0.5019607843137254832 ) ;
#393 = ORIENTED_EDGE ( 'NONE', *, *, #1569, .T. ) ;
#394 = FILL_AREA_STYLE ('',( #2219 ) ) ;
#395 = EDGE_CURVE ( 'NONE', #2619, #1298, #194, .T. ) ;
#396 = FILL_AREA_STYLE_COLOUR ( '', #489 ) ;
#397 = AXIS2_PLACEMENT_3D ( 'NONE', #15, #1219, #2461 ) ;
#398 = CARTESIAN_POINT ( 'NONE',  ( 21.08199999999999008, 10.16000000000001080, 0.0000000000000000000 ) ) ;
#399 = UNCERTAINTY_MEASURE_WITH_UNIT (LENGTH_MEASURE( 1.000000000000000082E-05 ), #1056, 'distance_accuracy_value', 'NONE');
#400 = AXIS2_PLACEMENT_3D ( 'NONE', #2102, #254, #1899 ) ;
#401 = CARTESIAN_POINT ( 'NONE',  ( 0.0000000000000000000, 0.0000000000000000000, 0.1905000000000000027 ) ) ;
#402 = MECHANICAL_DESIGN_GEOMETRIC_PRESENTATION_REPRESENTATION (  '', ( #111 ), #1326 ) ;
#403 = CARTESIAN_POINT ( 'NONE',  ( 3.809999999999999165, -5.587999999999999190, 0.1905000000000000027 ) ) ;
#404 = CARTESIAN_POINT ( 'NONE',  ( 1.269999999999999130, -5.207999999999999297, 0.1905000000000000027 ) ) ;
#405 = EDGE_LOOP ( 'NONE', ( #2049, #138, #696, #1445, #855, #520, #2253, #2608, #1022, #2479 ) ) ;
#406 =( NAMED_UNIT ( * ) PLANE_ANGLE_UNIT ( ) SI_UNIT ( $, .RADIAN. ) );
#407 = SURFACE_STYLE_FILL_AREA ( #394 ) ;
#408 = PLANE ( 'NONE',  #1677 ) ;
#409 = CIRCLE ( 'NONE', #675, 0.3799999999999998934 ) ;
#410 = EDGE_CURVE ( 'NONE', #1709, #2506, #36, .T. ) ;
#411 = LINE ( 'NONE', #1208, #2368 ) ;
#412 = MECHANICAL_DESIGN_GEOMETRIC_PRESENTATION_REPRESENTATION (  '', ( #1202 ), #2627 ) ;
#413 =( NAMED_UNIT ( * ) SI_UNIT ( $, .STERADIAN. ) SOLID_ANGLE_UNIT ( ) );
#414 = MECHANICAL_DESIGN_GEOMETRIC_PRESENTATION_REPRESENTATION (  '', ( #724 ), #199 ) ;
#415 = ORIENTED_EDGE ( 'NONE', *, *, #1443, .F. ) ;
#416 = SURFACE_STYLE_USAGE ( .BOTH. , #2440 ) ;
#417 = ORIENTED_EDGE ( 'NONE', *, *, #1782, .F. ) ;
#418 = VECTOR ( 'NONE', #755, 1000.000000000000000 ) ;
#419 = FACE_OUTER_BOUND ( 'NONE', #1915, .T. ) ;
#420 = DIRECTION ( 'NONE',  ( 0.1209742911513549402, -0.1209742911513491670, 0.9852565360152937268 ) ) ;
#421 = DIRECTION ( 'NONE',  ( -0.0000000000000000000, -0.0000000000000000000, 1.000000000000000000 ) ) ;
#422 = SURFACE_SIDE_STYLE ('',( #1627 ) ) ;
#423 = VERTEX_POINT ( 'NONE', #2069 ) ;
#424 = EDGE_CURVE ( 'NONE', #449, #1293, #1043, .T. ) ;
#425 = PRESENTATION_STYLE_ASSIGNMENT (( #1433 ) ) ;
#426 = ORIENTED_EDGE ( 'NONE', *, *, #553, .T. ) ;
#427 = EDGE_CURVE ( 'NONE', #2500, #881, #329, .T. ) ;
#428 = PLANE ( 'NONE',  #52 ) ;
#429 = FACE_OUTER_BOUND ( 'NONE', #405, .T. ) ;
#430 =( GEOMETRIC_REPRESENTATION_CONTEXT ( 3 ) GLOBAL_UNCERTAINTY_ASSIGNED_CONTEXT ( ( #2212 ) ) GLOBAL_UNIT_ASSIGNED_CONTEXT ( ( #1226, #1857, #2478 ) ) REPRESENTATION_CONTEXT ( 'NONE', 'WORKASPACE' ) );
#431 = FILL_AREA_STYLE ('',( #2272 ) ) ;
#432 = ORIENTED_EDGE ( 'NONE', *, *, #1273, .F. ) ;
#433 = AXIS2_PLACEMENT_3D ( 'NONE', #2439, #587, #2240 ) ;
#434 = DIRECTION ( 'NONE',  ( 1.000000000000000000, 9.485583311334248519E-17, -0.0000000000000000000 ) ) ;
#435 = CARTESIAN_POINT ( 'NONE',  ( 5.079999999999998295, -1.015999999999999792, -0.1905000000000000027 ) ) ;
#436 = COLOUR_RGB ( '',0.8980392156862745390, 0.9215686274509803377, 0.9294117647058823817 ) ;
#437 = EDGE_LOOP ( 'NONE', ( #1818, #842, #1769, #1704 ) ) ;
#438 = AXIS2_PLACEMENT_3D ( 'NONE', #2373, #1768, #534 ) ;
#439 = EDGE_CURVE ( 'NONE', #2294, #2271, #2475, .T. ) ;
#440 = PRESENTATION_STYLE_ASSIGNMENT (( #1830 ) ) ;
#441 = EDGE_LOOP ( 'NONE', ( #2343, #1665, #432, #2483 ) ) ;
#442 = EDGE_CURVE ( 'NONE', #1524, #1293, #446, .T. ) ;
#443 = DIRECTION ( 'NONE',  ( -1.000000000000000000, 0.0000000000000000000, 0.0000000000000000000 ) ) ;
#444 = ORIENTED_EDGE ( 'NONE', *, *, #2631, .T. ) ;
#445 =( LENGTH_UNIT ( ) NAMED_UNIT ( * ) SI_UNIT ( .MILLI., .METRE. ) );
#446 = LINE ( 'NONE', #247, #2419 ) ;
#447 = CARTESIAN_POINT ( 'NONE',  ( 2.031999999999999140, -1.016000000000000014, -0.1905000000000000027 ) ) ;
#448 =( GEOMETRIC_REPRESENTATION_CONTEXT ( 3 ) GLOBAL_UNCERTAINTY_ASSIGNED_CONTEXT ( ( #612 ) ) GLOBAL_UNIT_ASSIGNED_CONTEXT ( ( #26, #588, #1292 ) ) REPRESENTATION_CONTEXT ( 'NONE', 'WORKASPACE' ) );
#449 = VERTEX_POINT ( 'NONE', #46 ) ;
#450 = ORIENTED_EDGE ( 'NONE', *, *, #2221, .T. ) ;
#451 = CARTESIAN_POINT ( 'NONE',  ( -4.336808689942021680E-15, 10.16000000000000192, 0.0000000000000000000 ) ) ;
#452 = EDGE_CURVE ( 'NONE', #938, #1527, #258, .T. ) ;
#453 = MECHANICAL_DESIGN_GEOMETRIC_PRESENTATION_REPRESENTATION (  '', ( #1207 ), #1383 ) ;
#454 = DIRECTION ( 'NONE',  ( -1.000000000000000000, 0.0000000000000000000, 0.0000000000000000000 ) ) ;
#455 = DIRECTION ( 'NONE',  ( -0.0000000000000000000, -0.0000000000000000000, -1.000000000000000000 ) ) ;
#456 = ORIENTED_EDGE ( 'NONE', *, *, #2647, .T. ) ;
#457 = EDGE_CURVE ( 'NONE', #2293, #1643, #1124, .T. ) ;
#458 = SURFACE_STYLE_USAGE ( .BOTH. , #1838 ) ;
#459 = DIRECTION ( 'NONE',  ( 0.0000000000000000000, 0.0000000000000000000, 1.000000000000000000 ) ) ;
#460 = VERTEX_POINT ( 'NONE', #1662 ) ;
#461 = DIRECTION ( 'NONE',  ( -1.000000000000000000, 0.0000000000000000000, -0.0000000000000000000 ) ) ;
#462 = LINE ( 'NONE', #1904, #2493 ) ;
#463 = VERTEX_POINT ( 'NONE', #594 ) ;
#464 = DIRECTION ( 'NONE',  ( -1.000000000000000000, -4.268512490100413867E-16, 0.0000000000000000000 ) ) ;
#465 = ORIENTED_EDGE ( 'NONE', *, *, #525, .T. ) ;
#466 = DIRECTION ( 'NONE',  ( 1.000000000000000000, 0.0000000000000000000, 0.0000000000000000000 ) ) ;
#467 = SURFACE_SIDE_STYLE ('',( #1075 ) ) ;
#468 = VERTEX_POINT ( 'NONE', #1626 ) ;
#469 = EDGE_CURVE ( 'NONE', #1310, #1041, #568, .T. ) ;
#470 = LINE ( 'NONE', #1428, #1430 ) ;
#471 = SURFACE_STYLE_USAGE ( .BOTH. , #47 ) ;
#472 = ORIENTED_EDGE ( 'NONE', *, *, #2217, .F. ) ;
#473 =( GEOMETRIC_REPRESENTATION_CONTEXT ( 3 ) GLOBAL_UNCERTAINTY_ASSIGNED_CONTEXT ( ( #399 ) ) GLOBAL_UNIT_ASSIGNED_CONTEXT ( ( #1056, #474, #276 ) ) REPRESENTATION_CONTEXT ( 'NONE', 'WORKASPACE' ) );
#474 =( NAMED_UNIT ( * ) PLANE_ANGLE_UNIT ( ) SI_UNIT ( $, .RADIAN. ) );
#475 = DIRECTION ( 'NONE',  ( 0.0000000000000000000, 0.0000000000000000000, 1.000000000000000000 ) ) ;
#476 = MECHANICAL_DESIGN_GEOMETRIC_PRESENTATION_REPRESENTATION (  '', ( #1143 ), #2223 ) ;
#477 = AXIS2_PLACEMENT_3D ( 'NONE', #574, #804, #206 ) ;
#478 = DIRECTION ( 'NONE',  ( -0.0000000000000000000, -0.0000000000000000000, -1.000000000000000000 ) ) ;
#479 = AXIS2_PLACEMENT_3D ( 'NONE', #1090, #1552, #934 ) ;
#480 = ORIENTED_EDGE ( 'NONE', *, *, #457, .F. ) ;
#481 = EDGE_LOOP ( 'NONE', ( #1786, #1390, #1272, #2492 ) ) ;
#482 = EDGE_CURVE ( 'NONE', #1138, #616, #2296, .T. ) ;
#483 = CARTESIAN_POINT ( 'NONE',  ( 5.079999999999998295, 2.177422008883993865E-16, -0.1905000000000000027 ) ) ;
#484 = COLOUR_RGB ( '',0.8980392156862745390, 0.9215686274509803377, 0.9294117647058823817 ) ;
#485 = CARTESIAN_POINT ( 'NONE',  ( 13.46199999999999797, -1.016000000000000014, 0.1905000000000000027 ) ) ;
#486 = EDGE_CURVE ( 'NONE', #702, #815, #470, .T. ) ;
#487 =( NAMED_UNIT ( * ) PLANE_ANGLE_UNIT ( ) SI_UNIT ( $, .RADIAN. ) );
#488 = ORIENTED_EDGE ( 'NONE', *, *, #1949, .F. ) ;
#489 = COLOUR_RGB ( '',0.8980392156862745390, 0.9215686274509803377, 0.9294117647058823817 ) ;
#490 = DIRECTION ( 'NONE',  ( -1.067128122525102974E-16, 1.000000000000000000, 0.0000000000000000000 ) ) ;
#491 =( NAMED_UNIT ( * ) SI_UNIT ( $, .STERADIAN. ) SOLID_ANGLE_UNIT ( ) );
#492 = VECTOR ( 'NONE', #2445, 1000.000000000000000 ) ;
#493 = DIRECTION ( 'NONE',  ( 1.000000000000000000, 0.0000000000000000000, -0.0000000000000000000 ) ) ;
#494 = ORIENTED_EDGE ( 'NONE', *, *, #1391, .T. ) ;
#495 = LINE ( 'NONE', #112, #1035 ) ;
#496 =( LENGTH_UNIT ( ) NAMED_UNIT ( * ) SI_UNIT ( .MILLI., .METRE. ) );
#497 = UNCERTAINTY_MEASURE_WITH_UNIT (LENGTH_MEASURE( 1.000000000000000082E-05 ), #697, 'distance_accuracy_value', 'NONE');
#498 = ADVANCED_FACE ( 'NONE', ( #1676 ), #1822, .F. ) ;
#499 = ORIENTED_EDGE ( 'NONE', *, *, #2548, .F. ) ;
#500 = FACE_OUTER_BOUND ( 'NONE', #658, .T. ) ;
#501 = DIRECTION ( 'NONE',  ( 1.000000000000000000, 0.0000000000000000000, 0.0000000000000000000 ) ) ;
#502 = EDGE_LOOP ( 'NONE', ( #1104, #817, #322, #38, #1921, #2405, #2646, #1346, #531, #2508 ) ) ;
#503 = PRESENTATION_STYLE_ASSIGNMENT (( #1340 ) ) ;
#504 = ORIENTED_EDGE ( 'NONE', *, *, #2151, .F. ) ;
#505 = AXIS2_PLACEMENT_3D ( 'NONE', #388, #1183, #2351 ) ;
#506 = CARTESIAN_POINT ( 'NONE',  ( 0.02339045885200338737, 1.376428539288238051E-18, 0.1905000000000001414 ) ) ;
#507 = ORIENTED_EDGE ( 'NONE', *, *, #1594, .T. ) ;
#508 = VECTOR ( 'NONE', #764, 1000.000000000000000 ) ;
#509 = ORIENTED_EDGE ( 'NONE', *, *, #2285, .T. ) ;
#510 = VECTOR ( 'NONE', #2431, 1000.000000000000000 ) ;
#511 = LINE ( 'NONE', #1969, #2400 ) ;
#512 = ADVANCED_FACE ( 'NONE', ( #2055 ), #232, .F. ) ;
#513 = ADVANCED_FACE ( 'NONE', ( #709 ), #284, .F. ) ;
#514 = SURFACE_SIDE_STYLE ('',( #273 ) ) ;
#515 = CARTESIAN_POINT ( 'NONE',  ( 3.809999999999998277, -1.016000000000000014, 0.1905000000000000027 ) ) ;
#516 = ORIENTED_EDGE ( 'NONE', *, *, #2269, .F. ) ;
#517 = CARTESIAN_POINT ( 'NONE',  ( 19.05000000000000071, -5.207999999999997520, 0.1905000000000000027 ) ) ;
#518 = LINE ( 'NONE', #1335, #160 ) ;
#519 = CARTESIAN_POINT ( 'NONE',  ( 2.032000000000000028, -5.587999999999999190, 0.1905000000000000027 ) ) ;
#520 = ORIENTED_EDGE ( 'NONE', *, *, #1273, .T. ) ;
#521 = VECTOR ( 'NONE', #326, 1000.000000000000000 ) ;
#522 = ORIENTED_EDGE ( 'NONE', *, *, #1511, .T. ) ;
#523 = COLOUR_RGB ( '',0.8980392156862745390, 0.9215686274509803377, 0.9294117647058823817 ) ;
#524 = VECTOR ( 'NONE', #241, 1000.000000000000000 ) ;
#525 = EDGE_CURVE ( 'NONE', #68, #2271, #869, .T. ) ;
#526 = LINE ( 'NONE', #1354, #1753 ) ;
#527 = CARTESIAN_POINT ( 'NONE',  ( 0.0000000000000000000, 0.0000000000000000000, -0.1905000000000000027 ) ) ;
#528 = COLOUR_RGB ( '',0.8980392156862745390, 0.9215686274509803377, 0.9294117647058823817 ) ;
#529 = SURFACE_SIDE_STYLE ('',( #965 ) ) ;
#530 = STYLED_ITEM ( 'NONE', ( #2022 ), #646 ) ;
#531 = ORIENTED_EDGE ( 'NONE', *, *, #981, .F. ) ;
#532 = ORIENTED_EDGE ( 'NONE', *, *, #88, .F. ) ;
#533 = CARTESIAN_POINT ( 'NONE',  ( 5.079999999999998295, -2.032879073410322355E-17, -0.1905000000000001414 ) ) ;
#534 = DIRECTION ( 'NONE',  ( 1.000000000000000000, 0.0000000000000000000, 0.0000000000000000000 ) ) ;
#535 = SURFACE_STYLE_FILL_AREA ( #1610 ) ;
#536 = DIRECTION ( 'NONE',  ( 0.0000000000000000000, 0.0000000000000000000, 1.000000000000000000 ) ) ;
#537 = DIRECTION ( 'NONE',  ( -1.000000000000000000, 0.0000000000000000000, 0.0000000000000000000 ) ) ;
#538 = EDGE_CURVE ( 'NONE', #266, #802, #2118, .T. ) ;
#539 = SURFACE_STYLE_USAGE ( .BOTH. , #529 ) ;
#540 = VERTEX_POINT ( 'NONE', #915 ) ;
#541 = UNCERTAINTY_MEASURE_WITH_UNIT (LENGTH_MEASURE( 1.000000000000000082E-05 ), #133, 'distance_accuracy_value', 'NONE');
#542 = EDGE_CURVE ( 'NONE', #1047, #589, #2327, .T. ) ;
#543 = SURFACE_SIDE_STYLE ('',( #2425 ) ) ;
#544 = FILL_AREA_STYLE ('',( #2582 ) ) ;
#545 = FILL_AREA_STYLE ('',( #1758 ) ) ;
#546 = FACE_OUTER_BOUND ( 'NONE', #1336, .T. ) ;
#547 = SURFACE_SIDE_STYLE ('',( #2152 ) ) ;
#548 = SURFACE_STYLE_USAGE ( .BOTH. , #935 ) ;
#549 = COLOUR_RGB ( '',0.8980392156862745390, 0.9215686274509803377, 0.9294117647058823817 ) ;
#550 = VECTOR ( 'NONE', #2357, 1000.000000000000000 ) ;
#551 = PLANE ( 'NONE',  #1681 ) ;
#552 = ORIENTED_EDGE ( 'NONE', *, *, #569, .F. ) ;
#553 = EDGE_CURVE ( 'NONE', #2500, #1643, #1718, .T. ) ;
#554 = EDGE_CURVE ( 'NONE', #41, #2322, #1125, .T. ) ;
#555 = VERTEX_POINT ( 'NONE', #1928 ) ;
#556 = EDGE_CURVE ( 'NONE', #41, #2619, #312, .T. ) ;
#557 = FILL_AREA_STYLE ('',( #1145 ) ) ;
#558 = VECTOR ( 'NONE', #2634, 1000.000000000000000 ) ;
#559 = EDGE_LOOP ( 'NONE', ( #2145, #1828, #1756, #1379, #1081 ) ) ;
#560 = VECTOR ( 'NONE', #1484, 1000.000000000000000 ) ;
#561 = DIRECTION ( 'NONE',  ( 1.000000000000000000, 0.0000000000000000000, -0.0000000000000000000 ) ) ;
#562 =( NAMED_UNIT ( * ) SI_UNIT ( $, .STERADIAN. ) SOLID_ANGLE_UNIT ( ) );
#563 = COLOUR_RGB ( '',0.8980392156862745390, 0.9215686274509803377, 0.9294117647058823817 ) ;
#564 = AXIS2_PLACEMENT_3D ( 'NONE', #829, #617, #60 ) ;
#565 = STYLED_ITEM ( 'NONE', ( #2116 ), #787 ) ;
#566 = UNCERTAINTY_MEASURE_WITH_UNIT (LENGTH_MEASURE( 1.000000000000000082E-05 ), #62, 'distance_accuracy_value', 'NONE');
#567 = COLOUR_RGB ( '',0.5019607843137254832, 0.5019607843137254832, 0.5019607843137254832 ) ;
#568 = CIRCLE ( 'NONE', #166, 0.3800000000000001155 ) ;
#569 = EDGE_CURVE ( 'NONE', #2307, #2159, #1809, .T. ) ;
#570 = DIRECTION ( 'NONE',  ( 0.0000000000000000000, 1.000000000000000000, 0.0000000000000000000 ) ) ;
#571 =( NAMED_UNIT ( * ) SI_UNIT ( $, .STERADIAN. ) SOLID_ANGLE_UNIT ( ) );
#572 = ORIENTED_EDGE ( 'NONE', *, *, #1108, .F. ) ;
#573 = CARTESIAN_POINT ( 'NONE',  ( 0.7619999999999987894, -2.032879073410322355E-17, -0.1905000000000001414 ) ) ;
#574 = CARTESIAN_POINT ( 'NONE',  ( 1.651999999999999247, 1.452875049250767603, 1.651000000000000023 ) ) ;
#575 = LINE ( 'NONE', #582, #2323 ) ;
#576 = CARTESIAN_POINT ( 'NONE',  ( 15.24000000000000021, -1.015999999999999792, 0.1905000000000000027 ) ) ;
#577 = DIRECTION ( 'NONE',  ( -1.000000000000000000, -1.224646799147353207E-16, 0.0000000000000000000 ) ) ;
#578 = EDGE_CURVE ( 'NONE', #800, #1267, #1351, .T. ) ;
#579 = AXIS2_PLACEMENT_3D ( 'NONE', #1860, #213, #1010 ) ;
#580 = SURFACE_STYLE_FILL_AREA ( #2430 ) ;
#581 = SURFACE_STYLE_USAGE ( .BOTH. , #2406 ) ;
#582 = CARTESIAN_POINT ( 'NONE',  ( 2.539999999999998703, -1.015999999999999792, 0.1905000000000000027 ) ) ;
#583 = CARTESIAN_POINT ( 'NONE',  ( 5.079999999999998295, -1.015999999999999792, 0.1905000000000000027 ) ) ;
#584 = DIRECTION ( 'NONE',  ( 1.000000000000000000, 4.268512490100398583E-16, 0.0000000000000000000 ) ) ;
#585 = VECTOR ( 'NONE', #584, 1000.000000000000000 ) ;
#586 = ORIENTED_EDGE ( 'NONE', *, *, #1717, .T. ) ;
#587 = DIRECTION ( 'NONE',  ( 0.0000000000000000000, 1.000000000000000000, 0.0000000000000000000 ) ) ;
#588 =( NAMED_UNIT ( * ) PLANE_ANGLE_UNIT ( ) SI_UNIT ( $, .RADIAN. ) );
#589 = VERTEX_POINT ( 'NONE', #2180 ) ;
#590 = PRODUCT_RELATED_PRODUCT_CATEGORY ( 'part', '', ( #319 ) ) ;
#591 = LINE ( 'NONE', #2051, #356 ) ;
#592 = VECTOR ( 'NONE', #1734, 1000.000000000000000 ) ;
#593 = EDGE_CURVE ( 'NONE', #164, #1950, #1783, .T. ) ;
#594 = CARTESIAN_POINT ( 'NONE',  ( 14.35200000000000031, -5.587999999999999190, -0.1905000000000000027 ) ) ;
#595 =( GEOMETRIC_REPRESENTATION_CONTEXT ( 3 ) GLOBAL_UNCERTAINTY_ASSIGNED_CONTEXT ( ( #2124 ) ) GLOBAL_UNIT_ASSIGNED_CONTEXT ( ( #619, #1454, #45 ) ) REPRESENTATION_CONTEXT ( 'NONE', 'WORKASPACE' ) );
#596 = CARTESIAN_POINT ( 'NONE',  ( 4.572000000000000064, -5.207999999999999297, 0.1905000000000000027 ) ) ;
#597 = COLOUR_RGB ( '',0.8980392156862745390, 0.9215686274509803377, 0.9294117647058823817 ) ;
#598 = DIRECTION ( 'NONE',  ( -0.1218693434051477259, 0.0000000000000000000, -0.9925461516413219831 ) ) ;
#599 = ORIENTED_EDGE ( 'NONE', *, *, #556, .T. ) ;
#600 = PLANE ( 'NONE',  #2202 ) ;
#601 = LINE ( 'NONE', #2283, #1375 ) ;
#602 = CARTESIAN_POINT ( 'NONE',  ( 14.73199999999999932, -1.016000000000000014, 0.1905000000000000027 ) ) ;
#603 = EDGE_LOOP ( 'NONE', ( #814, #285, #1543, #2358 ) ) ;
#604 = PRESENTATION_STYLE_ASSIGNMENT (( #1409 ) ) ;
#605 = CARTESIAN_POINT ( 'NONE',  ( 19.81200000000000117, -5.587999999999998302, 0.1905000000000000027 ) ) ;
#606 = SURFACE_SIDE_STYLE ('',( #207 ) ) ;
#607 = CARTESIAN_POINT ( 'NONE',  ( 0.0000000000000000000, -2.032879073410322355E-17, -0.1905000000000001414 ) ) ;
#608 =( NAMED_UNIT ( * ) PLANE_ANGLE_UNIT ( ) SI_UNIT ( $, .RADIAN. ) );
#609 = VERTEX_POINT ( 'NONE', #1970 ) ;
#610 = ADVANCED_FACE ( 'NONE', ( #2420 ), #1382, .F. ) ;
#611 = ORIENTED_EDGE ( 'NONE', *, *, #16, .T. ) ;
#612 = UNCERTAINTY_MEASURE_WITH_UNIT (LENGTH_MEASURE( 1.000000000000000082E-05 ), #26, 'distance_accuracy_value', 'NONE');
#613 = ORIENTED_EDGE ( 'NONE', *, *, #1707, .T. ) ;
#614 = SURFACE_SIDE_STYLE ('',( #2442 ) ) ;
#615 = FILL_AREA_STYLE ('',( #1284 ) ) ;
#616 = VERTEX_POINT ( 'NONE', #573 ) ;
#617 = DIRECTION ( 'NONE',  ( 0.0000000000000000000, 1.000000000000000000, 0.0000000000000000000 ) ) ;
#618 = VECTOR ( 'NONE', #1983, 1000.000000000000000 ) ;
#619 =( LENGTH_UNIT ( ) NAMED_UNIT ( * ) SI_UNIT ( .MILLI., .METRE. ) );
#620 = DIRECTION ( 'NONE',  ( 0.1209742911513553426, -0.1209742911513476543, 0.9852565360152939489 ) ) ;
#621 = LINE ( 'NONE', #1493, #2613 ) ;
#622 = PRESENTATION_LAYER_ASSIGNMENT (  '', '', ( #2003 ) ) ;
#623 = CARTESIAN_POINT ( 'NONE',  ( 21.05860954114799100, 0.0000000000000000000, 0.1905000000000001414 ) ) ;
#624 = VECTOR ( 'NONE', #2181, 1000.000000000000000 ) ;
#625 = SURFACE_STYLE_USAGE ( .BOTH. , #1586 ) ;
#626 = ORIENTED_EDGE ( 'NONE', *, *, #1339, .T. ) ;
#627 = STYLED_ITEM ( 'NONE', ( #2527 ), #2599 ) ;
#628 = VECTOR ( 'NONE', #2566, 1000.000000000000000 ) ;
#629 = CARTESIAN_POINT ( 'NONE',  ( 4.572000000000000064, -5.587999999999999190, -0.1905000000000000027 ) ) ;
#630 = ORIENTED_EDGE ( 'NONE', *, *, #2251, .T. ) ;
#631 = CARTESIAN_POINT ( 'NONE',  ( 1.269999999999999130, -5.587999999999999190, 0.1905000000000000027 ) ) ;
#632 = SURFACE_STYLE_FILL_AREA ( #615 ) ;
#633 = PRESENTATION_STYLE_ASSIGNMENT (( #707 ) ) ;
#634 = DIRECTION ( 'NONE',  ( 1.000000000000000000, 0.0000000000000000000, 0.0000000000000000000 ) ) ;
#635 = SURFACE_SIDE_STYLE ('',( #79 ) ) ;
#636 = PRESENTATION_LAYER_ASSIGNMENT (  '', '', ( #2281 ) ) ;
#637 = ORIENTED_EDGE ( 'NONE', *, *, #981, .T. ) ;
#638 = FILL_AREA_STYLE_COLOUR ( '', #2618 ) ;
#639 = CARTESIAN_POINT ( 'NONE',  ( 15.24000000000000021, -1.545065925005155253E-17, 0.1905000000000000027 ) ) ;
#640 = ORIENTED_EDGE ( 'NONE', *, *, #35, .T. ) ;
#641 = STYLED_ITEM ( 'NONE', ( #161 ), #51 ) ;
#642 = ADVANCED_FACE ( 'NONE', ( #2193 ), #2007, .F. ) ;
#643 = FILL_AREA_STYLE ('',( #2342 ) ) ;
#644 = ORIENTED_EDGE ( 'NONE', *, *, #961, .F. ) ;
#645 = VECTOR ( 'NONE', #1912, 1000.000000000000000 ) ;
#646 = ADVANCED_FACE ( 'NONE', ( #932 ), #1757, .F. ) ;
#647 = STYLED_ITEM ( 'NONE', ( #604 ), #690 ) ;
#648 = ORIENTED_EDGE ( 'NONE', *, *, #2429, .F. ) ;
#649 = DIRECTION ( 'NONE',  ( 1.000000000000000000, 0.0000000000000000000, 0.0000000000000000000 ) ) ;
#650 = LINE ( 'NONE', #1664, #223 ) ;
#651 = ORIENTED_EDGE ( 'NONE', *, *, #1868, .T. ) ;
#652 = LINE ( 'NONE', #2518, #1554 ) ;
#653 = VERTEX_POINT ( 'NONE', #2077 ) ;
#654 = ORIENTED_EDGE ( 'NONE', *, *, #427, .F. ) ;
#655 = ORIENTED_EDGE ( 'NONE', *, *, #1395, .F. ) ;
#656 = EDGE_CURVE ( 'NONE', #589, #1298, #1673, .T. ) ;
#657 = VECTOR ( 'NONE', #1176, 1000.000000000000000 ) ;
#658 = EDGE_LOOP ( 'NONE', ( #655, #1882, #1247, #1276, #1587, #2528, #1995, #1394, #132, #886 ) ) ;
#659 = SURFACE_STYLE_FILL_AREA ( #1934 ) ;
#660 = DIRECTION ( 'NONE',  ( -0.1209742911513552177, -0.1209742911513481400, -0.9852565360152938378 ) ) ;
#661 = UNCERTAINTY_MEASURE_WITH_UNIT (LENGTH_MEASURE( 1.000000000000000082E-05 ), #2532, 'distance_accuracy_value', 'NONE');
#662 = MECHANICAL_DESIGN_GEOMETRIC_PRESENTATION_REPRESENTATION (  '', ( #1622 ), #1190 ) ;
#663 = ORIENTED_EDGE ( 'NONE', *, *, #762, .F. ) ;
#664 = DIRECTION ( 'NONE',  ( 1.000000000000000000, 1.067128122525102974E-16, -0.0000000000000000000 ) ) ;
#665 = STYLED_ITEM ( 'NONE', ( #1640 ), #2495 ) ;
#666 = SURFACE_STYLE_USAGE ( .BOTH. , #467 ) ;
#667 = ORIENTED_EDGE ( 'NONE', *, *, #2345, .T. ) ;
#668 = DIRECTION ( 'NONE',  ( -0.0000000000000000000, 0.0000000000000000000, -1.000000000000000000 ) ) ;
#669 = CARTESIAN_POINT ( 'NONE',  ( 14.73199999999999932, -1.016000000000000014, 0.1905000000000000027 ) ) ;
#670 = ORIENTED_EDGE ( 'NONE', *, *, #1305, .T. ) ;
#671 = ADVANCED_FACE ( 'NONE', ( #1847 ), #1834, .F. ) ;
#672 = AXIS2_PLACEMENT_3D ( 'NONE', #1349, #2161, #1393 ) ;
#673 = CARTESIAN_POINT ( 'NONE',  ( 13.97000000000000064, -1.016000000000000014, -0.1905000000000000027 ) ) ;
#674 = CARTESIAN_POINT ( 'NONE',  ( 20.32000000000000028, -1.015999999999999792, 0.1905000000000000027 ) ) ;
#675 = AXIS2_PLACEMENT_3D ( 'NONE', #2491, #475, #1473 ) ;
#676 = FILL_AREA_STYLE ('',( #1476 ) ) ;
#677 = MECHANICAL_DESIGN_GEOMETRIC_PRESENTATION_REPRESENTATION (  '', ( #1512 ), #2041 ) ;
#678 = ORIENTED_EDGE ( 'NONE', *, *, #193, .T. ) ;
#679 = CARTESIAN_POINT ( 'NONE',  ( 19.81200000000000472, -1.016000000000000014, -0.1905000000000000027 ) ) ;
#680 = DIRECTION ( 'NONE',  ( 1.000000000000000000, 0.0000000000000000000, -0.0000000000000000000 ) ) ;
#681 = ORIENTED_EDGE ( 'NONE', *, *, #2028, .F. ) ;
#682 = STYLED_ITEM ( 'NONE', ( #2337 ), #178 ) ;
#683 = AXIS2_PLACEMENT_3D ( 'NONE', #820, #1865, #61 ) ;
#684 = DIRECTION ( 'NONE',  ( 1.000000000000000000, 0.0000000000000000000, 0.0000000000000000000 ) ) ;
#685 = CARTESIAN_POINT ( 'NONE',  ( -4.336808689942021680E-15, 10.16000000000000192, 0.0000000000000000000 ) ) ;
#686 =( NAMED_UNIT ( * ) PLANE_ANGLE_UNIT ( ) SI_UNIT ( $, .RADIAN. ) );
#687 = ORIENTED_EDGE ( 'NONE', *, *, #227, .T. ) ;
#688 = COLOUR_RGB ( '',0.8980392156862745390, 0.9215686274509803377, 0.9294117647058823817 ) ;
#689 = SURFACE_STYLE_FILL_AREA ( #1916 ) ;
#690 = ADVANCED_FACE ( 'NONE', ( #419 ), #2230, .F. ) ;
#691 = UNCERTAINTY_MEASURE_WITH_UNIT (LENGTH_MEASURE( 1.000000000000000082E-05 ), #2215, 'distance_accuracy_value', 'NONE');
#692 = VERTEX_POINT ( 'NONE', #205 ) ;
#693 = ADVANCED_FACE ( 'NONE', ( #1039 ), #1466, .T. ) ;
#694 =( NAMED_UNIT ( * ) PLANE_ANGLE_UNIT ( ) SI_UNIT ( $, .RADIAN. ) );
#695 = CARTESIAN_POINT ( 'NONE',  ( 14.35200000000000031, -5.207999999999999297, -0.1905000000000000027 ) ) ;
#696 = ORIENTED_EDGE ( 'NONE', *, *, #2341, .T. ) ;
#697 =( LENGTH_UNIT ( ) NAMED_UNIT ( * ) SI_UNIT ( .MILLI., .METRE. ) );
#698 = FILL_AREA_STYLE ('',( #1153 ) ) ;
#699 = DIRECTION ( 'NONE',  ( -0.0000000000000000000, -0.0000000000000000000, -1.000000000000000000 ) ) ;
#700 = VECTOR ( 'NONE', #174, 1000.000000000000000 ) ;
#701 = DIRECTION ( 'NONE',  ( 1.000000000000000000, 0.0000000000000000000, -0.0000000000000000000 ) ) ;
#702 = VERTEX_POINT ( 'NONE', #2649 ) ;
#703 = MECHANICAL_DESIGN_GEOMETRIC_PRESENTATION_REPRESENTATION (  '', ( #1185 ), #922 ) ;
#704 = ORIENTED_EDGE ( 'NONE', *, *, #1511, .F. ) ;
#705 = VECTOR ( 'NONE', #1026, 1000.000000000000000 ) ;
#706 = EDGE_CURVE ( 'NONE', #2131, #1267, #1258, .T. ) ;
#707 = SURFACE_STYLE_USAGE ( .BOTH. , #1262 ) ;
#708 =( GEOMETRIC_REPRESENTATION_CONTEXT ( 3 ) GLOBAL_UNCERTAINTY_ASSIGNED_CONTEXT ( ( #1826 ) ) GLOBAL_UNIT_ASSIGNED_CONTEXT ( ( #18, #249, #413 ) ) REPRESENTATION_CONTEXT ( 'NONE', 'WORKASPACE' ) );
#709 = FACE_OUTER_BOUND ( 'NONE', #1078, .T. ) ;
#710 = FILL_AREA_STYLE ('',( #1384 ) ) ;
#711 = CARTESIAN_POINT ( 'NONE',  ( 19.42999999999999972, -5.207999999999998408, 0.1905000000000000027 ) ) ;
#712 = ORIENTED_EDGE ( 'NONE', *, *, #365, .F. ) ;
#713 = FILL_AREA_STYLE_COLOUR ( '', #392 ) ;
#714 = LINE ( 'NONE', #2559, #1031 ) ;
#715 = SURFACE_SIDE_STYLE ('',( #1268 ) ) ;
#716 = FACE_OUTER_BOUND ( 'NONE', #559, .T. ) ;
#717 = ORIENTED_EDGE ( 'NONE', *, *, #90, .F. ) ;
#718 = CIRCLE ( 'NONE', #1509, 0.3800000000000001155 ) ;
#719 = AXIS2_PLACEMENT_3D ( 'NONE', #1990, #536, #561 ) ;
#720 = LINE ( 'NONE', #2605, #2 ) ;
#721 = ORIENTED_EDGE ( 'NONE', *, *, #2509, .F. ) ;
#722 = VECTOR ( 'NONE', #466, 1000.000000000000000 ) ;
#723 = CARTESIAN_POINT ( 'NONE',  ( 2.539999999999998703, 2.177422008883991893E-16, 0.1905000000000000027 ) ) ;
#724 = STYLED_ITEM ( 'NONE', ( #1945 ), #248 ) ;
#725 = SURFACE_STYLE_USAGE ( .BOTH. , #962 ) ;
#726 =( NAMED_UNIT ( * ) SI_UNIT ( $, .STERADIAN. ) SOLID_ANGLE_UNIT ( ) );
#727 = EDGE_LOOP ( 'NONE', ( #1020, #1863, #1715, #667 ) ) ;
#728 = AXIS2_PLACEMENT_3D ( 'NONE', #2556, #91, #1126 ) ;
#729 = DIRECTION ( 'NONE',  ( 1.000000000000000000, 4.268512490100398583E-16, 0.0000000000000000000 ) ) ;
#730 = CARTESIAN_POINT ( 'NONE',  ( 3.301999999999998714, -1.016000000000000014, 0.1905000000000000027 ) ) ;
#731 = COLOUR_RGB ( '',0.5019607843137254832, 0.5019607843137254832, 0.5019607843137254832 ) ;
#732 = SURFACE_STYLE_USAGE ( .BOTH. , #921 ) ;
#733 = VERTEX_POINT ( 'NONE', #271 ) ;
#734 = ORIENTED_EDGE ( 'NONE', *, *, #278, .F. ) ;
#735 = CARTESIAN_POINT ( 'NONE',  ( 0.0000000000000000000, 9.957282689949314758, 1.651000000000000245 ) ) ;
#736 = DIRECTION ( 'NONE',  ( 1.000000000000000000, 0.0000000000000000000, 0.0000000000000000000 ) ) ;
#737 = FACE_OUTER_BOUND ( 'NONE', #2227, .T. ) ;
#738 = ORIENTED_EDGE ( 'NONE', *, *, #1569, .F. ) ;
#739 = EDGE_CURVE ( 'NONE', #2271, #1546, #1702, .T. ) ;
#740 = FACE_OUTER_BOUND ( 'NONE', #1227, .T. ) ;
#741 = CARTESIAN_POINT ( 'NONE',  ( 0.0000000000000000000, 0.0000000000000000000, 0.1905000000000000027 ) ) ;
#742 = PRESENTATION_STYLE_ASSIGNMENT (( #173 ) ) ;
#743 = EDGE_LOOP ( 'NONE', ( #1617, #364, #480, #1448 ) ) ;
#744 = ADVANCED_FACE ( 'NONE', ( #1478 ), #912, .F. ) ;
#745 = LINE ( 'NONE', #2409, #78 ) ;
#746 =( NAMED_UNIT ( * ) SI_UNIT ( $, .STERADIAN. ) SOLID_ANGLE_UNIT ( ) );
#747 =( NAMED_UNIT ( * ) PLANE_ANGLE_UNIT ( ) SI_UNIT ( $, .RADIAN. ) );
#748 = EDGE_LOOP ( 'NONE', ( #2265, #1463, #1954, #2076 ) ) ;
#749 = AXIS2_PLACEMENT_3D ( 'NONE', #761, #701, #1555 ) ;
#750 =( GEOMETRIC_REPRESENTATION_CONTEXT ( 3 ) GLOBAL_UNCERTAINTY_ASSIGNED_CONTEXT ( ( #2236 ) ) GLOBAL_UNIT_ASSIGNED_CONTEXT ( ( #2455, #1229, #25 ) ) REPRESENTATION_CONTEXT ( 'NONE', 'WORKASPACE' ) );
#751 = FILL_AREA_STYLE ('',( #1795 ) ) ;
#752 = MECHANICAL_DESIGN_GEOMETRIC_PRESENTATION_REPRESENTATION (  '', ( #2044 ), #352 ) ;
#753 = SURFACE_SIDE_STYLE ('',( #1985 ) ) ;
#754 = ORIENTED_EDGE ( 'NONE', *, *, #1949, .T. ) ;
#755 = DIRECTION ( 'NONE',  ( -0.0000000000000000000, -0.0000000000000000000, -1.000000000000000000 ) ) ;
#756 = FACE_OUTER_BOUND ( 'NONE', #2059, .T. ) ;
#757 = SURFACE_STYLE_FILL_AREA ( #710 ) ;
#758 = PRESENTATION_LAYER_ASSIGNMENT (  '', '', ( #139 ) ) ;
#759 =( GEOMETRIC_REPRESENTATION_CONTEXT ( 3 ) GLOBAL_UNCERTAINTY_ASSIGNED_CONTEXT ( ( #541 ) ) GLOBAL_UNIT_ASSIGNED_CONTEXT ( ( #133, #945, #1308 ) ) REPRESENTATION_CONTEXT ( 'NONE', 'WORKASPACE' ) );
#760 = PRESENTATION_STYLE_ASSIGNMENT (( #2196 ) ) ;
#761 = CARTESIAN_POINT ( 'NONE',  ( 3.301999999999998714, 0.0000000000000000000, 0.1905000000000000027 ) ) ;
#762 = EDGE_CURVE ( 'NONE', #177, #848, #2347, .T. ) ;
#763 = ORIENTED_EDGE ( 'NONE', *, *, #1964, .F. ) ;
#764 = DIRECTION ( 'NONE',  ( 0.0000000000000000000, -0.0000000000000000000, 1.000000000000000000 ) ) ;
#765 = COLOUR_RGB ( '',0.8980392156862745390, 0.9215686274509803377, 0.9294117647058823817 ) ;
#766 = LINE ( 'NONE', #1953, #2537 ) ;
#767 = ORIENTED_EDGE ( 'NONE', *, *, #2341, .F. ) ;
#768 = VECTOR ( 'NONE', #1930, 1000.000000000000000 ) ;
#769 = LINE ( 'NONE', #1611, #510 ) ;
#770 = FILL_AREA_STYLE ('',( #1812 ) ) ;
#771 = DIRECTION ( 'NONE',  ( 0.0000000000000000000, 0.0000000000000000000, 1.000000000000000000 ) ) ;
#772 = CARTESIAN_POINT ( 'NONE',  ( 4.572000000000000064, -5.207999999999999297, 0.1905000000000000027 ) ) ;
#773 = SURFACE_SIDE_STYLE ('',( #809 ) ) ;
#774 = UNCERTAINTY_MEASURE_WITH_UNIT (LENGTH_MEASURE( 1.000000000000000082E-05 ), #2640, 'distance_accuracy_value', 'NONE');
#775 = COLOUR_RGB ( '',0.8980392156862745390, 0.9215686274509803377, 0.9294117647058823817 ) ;
#776 = PRESENTATION_STYLE_ASSIGNMENT (( #1363 ) ) ;
#777 = LINE ( 'NONE', #1861, #524 ) ;
#778 = ORIENTED_EDGE ( 'NONE', *, *, #486, .F. ) ;
#779 = LINE ( 'NONE', #2650, #1544 ) ;
#780 = DIRECTION ( 'NONE',  ( -1.000000000000000000, 0.0000000000000000000, 0.0000000000000000000 ) ) ;
#781 = CARTESIAN_POINT ( 'NONE',  ( 1.652000000000000135, -5.587999999999999190, 0.1905000000000000027 ) ) ;
#782 = CYLINDRICAL_SURFACE ( 'NONE', #1275, 0.3799999999999983946 ) ;
#783 = MECHANICAL_DESIGN_GEOMETRIC_PRESENTATION_REPRESENTATION (  '', ( #1458 ), #2299 ) ;
#784 = LINE ( 'NONE', #1616, #370 ) ;
#785 = VERTEX_POINT ( 'NONE', #1121 ) ;
#786 = VECTOR ( 'NONE', #1541, 1000.000000000000000 ) ;
#787 = ADVANCED_FACE ( 'NONE', ( #2101 ), #1883, .F. ) ;
#788 = PRESENTATION_LAYER_ASSIGNMENT (  '', '', ( #1871 ) ) ;
#789 = VERTEX_POINT ( 'NONE', #1522 ) ;
#790 = VECTOR ( 'NONE', #2098, 1000.000000000000227 ) ;
#791 = SURFACE_STYLE_FILL_AREA ( #2034 ) ;
#792 = PRESENTATION_STYLE_ASSIGNMENT (( #581 ) ) ;
#793 = DIRECTION ( 'NONE',  ( 0.0000000000000000000, 1.000000000000000000, 0.0000000000000000000 ) ) ;
#794 = VECTOR ( 'NONE', #1415, 1000.000000000000000 ) ;
#795 = DIRECTION ( 'NONE',  ( -0.1218693434051487806, 0.0000000000000000000, 0.9925461516413218721 ) ) ;
#796 = CARTESIAN_POINT ( 'NONE',  ( 5.079999999999998295, 2.177422008883993865E-16, 0.1905000000000000027 ) ) ;
#797 = CARTESIAN_POINT ( 'NONE',  ( 0.0000000000000000000, 0.0000000000000000000, 0.1905000000000001414 ) ) ;
#798 = MECHANICAL_DESIGN_GEOMETRIC_PRESENTATION_REPRESENTATION (  '', ( #1965 ), #843 ) ;
#799 = FACE_OUTER_BOUND ( 'NONE', #2437, .T. ) ;
#800 = VERTEX_POINT ( 'NONE', #1307 ) ;
#801 = DIRECTION ( 'NONE',  ( 1.000000000000000000, -0.0000000000000000000, -0.0000000000000000000 ) ) ;
#802 = VERTEX_POINT ( 'NONE', #2130 ) ;
#803 =( GEOMETRIC_REPRESENTATION_CONTEXT ( 3 ) GLOBAL_UNCERTAINTY_ASSIGNED_CONTEXT ( ( #85 ) ) GLOBAL_UNIT_ASSIGNED_CONTEXT ( ( #1691, #694, #2522 ) ) REPRESENTATION_CONTEXT ( 'NONE', 'WORKASPACE' ) );
#804 = DIRECTION ( 'NONE',  ( 0.0000000000000000000, 0.0000000000000000000, 1.000000000000000000 ) ) ;
#805 = EDGE_CURVE ( 'NONE', #1689, #2612, #898, .T. ) ;
#806 =( NAMED_UNIT ( * ) PLANE_ANGLE_UNIT ( ) SI_UNIT ( $, .RADIAN. ) );
#807 = VECTOR ( 'NONE', #2471, 1000.000000000000000 ) ;
#808 = AXIS2_PLACEMENT_3D ( 'NONE', #1908, #1922, #911 ) ;
#809 = SURFACE_STYLE_FILL_AREA ( #1840 ) ;
#810 = PRESENTATION_LAYER_ASSIGNMENT (  '', '', ( #1981 ) ) ;
#811 =( GEOMETRIC_REPRESENTATION_CONTEXT ( 3 ) GLOBAL_UNCERTAINTY_ASSIGNED_CONTEXT ( ( #1698 ) ) GLOBAL_UNIT_ASSIGNED_CONTEXT ( ( #879, #866, #1714 ) ) REPRESENTATION_CONTEXT ( 'NONE', 'WORKASPACE' ) );
#812 = CARTESIAN_POINT ( 'NONE',  ( 2.151999999999999247, 1.452875049250767603, 1.270000000000000018 ) ) ;
#813 = CIRCLE ( 'NONE', #2068, 0.3800000000000001155 ) ;
#814 = ORIENTED_EDGE ( 'NONE', *, *, #992, .T. ) ;
#815 = VERTEX_POINT ( 'NONE', #1325 ) ;
#816 =( NAMED_UNIT ( * ) PLANE_ANGLE_UNIT ( ) SI_UNIT ( $, .RADIAN. ) );
#817 = ORIENTED_EDGE ( 'NONE', *, *, #184, .T. ) ;
#818 = FACE_OUTER_BOUND ( 'NONE', #914, .T. ) ;
#819 = ADVANCED_FACE ( 'NONE', ( #2146 ), #2356, .F. ) ;
#820 = CARTESIAN_POINT ( 'NONE',  ( 19.42999999999999972, -5.207999999999998408, -0.1905000000000000027 ) ) ;
#821 = DIRECTION ( 'NONE',  ( -1.000000000000000000, 0.0000000000000000000, 0.0000000000000000000 ) ) ;
#822 = EDGE_CURVE ( 'NONE', #226, #2452, #1034, .T. ) ;
#823 = ORIENTED_EDGE ( 'NONE', *, *, #2251, .F. ) ;
#824 = UNCERTAINTY_MEASURE_WITH_UNIT (LENGTH_MEASURE( 1.000000000000000082E-05 ), #2364, 'distance_accuracy_value', 'NONE');
#825 = LINE ( 'NONE', #2226, #807 ) ;
#826 = EDGE_LOOP ( 'NONE', ( #1257, #2091, #117, #840 ) ) ;
#827 = DIRECTION ( 'NONE',  ( 1.000000000000000000, 0.0000000000000000000, 0.0000000000000000000 ) ) ;
#828 = LINE ( 'NONE', #1703, #145 ) ;
#829 = CARTESIAN_POINT ( 'NONE',  ( 18.54199999999999804, -1.016000000000000014, 0.1905000000000000027 ) ) ;
#830 = PLANE ( 'NONE',  #2129 ) ;
#831 = DIRECTION ( 'NONE',  ( -0.0000000000000000000, -0.0000000000000000000, -1.000000000000000000 ) ) ;
#832 = CARTESIAN_POINT ( 'NONE',  ( 14.34999999999999964, -5.587999999999999190, 0.1905000000000000027 ) ) ;
#833 = EDGE_LOOP ( 'NONE', ( #114, #1282 ) ) ;
#834 = ADVANCED_FACE ( 'NONE', ( #1337 ), #1364, .F. ) ;
#835 = PRESENTATION_LAYER_ASSIGNMENT (  '', '', ( #1622 ) ) ;
#836 = CARTESIAN_POINT ( 'NONE',  ( 15.24000000000000021, -2.032879073410322355E-17, -0.1905000000000001414 ) ) ;
#837 = CARTESIAN_POINT ( 'NONE',  ( -4.336808689942021680E-15, 10.16000000000000192, 0.0000000000000000000 ) ) ;
#838 = CARTESIAN_POINT ( 'NONE',  ( 18.54199999999999804, 0.0000000000000000000, 0.1905000000000001414 ) ) ;
#839 = STYLED_ITEM ( 'NONE', ( #244 ), #2110 ) ;
#840 = ORIENTED_EDGE ( 'NONE', *, *, #853, .T. ) ;
#841 = SURFACE_SIDE_STYLE ('',( #2282 ) ) ;
#842 = ORIENTED_EDGE ( 'NONE', *, *, #2315, .F. ) ;
#843 =( GEOMETRIC_REPRESENTATION_CONTEXT ( 3 ) GLOBAL_UNCERTAINTY_ASSIGNED_CONTEXT ( ( #2013 ) ) GLOBAL_UNIT_ASSIGNED_CONTEXT ( ( #1342, #1742, #726 ) ) REPRESENTATION_CONTEXT ( 'NONE', 'WORKASPACE' ) );
#844 =( NAMED_UNIT ( * ) SI_UNIT ( $, .STERADIAN. ) SOLID_ANGLE_UNIT ( ) );
#845 = FACE_OUTER_BOUND ( 'NONE', #2286, .T. ) ;
#846 = DIRECTION ( 'NONE',  ( -0.0000000000000000000, -0.0000000000000000000, -1.000000000000000000 ) ) ;
#847 = VECTOR ( 'NONE', #1656, 1000.000000000000000 ) ;
#848 = VERTEX_POINT ( 'NONE', #1377 ) ;
#849 = CARTESIAN_POINT ( 'NONE',  ( 5.079999999999998295, 0.0000000000000000000, 0.1905000000000001414 ) ) ;
#850 = EDGE_LOOP ( 'NONE', ( #1634, #1027, #1096, #734, #21 ) ) ;
#851 = UNCERTAINTY_MEASURE_WITH_UNIT (LENGTH_MEASURE( 1.000000000000000082E-05 ), #2089, 'distance_accuracy_value', 'NONE');
#852 = VECTOR ( 'NONE', #478, 1000.000000000000000 ) ;
#853 = EDGE_CURVE ( 'NONE', #463, #110, #1133, .T. ) ;
#854 = DIRECTION ( 'NONE',  ( -4.268512490100413867E-16, 1.000000000000000000, 0.0000000000000000000 ) ) ;
#855 = ORIENTED_EDGE ( 'NONE', *, *, #2229, .T. ) ;
#856 = AXIS2_PLACEMENT_3D ( 'NONE', #123, #902, #2360 ) ;
#857 = SURFACE_SIDE_STYLE ('',( #1729 ) ) ;
#858 = STYLED_ITEM ( 'NONE', ( #170 ), #642 ) ;
#859 = LINE ( 'NONE', #1297, #1277 ) ;
#860 = FACE_OUTER_BOUND ( 'NONE', #1699, .T. ) ;
#861 = ORIENTED_EDGE ( 'NONE', *, *, #2355, .T. ) ;
#862 = DIRECTION ( 'NONE',  ( 0.0000000000000000000, -1.000000000000000000, 0.0000000000000000000 ) ) ;
#863 = DIRECTION ( 'NONE',  ( 1.000000000000000000, 0.0000000000000000000, 0.0000000000000000000 ) ) ;
#864 = FILL_AREA_STYLE ('',( #1895 ) ) ;
#865 = ORIENTED_EDGE ( 'NONE', *, *, #578, .F. ) ;
#866 =( NAMED_UNIT ( * ) PLANE_ANGLE_UNIT ( ) SI_UNIT ( $, .RADIAN. ) );
#867 = EDGE_CURVE ( 'NONE', #1237, #468, #1951, .T. ) ;
#868 = STYLED_ITEM ( 'NONE', ( #425 ), #2295 ) ;
#869 = LINE ( 'NONE', #1088, #1472 ) ;
#870 = EDGE_LOOP ( 'NONE', ( #317, #1044, #238, #1848, #1471, #1085, #2073, #1233, #1609, #297, #212, #450 ) ) ;
#871 = CARTESIAN_POINT ( 'NONE',  ( 2.032000000000000028, -5.207999999999999297, -0.1905000000000000027 ) ) ;
#872 = DIRECTION ( 'NONE',  ( -0.0000000000000000000, 0.0000000000000000000, -1.000000000000000000 ) ) ;
#873 = UNCERTAINTY_MEASURE_WITH_UNIT (LENGTH_MEASURE( 1.000000000000000082E-05 ), #389, 'distance_accuracy_value', 'NONE');
#874 = PRESENTATION_LAYER_ASSIGNMENT (  '', '', ( #1453 ) ) ;
#875 = SURFACE_STYLE_FILL_AREA ( #643 ) ;
#876 = ORIENTED_EDGE ( 'NONE', *, *, #341, .T. ) ;
#877 = CIRCLE ( 'NONE', #438, 0.3799999999999998934 ) ;
#878 = DIRECTION ( 'NONE',  ( 0.0000000000000000000, 0.0000000000000000000, 1.000000000000000000 ) ) ;
#879 =( LENGTH_UNIT ( ) NAMED_UNIT ( * ) SI_UNIT ( .MILLI., .METRE. ) );
#880 = DIRECTION ( 'NONE',  ( -1.000000000000000000, 0.0000000000000000000, 0.0000000000000000000 ) ) ;
#881 = VERTEX_POINT ( 'NONE', #1968 ) ;
#882 = EDGE_CURVE ( 'NONE', #1779, #2293, #391, .T. ) ;
#883 = DIRECTION ( 'NONE',  ( 1.000000000000000000, 0.0000000000000000000, 0.0000000000000000000 ) ) ;
#884 = CARTESIAN_POINT ( 'NONE',  ( 13.97000000000000064, -5.587999999999999190, 0.1905000000000000027 ) ) ;
#885 = DIRECTION ( 'NONE',  ( 1.000000000000000000, 0.0000000000000000000, 0.0000000000000000000 ) ) ;
#886 = ORIENTED_EDGE ( 'NONE', *, *, #2217, .T. ) ;
#887 = PLANE ( 'NONE',  #1891 ) ;
#888 = AXIS2_PLACEMENT_3D ( 'NONE', #966, #1389, #1791 ) ;
#889 = FACE_OUTER_BOUND ( 'NONE', #481, .T. ) ;
#890 = DIRECTION ( 'NONE',  ( 0.0000000000000000000, 0.0000000000000000000, 1.000000000000000000 ) ) ;
#891 =( NAMED_UNIT ( * ) PLANE_ANGLE_UNIT ( ) SI_UNIT ( $, .RADIAN. ) );
#892 = VECTOR ( 'NONE', #53, 1000.000000000000000 ) ;
#893 = DIRECTION ( 'NONE',  ( -0.0000000000000000000, -0.0000000000000000000, 1.000000000000000000 ) ) ;
#894 = COLOUR_RGB ( '',0.8980392156862745390, 0.9215686274509803377, 0.9294117647058823817 ) ;
#895 = EDGE_LOOP ( 'NONE', ( #2186, #275, #763, #1510 ) ) ;
#896 = VECTOR ( 'NONE', #420, 1000.000000000000114 ) ;
#897 = SURFACE_STYLE_USAGE ( .BOTH. , #2037 ) ;
#898 = LINE ( 'NONE', #1102, #367 ) ;
#899 = CARTESIAN_POINT ( 'NONE',  ( 14.34999999999999964, -5.207999999999999297, 0.1905000000000000027 ) ) ;
#900 = EDGE_LOOP ( 'NONE', ( #1053, #1036, #637, #154 ) ) ;
#901 = VECTOR ( 'NONE', #2590, 1000.000000000000000 ) ;
#902 = DIRECTION ( 'NONE',  ( 1.000000000000000000, 0.0000000000000000000, -0.0000000000000000000 ) ) ;
#903 = CARTESIAN_POINT ( 'NONE',  ( 3.301999999999998714, 0.0000000000000000000, 0.1905000000000000027 ) ) ;
#904 = FACE_OUTER_BOUND ( 'NONE', #87, .T. ) ;
#905 = EDGE_CURVE ( 'NONE', #460, #2103, #958, .T. ) ;
#906 = DIRECTION ( 'NONE',  ( 0.0000000000000000000, -0.0000000000000000000, 1.000000000000000000 ) ) ;
#907 = CARTESIAN_POINT ( 'NONE',  ( 2.031999999999999140, -1.016000000000000014, 0.1905000000000000027 ) ) ;
#908 = CARTESIAN_POINT ( 'NONE',  ( 14.34999999999999964, -5.587999999999999190, -0.1905000000000000027 ) ) ;
#909 = EDGE_CURVE ( 'NONE', #1546, #10, #1575, .T. ) ;
#910 = EDGE_LOOP ( 'NONE', ( #1738, #687, #2466, #168 ) ) ;
#911 = DIRECTION ( 'NONE',  ( 0.0000000000000000000, -0.0000000000000000000, 1.000000000000000000 ) ) ;
#912 = PLANE ( 'NONE',  #375 ) ;
#913 = CARTESIAN_POINT ( 'NONE',  ( 4.572000000000000064, -5.587999999999999190, 0.1905000000000000027 ) ) ;
#914 = EDGE_LOOP ( 'NONE', ( #767, #613, #1343, #393 ) ) ;
#915 = CARTESIAN_POINT ( 'NONE',  ( 1.151999999999999025, 1.452875049250767603, 1.651000000000000023 ) ) ;
#916 = FILL_AREA_STYLE ('',( #2570 ) ) ;
#917 = PRESENTATION_STYLE_ASSIGNMENT (( #146 ) ) ;
#918 = PRESENTATION_STYLE_ASSIGNMENT (( #548 ) ) ;
#919 = DIRECTION ( 'NONE',  ( 0.0000000000000000000, 1.000000000000000000, 0.0000000000000000000 ) ) ;
#920 =( NAMED_UNIT ( * ) PLANE_ANGLE_UNIT ( ) SI_UNIT ( $, .RADIAN. ) );
#921 = SURFACE_SIDE_STYLE ('',( #2592 ) ) ;
#922 =( GEOMETRIC_REPRESENTATION_CONTEXT ( 3 ) GLOBAL_UNCERTAINTY_ASSIGNED_CONTEXT ( ( #2340 ) ) GLOBAL_UNIT_ASSIGNED_CONTEXT ( ( #1806, #1348, #2580 ) ) REPRESENTATION_CONTEXT ( 'NONE', 'WORKASPACE' ) );
#923 = EDGE_CURVE ( 'NONE', #2635, #815, #1817, .T. ) ;
#924 = ORIENTED_EDGE ( 'NONE', *, *, #1142, .T. ) ;
#925 = VECTOR ( 'NONE', #229, 1000.000000000000000 ) ;
#926 = LINE ( 'NONE', #390, #1743 ) ;
#927 = DIRECTION ( 'NONE',  ( -0.0000000000000000000, -0.0000000000000000000, -1.000000000000000000 ) ) ;
#928 = PRESENTATION_STYLE_ASSIGNMENT (( #1533 ) ) ;
#929 = ORIENTED_EDGE ( 'NONE', *, *, #2232, .F. ) ;
#930 = PRESENTATION_LAYER_ASSIGNMENT (  '', '', ( #839 ) ) ;
#931 = PRESENTATION_LAYER_ASSIGNMENT (  '', '', ( #1965 ) ) ;
#932 = FACE_OUTER_BOUND ( 'NONE', #1240, .T. ) ;
#933 =( NAMED_UNIT ( * ) PLANE_ANGLE_UNIT ( ) SI_UNIT ( $, .RADIAN. ) );
#934 = DIRECTION ( 'NONE',  ( -1.000000000000000000, 0.0000000000000000000, 0.0000000000000000000 ) ) ;
#935 = SURFACE_SIDE_STYLE ('',( #1332 ) ) ;
#936 = LINE ( 'NONE', #730, #1534 ) ;
#937 = DIRECTION ( 'NONE',  ( 0.0000000000000000000, 1.000000000000000000, 0.0000000000000000000 ) ) ;
#938 = VERTEX_POINT ( 'NONE', #1242 ) ;
#939 = AXIS2_PLACEMENT_3D ( 'NONE', #1188, #1561, #2190 ) ;
#940 = ORIENTED_EDGE ( 'NONE', *, *, #1635, .F. ) ;
#941 = PRESENTATION_LAYER_ASSIGNMENT (  '', '', ( #279 ) ) ;
#942 = EDGE_CURVE ( 'NONE', #2535, #2370, #2242, .T. ) ;
#943 = LINE ( 'NONE', #140, #618 ) ;
#944 = SURFACE_STYLE_FILL_AREA ( #1781 ) ;
#945 =( NAMED_UNIT ( * ) PLANE_ANGLE_UNIT ( ) SI_UNIT ( $, .RADIAN. ) );
#946 = EDGE_LOOP ( 'NONE', ( #77, #2602, #2588, #1165, #1858 ) ) ;
#947 = AXIS2_PLACEMENT_3D ( 'NONE', #1025, #30, #1819 ) ;
#948 = PRESENTATION_STYLE_ASSIGNMENT (( #156 ) ) ;
#949 = VECTOR ( 'NONE', #699, 1000.000000000000000 ) ;
#950 = CARTESIAN_POINT ( 'NONE',  ( 14.34999999999999964, -5.207999999999999297, 0.1905000000000000027 ) ) ;
#951 = VECTOR ( 'NONE', #2000, 1000.000000000000000 ) ;
#952 = FILL_AREA_STYLE_COLOUR ( '', #1070 ) ;
#953 = FILL_AREA_STYLE ('',( #1113 ) ) ;
#954 = PRESENTATION_STYLE_ASSIGNMENT (( #539 ) ) ;
#955 =( GEOMETRIC_REPRESENTATION_CONTEXT ( 3 ) GLOBAL_UNCERTAINTY_ASSIGNED_CONTEXT ( ( #1068 ) ) GLOBAL_UNIT_ASSIGNED_CONTEXT ( ( #2244, #406, #844 ) ) REPRESENTATION_CONTEXT ( 'NONE', 'WORKASPACE' ) );
#956 = ORIENTED_EDGE ( 'NONE', *, *, #1042, .F. ) ;
#957 = FACE_OUTER_BOUND ( 'NONE', #1119, .T. ) ;
#958 = LINE ( 'NONE', #2596, #1024 ) ;
#959 = VERTEX_POINT ( 'NONE', #1462 ) ;
#960 = SURFACE_SIDE_STYLE ('',( #2150 ) ) ;
#961 = EDGE_CURVE ( 'NONE', #110, #733, #1424, .T. ) ;
#962 = SURFACE_SIDE_STYLE ('',( #1109 ) ) ;
#963 = ORIENTED_EDGE ( 'NONE', *, *, #980, .T. ) ;
#964 = CARTESIAN_POINT ( 'NONE',  ( 2.032000000000000028, -5.587999999999999190, 0.1905000000000000027 ) ) ;
#965 = SURFACE_STYLE_FILL_AREA ( #1977 ) ;
#966 = CARTESIAN_POINT ( 'NONE',  ( 0.3263571640330736878, 10.16000000000000192, -2.657965803136704608 ) ) ;
#967 =( GEOMETRIC_REPRESENTATION_CONTEXT ( 3 ) GLOBAL_UNCERTAINTY_ASSIGNED_CONTEXT ( ( #1319 ) ) GLOBAL_UNIT_ASSIGNED_CONTEXT ( ( #1163, #968, #2214 ) ) REPRESENTATION_CONTEXT ( 'NONE', 'WORKASPACE' ) );
#968 =( NAMED_UNIT ( * ) PLANE_ANGLE_UNIT ( ) SI_UNIT ( $, .RADIAN. ) );
#969 = ORIENTED_EDGE ( 'NONE', *, *, #88, .T. ) ;
#970 = AXIS2_PLACEMENT_3D ( 'NONE', #605, #1811, #972 ) ;
#971 = FILL_AREA_STYLE_COLOUR ( '', #994 ) ;
#972 = DIRECTION ( 'NONE',  ( -7.588466649067402759E-16, -1.000000000000000000, 0.0000000000000000000 ) ) ;
#973 = PRODUCT_CONTEXT ( 'NONE', #1948, 'mechanical' ) ;
#974 = FACE_OUTER_BOUND ( 'NONE', #32, .T. ) ;
#975 = STYLED_ITEM ( 'NONE', ( #928 ), #2189 ) ;
#976 = EDGE_CURVE ( 'NONE', #1680, #2126, #2075, .T. ) ;
#977 = LINE ( 'NONE', #772, #1565 ) ;
#978 = DIRECTION ( 'NONE',  ( -1.000000000000000000, 0.0000000000000000000, 0.0000000000000000000 ) ) ;
#979 = CARTESIAN_POINT ( 'NONE',  ( 0.7619999999999987894, -1.685188701338831371E-31, -0.1905000000000000027 ) ) ;
#980 = EDGE_CURVE ( 'NONE', #2539, #1286, #252, .T. ) ;
#981 = EDGE_CURVE ( 'NONE', #226, #2294, #214, .T. ) ;
#982 = ORIENTED_EDGE ( 'NONE', *, *, #1086, .F. ) ;
#983 = DIRECTION ( 'NONE',  ( 1.000000000000000000, -0.0000000000000000000, -0.0000000000000000000 ) ) ;
#984 =( NAMED_UNIT ( * ) PLANE_ANGLE_UNIT ( ) SI_UNIT ( $, .RADIAN. ) );
#985 = VECTOR ( 'NONE', #1374, 1000.000000000000000 ) ;
#986 = ORIENTED_EDGE ( 'NONE', *, *, #1290, .F. ) ;
#987 = SURFACE_SIDE_STYLE ('',( #535 ) ) ;
#988 = CYLINDRICAL_SURFACE ( 'NONE', #1408, 0.3799999999999998934 ) ;
#989 = LINE ( 'NONE', #1, #896 ) ;
#990 = COLOUR_RGB ( '',0.8980392156862745390, 0.9215686274509803377, 0.9294117647058823817 ) ;
#991 = CARTESIAN_POINT ( 'NONE',  ( 20.32000000000000028, -1.015999999999999792, 0.1905000000000000027 ) ) ;
#992 = EDGE_CURVE ( 'NONE', #1437, #802, #1807, .T. ) ;
#993 = PRESENTATION_LAYER_ASSIGNMENT (  '', '', ( #1521 ) ) ;
#994 = COLOUR_RGB ( '',0.8980392156862745390, 0.9215686274509803377, 0.9294117647058823817 ) ;
#995 = CARTESIAN_POINT ( 'NONE',  ( 15.24000000000000021, -1.545065925005155253E-17, -0.1905000000000000027 ) ) ;
#996 = EDGE_CURVE ( 'NONE', #1563, #2396, #777, .T. ) ;
#997 = UNCERTAINTY_MEASURE_WITH_UNIT (LENGTH_MEASURE( 1.000000000000000082E-05 ), #2541, 'distance_accuracy_value', 'NONE');
#998 = CARTESIAN_POINT ( 'NONE',  ( 19.04999999999999716, -1.016000000000000014, 0.1905000000000000027 ) ) ;
#999 = FILL_AREA_STYLE_COLOUR ( '', #2346 ) ;
#1000 = CARTESIAN_POINT ( 'NONE',  ( 20.32000000000000028, -1.545065925005135840E-17, 0.1905000000000000027 ) ) ;
#1001 = ORIENTED_EDGE ( 'NONE', *, *, #1771, .F. ) ;
#1002 = CARTESIAN_POINT ( 'NONE',  ( 4.189999999999999503, -5.207999999999999297, 0.1905000000000000027 ) ) ;
#1003 = CARTESIAN_POINT ( 'NONE',  ( 15.24000000000000021, -1.015999999999999792, -0.1905000000000000027 ) ) ;
#1004 = FILL_AREA_STYLE ('',( #1015 ) ) ;
#1005 =( NAMED_UNIT ( * ) PLANE_ANGLE_UNIT ( ) SI_UNIT ( $, .RADIAN. ) );
#1006 = DIRECTION ( 'NONE',  ( 0.0000000000000000000, 0.0000000000000000000, -1.000000000000000000 ) ) ;
#1007 = VERTEX_POINT ( 'NONE', #1645 ) ;
#1008 = VECTOR ( 'NONE', #8, 1000.000000000000000 ) ;
#1009 = EDGE_CURVE ( 'NONE', #2103, #938, #1608, .T. ) ;
#1010 = DIRECTION ( 'NONE',  ( 0.0000000000000000000, -0.0000000000000000000, 1.000000000000000000 ) ) ;
#1011 = DIRECTION ( 'NONE',  ( -1.897116662266849457E-16, 1.000000000000000000, 0.0000000000000000000 ) ) ;
#1012 = ORIENTED_EDGE ( 'NONE', *, *, #1225, .T. ) ;
#1013 = COLOUR_RGB ( '',0.5019607843137254832, 0.5019607843137254832, 0.5019607843137254832 ) ;
#1014 = PLANE ( 'NONE',  #1750 ) ;
#1015 = FILL_AREA_STYLE_COLOUR ( '', #2414 ) ;
#1016 = PRESENTATION_LAYER_ASSIGNMENT (  '', '', ( #99 ) ) ;
#1017 = FACE_OUTER_BOUND ( 'NONE', #437, .T. ) ;
#1018 = PRESENTATION_LAYER_ASSIGNMENT (  '', '', ( #665 ) ) ;
#1019 = DIRECTION ( 'NONE',  ( 1.000000000000000000, 0.0000000000000000000, 0.0000000000000000000 ) ) ;
#1020 = ORIENTED_EDGE ( 'NONE', *, *, #2467, .T. ) ;
#1021 = PRESENTATION_STYLE_ASSIGNMENT (( #416 ) ) ;
#1022 = ORIENTED_EDGE ( 'NONE', *, *, #1023, .T. ) ;
#1023 = EDGE_CURVE ( 'NONE', #2126, #1524, #2426, .T. ) ;
#1024 = VECTOR ( 'NONE', #736, 1000.000000000000000 ) ;
#1025 = CARTESIAN_POINT ( 'NONE',  ( 19.04999999999999716, -1.016000000000000014, 0.1905000000000000027 ) ) ;
#1026 = DIRECTION ( 'NONE',  ( 1.000000000000000000, 0.0000000000000000000, 0.0000000000000000000 ) ) ;
#1027 = ORIENTED_EDGE ( 'NONE', *, *, #2562, .T. ) ;
#1028 = FACE_OUTER_BOUND ( 'NONE', #850, .T. ) ;
#1029 = EDGE_CURVE ( 'NONE', #468, #1950, #2457, .T. ) ;
#1030 = FILL_AREA_STYLE_COLOUR ( '', #775 ) ;
#1031 = VECTOR ( 'NONE', #2352, 1000.000000000000000 ) ;
#1032 = ORIENTED_EDGE ( 'NONE', *, *, #1023, .F. ) ;
#1033 = AXIS2_PLACEMENT_3D ( 'NONE', #950, #1944, #135 ) ;
#1034 = CIRCLE ( 'NONE', #1631, 0.3800000000000001155 ) ;
#1035 = VECTOR ( 'NONE', #1301, 1000.000000000000000 ) ;
#1036 = ORIENTED_EDGE ( 'NONE', *, *, #365, .T. ) ;
#1037 = CARTESIAN_POINT ( 'NONE',  ( 5.079999999999998295, 2.177422008883993865E-16, 0.1905000000000000027 ) ) ;
#1038 = AXIS2_PLACEMENT_3D ( 'NONE', #2496, #253, #1438 ) ;
#1039 = FACE_OUTER_BOUND ( 'NONE', #251, .T. ) ;
#1040 = SURFACE_SIDE_STYLE ('',( #632 ) ) ;
#1041 = VERTEX_POINT ( 'NONE', #40 ) ;
#1042 = EDGE_CURVE ( 'NONE', #2115, #1630, #825, .T. ) ;
#1043 = LINE ( 'NONE', #1468, #1810 ) ;
#1044 = ORIENTED_EDGE ( 'NONE', *, *, #486, .T. ) ;
#1045 = UNCERTAINTY_MEASURE_WITH_UNIT (LENGTH_MEASURE( 1.000000000000000082E-05 ), #1501, 'distance_accuracy_value', 'NONE');
#1046 = PLANE ( 'NONE',  #1615 ) ;
#1047 = VERTEX_POINT ( 'NONE', #404 ) ;
#1048 = ORIENTED_EDGE ( 'NONE', *, *, #1054, .F. ) ;
#1049 = DIRECTION ( 'NONE',  ( 0.0000000000000000000, -0.0000000000000000000, 1.000000000000000000 ) ) ;
#1050 = VERTEX_POINT ( 'NONE', #1655 ) ;
#1051 = DIRECTION ( 'NONE',  ( -0.0000000000000000000, -0.0000000000000000000, -1.000000000000000000 ) ) ;
#1052 = PLANE ( 'NONE',  #1918 ) ;
#1053 = ORIENTED_EDGE ( 'NONE', *, *, #2229, .F. ) ;
#1054 = EDGE_CURVE ( 'NONE', #460, #1260, #601, .T. ) ;
#1055 =( GEOMETRIC_REPRESENTATION_CONTEXT ( 3 ) GLOBAL_UNCERTAINTY_ASSIGNED_CONTEXT ( ( #1402 ) ) GLOBAL_UNIT_ASSIGNED_CONTEXT ( ( #1341, #933, #1169 ) ) REPRESENTATION_CONTEXT ( 'NONE', 'WORKASPACE' ) );
#1056 =( LENGTH_UNIT ( ) NAMED_UNIT ( * ) SI_UNIT ( .MILLI., .METRE. ) );
#1057 = ORIENTED_EDGE ( 'NONE', *, *, #1801, .T. ) ;
#1058 = VERTEX_POINT ( 'NONE', #202 ) ;
#1059 = SURFACE_STYLE_FILL_AREA ( #1074 ) ;
#1060 = FILL_AREA_STYLE_COLOUR ( '', #2184 ) ;
#1061 = SURFACE_STYLE_USAGE ( .BOTH. , #514 ) ;
#1062 = LINE ( 'NONE', #1866, #2524 ) ;
#1063 = VERTEX_POINT ( 'NONE', #1436 ) ;
#1064 = PRODUCT_DEFINITION ( 'UNKNOWN', '', #272, #347 ) ;
#1065 = DIRECTION ( 'NONE',  ( 1.000000000000000000, 0.0000000000000000000, 0.0000000000000000000 ) ) ;
#1066 = PLANE ( 'NONE',  #1489 ) ;
#1067 = PLANE ( 'NONE',  #888 ) ;
#1068 = UNCERTAINTY_MEASURE_WITH_UNIT (LENGTH_MEASURE( 1.000000000000000082E-05 ), #2244, 'distance_accuracy_value', 'NONE');
#1069 = PRESENTATION_LAYER_ASSIGNMENT (  '', '', ( #2241 ) ) ;
#1070 = COLOUR_RGB ( '',0.8980392156862745390, 0.9215686274509803377, 0.9294117647058823817 ) ;
#1071 =( NAMED_UNIT ( * ) SI_UNIT ( $, .STERADIAN. ) SOLID_ANGLE_UNIT ( ) );
#1072 = ADVANCED_FACE ( 'NONE', ( #429 ), #225, .T. ) ;
#1073 = ORIENTED_EDGE ( 'NONE', *, *, #992, .F. ) ;
#1074 = FILL_AREA_STYLE ('',( #1736 ) ) ;
#1075 = SURFACE_STYLE_FILL_AREA ( #2306 ) ;
#1076 = ORIENTED_EDGE ( 'NONE', *, *, #1042, .T. ) ;
#1077 = DIRECTION ( 'NONE',  ( -4.268512490100399076E-16, 1.000000000000000000, 0.0000000000000000000 ) ) ;
#1078 = EDGE_LOOP ( 'NONE', ( #940, #1156, #1488, #1646 ) ) ;
#1079 = CARTESIAN_POINT ( 'NONE',  ( 2.032000000000000028, -5.207999999999999297, 0.1905000000000000027 ) ) ;
#1080 = CARTESIAN_POINT ( 'NONE',  ( 14.73200000000000109, -5.587999999999999190, 0.1905000000000000027 ) ) ;
#1081 = ORIENTED_EDGE ( 'NONE', *, *, #452, .F. ) ;
#1082 = EDGE_CURVE ( 'NONE', #1654, #10, #198, .T. ) ;
#1083 = CARTESIAN_POINT ( 'NONE',  ( 1.269999999999998685, -1.016000000000000014, -0.1905000000000000027 ) ) ;
#1084 = CARTESIAN_POINT ( 'NONE',  ( 0.7619999999999989004, -1.016000000000000014, 0.1905000000000000027 ) ) ;
#1085 = ORIENTED_EDGE ( 'NONE', *, *, #1082, .T. ) ;
#1086 = EDGE_CURVE ( 'NONE', #1692, #848, #784, .T. ) ;
#1087 = MECHANICAL_DESIGN_GEOMETRIC_PRESENTATION_REPRESENTATION (  '', ( #868 ), #430 ) ;
#1088 = CARTESIAN_POINT ( 'NONE',  ( 5.079999999999998295, -1.015999999999999792, 0.1905000000000000027 ) ) ;
#1089 = CARTESIAN_POINT ( 'NONE',  ( 3.809999999999999165, -5.207999999999999297, -0.1905000000000000027 ) ) ;
#1090 = CARTESIAN_POINT ( 'NONE',  ( 14.35200000000000031, -5.207999999999999297, 0.1905000000000000027 ) ) ;
#1091 = ORIENTED_EDGE ( 'NONE', *, *, #1178, .T. ) ;
#1092 = VECTOR ( 'NONE', #1376, 1000.000000000000000 ) ;
#1093 = VECTOR ( 'NONE', #2446, 1000.000000000000000 ) ;
#1094 = LINE ( 'NONE', #2169, #283 ) ;
#1095 = SURFACE_SIDE_STYLE ('',( #1722 ) ) ;
#1096 = ORIENTED_EDGE ( 'NONE', *, *, #482, .T. ) ;
#1097 = COLOUR_RGB ( '',0.8980392156862745390, 0.9215686274509803377, 0.9294117647058823817 ) ;
#1098 = LINE ( 'NONE', #2328, #790 ) ;
#1099 = VERTEX_POINT ( 'NONE', #1682 ) ;
#1100 = COLOUR_RGB ( '',0.8980392156862745390, 0.9215686274509803377, 0.9294117647058823817 ) ;
#1101 = VECTOR ( 'NONE', #1952, 1000.000000000000000 ) ;
#1102 = CARTESIAN_POINT ( 'NONE',  ( 3.809999999999998277, -1.016000000000000014, -0.1905000000000000027 ) ) ;
#1103 = DIRECTION ( 'NONE',  ( 0.0000000000000000000, 0.9925461516413229823, -0.1218693434051406344 ) ) ;
#1104 = ORIENTED_EDGE ( 'NONE', *, *, #2030, .F. ) ;
#1105 = EDGE_CURVE ( 'NONE', #1286, #1237, #2095, .T. ) ;
#1106 = DIRECTION ( 'NONE',  ( 0.0000000000000000000, 0.0000000000000000000, 1.000000000000000000 ) ) ;
#1107 = LINE ( 'NONE', #903, #2224 ) ;
#1108 = EDGE_CURVE ( 'NONE', #266, #2539, #1482, .T. ) ;
#1109 = SURFACE_STYLE_FILL_AREA ( #1972 ) ;
#1110 =( NAMED_UNIT ( * ) SI_UNIT ( $, .STERADIAN. ) SOLID_ANGLE_UNIT ( ) );
#1111 = CARTESIAN_POINT ( 'NONE',  ( 4.189999999999999503, -5.207999999999999297, -0.1905000000000000027 ) ) ;
#1112 = PRESENTATION_LAYER_ASSIGNMENT (  '', '', ( #1285 ) ) ;
#1113 = FILL_AREA_STYLE_COLOUR ( '', #1187 ) ;
#1114 = CARTESIAN_POINT ( 'NONE',  ( 2.539999999999998703, 2.177422008883991893E-16, 0.1905000000000000027 ) ) ;
#1115 = CARTESIAN_POINT ( 'NONE',  ( 0.1997505869943864143, 9.960249413005621832, -1.626837979673586121 ) ) ;
#1116 = STYLED_ITEM ( 'NONE', ( #2474 ), #1431 ) ;
#1117 = SURFACE_STYLE_FILL_AREA ( #676 ) ;
#1118 = VECTOR ( 'NONE', #231, 1000.000000000000000 ) ;
#1119 = EDGE_LOOP ( 'NONE', ( #2099, #2560, #1797, #1659 ) ) ;
#1120 = PRESENTATION_LAYER_ASSIGNMENT (  '', '', ( #126 ) ) ;
#1121 = CARTESIAN_POINT ( 'NONE',  ( 0.7619999999999989004, -1.016000000000000014, 0.1905000000000000027 ) ) ;
#1122 = LINE ( 'NONE', #913, #1239 ) ;
#1123 = ORIENTED_EDGE ( 'NONE', *, *, #1230, .F. ) ;
#1124 = CIRCLE ( 'NONE', #1728, 0.3799999999999983946 ) ;
#1125 = CIRCLE ( 'NONE', #1475, 0.3800000000000001155 ) ;
#1126 = DIRECTION ( 'NONE',  ( 3.794233324533699408E-16, -1.000000000000000000, 0.0000000000000000000 ) ) ;
#1127 = LINE ( 'NONE', #1137, #1195 ) ;
#1128 = EDGE_LOOP ( 'NONE', ( #2085, #738, #1862, #712 ) ) ;
#1129 = EDGE_CURVE ( 'NONE', #609, #2472, #718, .T. ) ;
#1130 = DIRECTION ( 'NONE',  ( 1.000000000000000000, 0.0000000000000000000, 0.0000000000000000000 ) ) ;
#1131 = CARTESIAN_POINT ( 'NONE',  ( 1.652000000000000135, -5.587999999999999190, 0.1905000000000000027 ) ) ;
#1132 = ORIENTED_EDGE ( 'NONE', *, *, #452, .T. ) ;
#1133 = LINE ( 'NONE', #366, #1888 ) ;
#1134 = FACE_OUTER_BOUND ( 'NONE', #2563, .T. ) ;
#1135 = DIRECTION ( 'NONE',  ( 0.0000000000000000000, -0.0000000000000000000, 1.000000000000000000 ) ) ;
#1136 = CARTESIAN_POINT ( 'NONE',  ( 13.97000000000000064, -5.587999999999999190, -0.1905000000000000027 ) ) ;
#1137 = CARTESIAN_POINT ( 'NONE',  ( 0.0000000000000000000, 0.0000000000000000000, 0.1905000000000001414 ) ) ;
#1138 = VERTEX_POINT ( 'NONE', #1892 ) ;
#1139 =( LENGTH_UNIT ( ) NAMED_UNIT ( * ) SI_UNIT ( .MILLI., .METRE. ) );
#1140 = DIRECTION ( 'NONE',  ( 0.0000000000000000000, 0.0000000000000000000, 1.000000000000000000 ) ) ;
#1141 = ORIENTED_EDGE ( 'NONE', *, *, #1443, .T. ) ;
#1142 = EDGE_CURVE ( 'NONE', #1779, #2178, #82, .T. ) ;
#1143 = STYLED_ITEM ( 'NONE', ( #1593 ), #1638 ) ;
#1144 = SURFACE_SIDE_STYLE ('',( #2402 ) ) ;
#1145 = FILL_AREA_STYLE_COLOUR ( '', #2201 ) ;
#1146 = CARTESIAN_POINT ( 'NONE',  ( 1.651999999999999247, 1.452875049250767603, 1.270000000000000018 ) ) ;
#1147 = VERTEX_POINT ( 'NONE', #2598 ) ;
#1148 = MECHANICAL_DESIGN_GEOMETRIC_PRESENTATION_REPRESENTATION (  '', ( #665 ), #310 ) ;
#1149 = DIRECTION ( 'NONE',  ( 1.000000000000000000, 0.0000000000000000000, 0.0000000000000000000 ) ) ;
#1150 = DIRECTION ( 'NONE',  ( 0.0000000000000000000, 1.000000000000000000, 0.0000000000000000000 ) ) ;
#1151 = DIRECTION ( 'NONE',  ( 0.0000000000000000000, 0.0000000000000000000, 1.000000000000000000 ) ) ;
#1152 = DIRECTION ( 'NONE',  ( -0.0000000000000000000, 0.0000000000000000000, -1.000000000000000000 ) ) ;
#1153 = FILL_AREA_STYLE_COLOUR ( '', #523 ) ;
#1154 =( NAMED_UNIT ( * ) SI_UNIT ( $, .STERADIAN. ) SOLID_ANGLE_UNIT ( ) );
#1155 = CARTESIAN_POINT ( 'NONE',  ( 19.05000000000000071, -5.587999999999998302, 0.1905000000000000027 ) ) ;
#1156 = ORIENTED_EDGE ( 'NONE', *, *, #1775, .T. ) ;
#1157 = UNCERTAINTY_MEASURE_WITH_UNIT (LENGTH_MEASURE( 1.000000000000000082E-05 ), #1378, 'distance_accuracy_value', 'NONE');
#1158 = STYLED_ITEM ( 'NONE', ( #2621 ), #834 ) ;
#1159 = EDGE_CURVE ( 'NONE', #1643, #959, #766, .T. ) ;
#1160 = CARTESIAN_POINT ( 'NONE',  ( 0.2027173100506964587, 8.653013699109559734E-17, -1.651000000000000023 ) ) ;
#1161 = EDGE_CURVE ( 'NONE', #1867, #692, #1256, .T. ) ;
#1162 = VECTOR ( 'NONE', #1324, 1000.000000000000000 ) ;
#1163 =( LENGTH_UNIT ( ) NAMED_UNIT ( * ) SI_UNIT ( .MILLI., .METRE. ) );
#1164 = CARTESIAN_POINT ( 'NONE',  ( 3.301999999999998714, -1.016000000000000014, 0.1905000000000000027 ) ) ;
#1165 = ORIENTED_EDGE ( 'NONE', *, *, #942, .F. ) ;
#1166 = MECHANICAL_DESIGN_GEOMETRIC_PRESENTATION_REPRESENTATION (  '', ( #1981 ), #239 ) ;
#1167 = COLOUR_RGB ( '',0.5019607843137254832, 0.5019607843137254832, 0.5019607843137254832 ) ;
#1168 = SURFACE_SIDE_STYLE ('',( #580 ) ) ;
#1169 =( NAMED_UNIT ( * ) SI_UNIT ( $, .STERADIAN. ) SOLID_ANGLE_UNIT ( ) );
#1170 = LINE ( 'NONE', #1386, #951 ) ;
#1171 = PLANE ( 'NONE',  #505 ) ;
#1172 = PRESENTATION_LAYER_ASSIGNMENT (  '', '', ( #1772 ) ) ;
#1173 = EDGE_LOOP ( 'NONE', ( #1803, #1250, #572, #1671 ) ) ;
#1174 = PRESENTATION_STYLE_ASSIGNMENT (( #1186 ) ) ;
#1175 = SURFACE_STYLE_USAGE ( .BOTH. , #1754 ) ;
#1176 = DIRECTION ( 'NONE',  ( -0.0000000000000000000, -0.0000000000000000000, 1.000000000000000000 ) ) ;
#1177 = ORIENTED_EDGE ( 'NONE', *, *, #961, .T. ) ;
#1178 = EDGE_CURVE ( 'NONE', #200, #177, #2353, .T. ) ;
#1179 = CARTESIAN_POINT ( 'NONE',  ( 0.0000000000000000000, -2.032879073410322355E-17, -0.1905000000000001414 ) ) ;
#1180 = DIRECTION ( 'NONE',  ( 1.000000000000000000, 0.0000000000000000000, 0.0000000000000000000 ) ) ;
#1181 = DIRECTION ( 'NONE',  ( 0.0000000000000000000, 0.0000000000000000000, -1.000000000000000000 ) ) ;
#1182 = CARTESIAN_POINT ( 'NONE',  ( 19.43200000000000216, -5.207999999999998408, 0.1905000000000000027 ) ) ;
#1183 = DIRECTION ( 'NONE',  ( 0.0000000000000000000, -0.9925461516413228713, 0.1218693434051410229 ) ) ;
#1184 = EDGE_LOOP ( 'NONE', ( #350, #2292, #215, #586 ) ) ;
#1185 = STYLED_ITEM ( 'NONE', ( #1174 ), #1517 ) ;
#1186 = SURFACE_STYLE_USAGE ( .BOTH. , #1144 ) ;
#1187 = COLOUR_RGB ( '',0.8980392156862745390, 0.9215686274509803377, 0.9294117647058823817 ) ;
#1188 = CARTESIAN_POINT ( 'NONE',  ( 1.269999999999999130, -5.587999999999999190, 0.1905000000000000027 ) ) ;
#1189 = ORIENTED_EDGE ( 'NONE', *, *, #210, .T. ) ;
#1190 =( GEOMETRIC_REPRESENTATION_CONTEXT ( 3 ) GLOBAL_UNCERTAINTY_ASSIGNED_CONTEXT ( ( #235 ) ) GLOBAL_UNIT_ASSIGNED_CONTEXT ( ( #2035, #1410, #385 ) ) REPRESENTATION_CONTEXT ( 'NONE', 'WORKASPACE' ) );
#1191 = EDGE_CURVE ( 'NONE', #423, #1318, #2577, .T. ) ;
#1192 =( GEOMETRIC_REPRESENTATION_CONTEXT ( 3 ) GLOBAL_UNCERTAINTY_ASSIGNED_CONTEXT ( ( #165 ) ) GLOBAL_UNIT_ASSIGNED_CONTEXT ( ( #1901, #1526, #2297 ) ) REPRESENTATION_CONTEXT ( 'NONE', 'WORKASPACE' ) );
#1193 = ADVANCED_FACE ( 'NONE', ( #716 ), #175, .F. ) ;
#1194 = DIRECTION ( 'NONE',  ( 0.0000000000000000000, 0.0000000000000000000, 1.000000000000000000 ) ) ;
#1195 = VECTOR ( 'NONE', #2362, 1000.000000000000000 ) ;
#1196 = DIRECTION ( 'NONE',  ( 0.0000000000000000000, 0.0000000000000000000, 1.000000000000000000 ) ) ;
#1197 = DIRECTION ( 'NONE',  ( 0.0000000000000000000, -0.0000000000000000000, 1.000000000000000000 ) ) ;
#1198 = LINE ( 'NONE', #1418, #1232 ) ;
#1199 = DIRECTION ( 'NONE',  ( -0.1209742911513548569, -0.1209742911513477515, -0.9852565360152939489 ) ) ;
#1200 = VECTOR ( 'NONE', #136, 1000.000000000000000 ) ;
#1201 = ORIENTED_EDGE ( 'NONE', *, *, #395, .F. ) ;
#1202 = STYLED_ITEM ( 'NONE', ( #917 ), #1356 ) ;
#1203 = DIRECTION ( 'NONE',  ( 0.0000000000000000000, 1.000000000000000000, 0.0000000000000000000 ) ) ;
#1204 = CLOSED_SHELL ( 'NONE', ( #2114, #1431, #1548, #178, #1638, #834, #1897, #2326, #744, #2080, #498, #819, #291, #1705, #2495, #1356, #29, #2359, #2295, #104, #137, #2480, #1607, #51, #1072, #610, #1591, #1580, #512, #1849, #513, #2599, #1306, #2579, #1461, #1517, #127, #690, #646, #1911, #2110, #248, #1373, #787, #2444, #2643, #2189, #1997, #2254, #1294, #1193, #642, #2093, #1927, #693, #348, #2128, #2628, #1751, #2614, #671, #1411 ) ) ;
#1205 = STYLED_ITEM ( 'NONE', ( #1994 ), #819 ) ;
#1206 = LINE ( 'NONE', #2220, #1558 ) ;
#1207 = STYLED_ITEM ( 'NONE', ( #760 ), #291 ) ;
#1208 = CARTESIAN_POINT ( 'NONE',  ( 14.73199999999999932, -1.016000000000000014, -0.1905000000000000027 ) ) ;
#1209 = CARTESIAN_POINT ( 'NONE',  ( 14.73200000000000109, -5.207999999999999297, 0.1905000000000000027 ) ) ;
#1210 = LINE ( 'NONE', #2027, #105 ) ;
#1211 = STYLED_ITEM ( 'NONE', ( #503 ), #512 ) ;
#1212 = EDGE_CURVE ( 'NONE', #2307, #2126, #1529, .T. ) ;
#1213 = ORIENTED_EDGE ( 'NONE', *, *, #1108, .T. ) ;
#1214 = UNCERTAINTY_MEASURE_WITH_UNIT (LENGTH_MEASURE( 1.000000000000000082E-05 ), #2423, 'distance_accuracy_value', 'NONE');
#1215 = EDGE_CURVE ( 'NONE', #589, #41, #462, .T. ) ;
#1216 = FACE_OUTER_BOUND ( 'NONE', #727, .T. ) ;
#1217 = DIRECTION ( 'NONE',  ( 0.0000000000000000000, -1.000000000000000000, 0.0000000000000000000 ) ) ;
#1218 = ORIENTED_EDGE ( 'NONE', *, *, #554, .T. ) ;
#1219 = DIRECTION ( 'NONE',  ( 0.0000000000000000000, 0.0000000000000000000, 1.000000000000000000 ) ) ;
#1220 = CARTESIAN_POINT ( 'NONE',  ( 0.0000000000000000000, 0.0000000000000000000, 0.0000000000000000000 ) ) ;
#1221 = PLANE ( 'NONE',  #564 ) ;
#1222 = SURFACE_STYLE_FILL_AREA ( #1274 ) ;
#1223 = FILL_AREA_STYLE_COLOUR ( '', #2485 ) ;
#1224 = ORIENTED_EDGE ( 'NONE', *, *, #1261, .T. ) ;
#1225 = EDGE_CURVE ( 'NONE', #1260, #2159, #265, .T. ) ;
#1226 =( LENGTH_UNIT ( ) NAMED_UNIT ( * ) SI_UNIT ( .MILLI., .METRE. ) );
#1227 = EDGE_LOOP ( 'NONE', ( #328, #1532, #1731, #2622 ) ) ;
#1228 = DIRECTION ( 'NONE',  ( 0.0000000000000000000, 1.000000000000000000, 0.0000000000000000000 ) ) ;
#1229 =( NAMED_UNIT ( * ) PLANE_ANGLE_UNIT ( ) SI_UNIT ( $, .RADIAN. ) );
#1230 = EDGE_CURVE ( 'NONE', #2115, #1654, #67, .T. ) ;
#1231 = DIRECTION ( 'NONE',  ( 1.000000000000000000, 0.0000000000000000000, 0.0000000000000000000 ) ) ;
#1232 = VECTOR ( 'NONE', #1241, 1000.000000000000000 ) ;
#1233 = ORIENTED_EDGE ( 'NONE', *, *, #196, .T. ) ;
#1234 = CIRCLE ( 'NONE', #397, 0.5000000000000002220 ) ;
#1235 = DIRECTION ( 'NONE',  ( -9.485583311334248519E-17, 1.000000000000000000, 0.0000000000000000000 ) ) ;
#1236 = LINE ( 'NONE', #2465, #2648 ) ;
#1237 = VERTEX_POINT ( 'NONE', #84 ) ;
#1238 = MECHANICAL_DESIGN_GEOMETRIC_PRESENTATION_REPRESENTATION (  '', ( #139 ), #708 ) ;
#1239 = VECTOR ( 'NONE', #2597, 1000.000000000000000 ) ;
#1240 = EDGE_LOOP ( 'NONE', ( #426, #1442, #250, #1057 ) ) ;
#1241 = DIRECTION ( 'NONE',  ( -0.0000000000000000000, -0.0000000000000000000, 1.000000000000000000 ) ) ;
#1242 = CARTESIAN_POINT ( 'NONE',  ( 20.87928268994929581, 9.957282689949314758, 1.651000000000000023 ) ) ;
#1243 = ORIENTED_EDGE ( 'NONE', *, *, #1707, .F. ) ;
#1244 = EDGE_CURVE ( 'NONE', #1527, #1007, #652, .T. ) ;
#1245 = MECHANICAL_DESIGN_GEOMETRIC_PRESENTATION_REPRESENTATION (  '', ( #155 ), #2060 ) ;
#1246 = CYLINDRICAL_SURFACE ( 'NONE', #2139, 0.3800000000000001155 ) ;
#1247 = ORIENTED_EDGE ( 'NONE', *, *, #1668, .F. ) ;
#1248 = FILL_AREA_STYLE_COLOUR ( '', #1599 ) ;
#1249 = PRESENTATION_STYLE_ASSIGNMENT (( #2012 ) ) ;
#1250 = ORIENTED_EDGE ( 'NONE', *, *, #210, .F. ) ;
#1251 = PRESENTATION_LAYER_ASSIGNMENT (  '', '', ( #2067 ) ) ;
#1252 = CARTESIAN_POINT ( 'NONE',  ( 19.81200000000000117, -5.207999999999998408, -0.1905000000000000027 ) ) ;
#1253 = ORIENTED_EDGE ( 'NONE', *, *, #656, .T. ) ;
#1254 = CARTESIAN_POINT ( 'NONE',  ( 13.46199999999999797, -2.331928601384511794E-16, 0.1905000000000000027 ) ) ;
#1255 = DIRECTION ( 'NONE',  ( 1.000000000000000000, 0.0000000000000000000, 0.0000000000000000000 ) ) ;
#1256 = LINE ( 'NONE', #602, #847 ) ;
#1257 = ORIENTED_EDGE ( 'NONE', *, *, #1690, .F. ) ;
#1258 = LINE ( 'NONE', #1939, #722 ) ;
#1259 =( NAMED_UNIT ( * ) PLANE_ANGLE_UNIT ( ) SI_UNIT ( $, .RADIAN. ) );
#1260 = VERTEX_POINT ( 'NONE', #506 ) ;
#1261 = EDGE_CURVE ( 'NONE', #423, #2535, #316, .T. ) ;
#1262 = SURFACE_SIDE_STYLE ('',( #2565 ) ) ;
#1263 = SURFACE_STYLE_USAGE ( .BOTH. , #259 ) ;
#1264 = SURFACE_STYLE_USAGE ( .BOTH. , #635 ) ;
#1265 = ORIENTED_EDGE ( 'NONE', *, *, #593, .T. ) ;
#1266 = DIRECTION ( 'NONE',  ( 1.000000000000000000, -0.0000000000000000000, -0.0000000000000000000 ) ) ;
#1267 = VERTEX_POINT ( 'NONE', #1500 ) ;
#1268 = SURFACE_STYLE_FILL_AREA ( #1936 ) ;
#1269 = VECTOR ( 'NONE', #345, 1000.000000000000000 ) ;
#1270 = SURFACE_STYLE_USAGE ( .BOTH. , #857 ) ;
#1271 = FACE_OUTER_BOUND ( 'NONE', #603, .T. ) ;
#1272 = ORIENTED_EDGE ( 'NONE', *, *, #2631, .F. ) ;
#1273 = EDGE_CURVE ( 'NONE', #2486, #68, #2301, .T. ) ;
#1274 = FILL_AREA_STYLE ('',( #2248 ) ) ;
#1275 = AXIS2_PLACEMENT_3D ( 'NONE', #1182, #185, #978 ) ;
#1276 = ORIENTED_EDGE ( 'NONE', *, *, #2467, .F. ) ;
#1277 = VECTOR ( 'NONE', #455, 1000.000000000000000 ) ;
#1278 = FILL_AREA_STYLE_COLOUR ( '', #1739 ) ;
#1279 = FACE_OUTER_BOUND ( 'NONE', #946, .T. ) ;
#1280 = CIRCLE ( 'NONE', #58, 0.3799999999999983946 ) ;
#1281 = SURFACE_SIDE_STYLE ('',( #875 ) ) ;
#1282 = ORIENTED_EDGE ( 'NONE', *, *, #2028, .T. ) ;
#1283 = FILL_AREA_STYLE_COLOUR ( '', #2456 ) ;
#1284 = FILL_AREA_STYLE_COLOUR ( '', #436 ) ;
#1285 = STYLED_ITEM ( 'NONE', ( #1021 ), #1072 ) ;
#1286 = VERTEX_POINT ( 'NONE', #838 ) ;
#1287 = MECHANICAL_DESIGN_GEOMETRIC_PRESENTATION_REPRESENTATION (  '', ( #1116 ), #595 ) ;
#1288 = PRESENTATION_STYLE_ASSIGNMENT (( #2141 ) ) ;
#1289 = SURFACE_STYLE_FILL_AREA ( #2415 ) ;
#1290 = EDGE_CURVE ( 'NONE', #1298, #200, #409, .T. ) ;
#1291 = AXIS2_PLACEMENT_3D ( 'NONE', #403, #1228, #1197 ) ;
#1292 =( NAMED_UNIT ( * ) SI_UNIT ( $, .STERADIAN. ) SOLID_ANGLE_UNIT ( ) );
#1293 = VERTEX_POINT ( 'NONE', #2291 ) ;
#1294 = ADVANCED_FACE ( 'NONE', ( #1279 ), #1067, .F. ) ;
#1295 = SURFACE_STYLE_USAGE ( .BOTH. , #306 ) ;
#1296 = MECHANICAL_DESIGN_GEOMETRIC_PRESENTATION_REPRESENTATION (  '', ( #1772 ), #246 ) ;
#1297 = CARTESIAN_POINT ( 'NONE',  ( 13.97000000000000064, -1.016000000000000014, 0.1905000000000000027 ) ) ;
#1298 = VERTEX_POINT ( 'NONE', #1131 ) ;
#1299 = CARTESIAN_POINT ( 'NONE',  ( 19.42999999999999972, -5.207999999999998408, 0.1905000000000000027 ) ) ;
#1300 = VERTEX_POINT ( 'NONE', #1571 ) ;
#1301 = DIRECTION ( 'NONE',  ( 1.000000000000000000, -0.0000000000000000000, -0.0000000000000000000 ) ) ;
#1302 = EDGE_CURVE ( 'NONE', #10, #2593, #1962, .T. ) ;
#1303 =( NAMED_UNIT ( * ) PLANE_ANGLE_UNIT ( ) SI_UNIT ( $, .RADIAN. ) );
#1304 = ORIENTED_EDGE ( 'NONE', *, *, #593, .F. ) ;
#1305 = EDGE_CURVE ( 'NONE', #540, #2020, #2408, .T. ) ;
#1306 = ADVANCED_FACE ( 'NONE', ( #377 ), #149, .F. ) ;
#1307 = CARTESIAN_POINT ( 'NONE',  ( 1.269999999999998685, -1.016000000000000014, 0.1905000000000000027 ) ) ;
#1308 =( NAMED_UNIT ( * ) SI_UNIT ( $, .STERADIAN. ) SOLID_ANGLE_UNIT ( ) );
#1309 = PRESENTATION_LAYER_ASSIGNMENT (  '', '', ( #1458 ) ) ;
#1310 = VERTEX_POINT ( 'NONE', #908 ) ;
#1311 = FILL_AREA_STYLE ('',( #1706 ) ) ;
#1312 = CARTESIAN_POINT ( 'NONE',  ( 1.652000000000000135, -5.587999999999999190, -0.1905000000000000027 ) ) ;
#1313 = FACE_OUTER_BOUND ( 'NONE', #305, .T. ) ;
#1314 = STYLED_ITEM ( 'NONE', ( #39 ), #1580 ) ;
#1315 = VECTOR ( 'NONE', #94, 1000.000000000000000 ) ;
#1316 = SURFACE_SIDE_STYLE ('',( #689 ) ) ;
#1317 = PLANE ( 'NONE',  #749 ) ;
#1318 = VERTEX_POINT ( 'NONE', #2576 ) ;
#1319 = UNCERTAINTY_MEASURE_WITH_UNIT (LENGTH_MEASURE( 1.000000000000000082E-05 ), #1163, 'distance_accuracy_value', 'NONE');
#1320 = MECHANICAL_DESIGN_GEOMETRIC_PRESENTATION_REPRESENTATION (  '', ( #5 ), #2393 ) ;
#1321 = FACE_OUTER_BOUND ( 'NONE', #910, .T. ) ;
#1322 = ORIENTED_EDGE ( 'NONE', *, *, #184, .F. ) ;
#1323 = EDGE_CURVE ( 'NONE', #789, #959, #333, .T. ) ;
#1324 = DIRECTION ( 'NONE',  ( 9.485583311334247286E-17, -1.000000000000000000, 0.0000000000000000000 ) ) ;
#1325 = CARTESIAN_POINT ( 'NONE',  ( 21.05860954114798744, -1.016439536705161177E-17, -0.1905000000000001414 ) ) ;
#1326 =( GEOMETRIC_REPRESENTATION_CONTEXT ( 3 ) GLOBAL_UNCERTAINTY_ASSIGNED_CONTEXT ( ( #2262 ) ) GLOBAL_UNIT_ASSIGNED_CONTEXT ( ( #2245, #1398, #562 ) ) REPRESENTATION_CONTEXT ( 'NONE', 'WORKASPACE' ) );
#1327 = DIRECTION ( 'NONE',  ( 0.1209742911513551761, 0.1209742911513476404, -0.9852565360152938378 ) ) ;
#1328 = ORIENTED_EDGE ( 'NONE', *, *, #71, .T. ) ;
#1329 = EDGE_CURVE ( 'NONE', #203, #1063, #714, .T. ) ;
#1330 = FACE_BOUND ( 'NONE', #1766, .T. ) ;
#1331 =( LENGTH_UNIT ( ) NAMED_UNIT ( * ) SI_UNIT ( .MILLI., .METRE. ) );
#1332 = SURFACE_STYLE_FILL_AREA ( #2392 ) ;
#1333 = SURFACE_SIDE_STYLE ('',( #129 ) ) ;
#1334 = LINE ( 'NONE', #2155, #1403 ) ;
#1335 = CARTESIAN_POINT ( 'NONE',  ( 15.24000000000000021, -1.015999999999999792, 0.1905000000000000027 ) ) ;
#1336 = EDGE_LOOP ( 'NONE', ( #13, #2143, #924, #255, #1213, #963, #1496, #2418, #1963, #2549 ) ) ;
#1337 = FACE_OUTER_BOUND ( 'NONE', #2512, .T. ) ;
#1338 = PRESENTATION_LAYER_ASSIGNMENT (  '', '', ( #1211 ) ) ;
#1339 = EDGE_CURVE ( 'NONE', #1099, #2115, #518, .T. ) ;
#1340 = SURFACE_STYLE_USAGE ( .BOTH. , #1941 ) ;
#1341 =( LENGTH_UNIT ( ) NAMED_UNIT ( * ) SI_UNIT ( .MILLI., .METRE. ) );
#1342 =( LENGTH_UNIT ( ) NAMED_UNIT ( * ) SI_UNIT ( .MILLI., .METRE. ) );
#1343 = ORIENTED_EDGE ( 'NONE', *, *, #2030, .T. ) ;
#1344 = EDGE_LOOP ( 'NONE', ( #1572, #678, #1359, #663 ) ) ;
#1345 = UNCERTAINTY_MEASURE_WITH_UNIT (LENGTH_MEASURE( 1.000000000000000082E-05 ), #1674, 'distance_accuracy_value', 'NONE');
#1346 = ORIENTED_EDGE ( 'NONE', *, *, #439, .F. ) ;
#1347 = ADVANCED_BREP_SHAPE_REPRESENTATION ( '38879F1F-A6F8-4B04-AB93-5603EF6953D5', ( #1628, #1920 ), #1459 ) ;
#1348 =( NAMED_UNIT ( * ) PLANE_ANGLE_UNIT ( ) SI_UNIT ( $, .RADIAN. ) );
#1349 = CARTESIAN_POINT ( 'NONE',  ( 0.0000000000000000000, 0.0000000000000000000, 1.651000000000000023 ) ) ;
#1350 = DIRECTION ( 'NONE',  ( -0.0000000000000000000, 0.0000000000000000000, -1.000000000000000000 ) ) ;
#1351 = LINE ( 'NONE', #357, #418 ) ;
#1352 = LINE ( 'NONE', #515, #624 ) ;
#1353 = FACE_OUTER_BOUND ( 'NONE', #833, .T. ) ;
#1354 = CARTESIAN_POINT ( 'NONE',  ( 2.031999999999999140, -1.016000000000000014, 0.1905000000000000027 ) ) ;
#1355 = VECTOR ( 'NONE', #2083, 1000.000000000000114 ) ;
#1356 = ADVANCED_FACE ( 'NONE', ( #1762 ), #1785, .T. ) ;
#1357 =( NAMED_UNIT ( * ) PLANE_ANGLE_UNIT ( ) SI_UNIT ( $, .RADIAN. ) );
#1358 = SURFACE_STYLE_USAGE ( .BOTH. , #2156 ) ;
#1359 = ORIENTED_EDGE ( 'NONE', *, *, #1086, .T. ) ;
#1360 = EDGE_CURVE ( 'NONE', #1050, #616, #2610, .T. ) ;
#1361 = MECHANICAL_DESIGN_GEOMETRIC_PRESENTATION_REPRESENTATION (  '', ( #351 ), #1792 ) ;
#1362 = MECHANICAL_DESIGN_GEOMETRIC_PRESENTATION_REPRESENTATION (  '', ( #99 ), #1585 ) ;
#1363 = SURFACE_STYLE_USAGE ( .BOTH. , #543 ) ;
#1364 = PLANE ( 'NONE',  #672 ) ;
#1365 = CYLINDRICAL_SURFACE ( 'NONE', #1919, 0.3800000000000001155 ) ;
#1366 = AXIS2_PLACEMENT_3D ( 'NONE', #1755, #1103, #1924 ) ;
#1367 = LINE ( 'NONE', #2333, #1497 ) ;
#1368 = SURFACE_STYLE_FILL_AREA ( #2381 ) ;
#1369 = LINE ( 'NONE', #186, #700 ) ;
#1370 = EDGE_LOOP ( 'NONE', ( #1550, #89, #270, #2318, #823, #1763, #1407, #2498, #717, #1073 ) ) ;
#1371 = UNCERTAINTY_MEASURE_WITH_UNIT (LENGTH_MEASURE( 1.000000000000000082E-05 ), #1331, 'distance_accuracy_value', 'NONE');
#1372 = PRESENTATION_LAYER_ASSIGNMENT (  '', '', ( #1205 ) ) ;
#1373 = ADVANCED_FACE ( 'NONE', ( #546 ), #1741, .T. ) ;
#1374 = DIRECTION ( 'NONE',  ( 4.268512490100413867E-16, -1.000000000000000000, 0.0000000000000000000 ) ) ;
#1375 = VECTOR ( 'NONE', #1199, 1000.000000000000000 ) ;
#1376 = DIRECTION ( 'NONE',  ( -0.0000000000000000000, -0.0000000000000000000, -1.000000000000000000 ) ) ;
#1377 = CARTESIAN_POINT ( 'NONE',  ( 2.031999999999999140, -1.016000000000000014, -0.1905000000000000027 ) ) ;
#1378 =( LENGTH_UNIT ( ) NAMED_UNIT ( * ) SI_UNIT ( .MILLI., .METRE. ) );
#1379 = ORIENTED_EDGE ( 'NONE', *, *, #289, .F. ) ;
#1380 =( GEOMETRIC_REPRESENTATION_CONTEXT ( 3 ) GLOBAL_UNCERTAINTY_ASSIGNED_CONTEXT ( ( #55 ) ) GLOBAL_UNIT_ASSIGNED_CONTEXT ( ( #2625, #806, #2638 ) ) REPRESENTATION_CONTEXT ( 'NONE', 'WORKASPACE' ) );
#1381 = VECTOR ( 'NONE', #12, 1000.000000000000000 ) ;
#1382 = PLANE ( 'NONE',  #204 ) ;
#1383 =( GEOMETRIC_REPRESENTATION_CONTEXT ( 3 ) GLOBAL_UNCERTAINTY_ASSIGNED_CONTEXT ( ( #1214 ) ) GLOBAL_UNIT_ASSIGNED_CONTEXT ( ( #2423, #1357, #1776 ) ) REPRESENTATION_CONTEXT ( 'NONE', 'WORKASPACE' ) );
#1384 = FILL_AREA_STYLE_COLOUR ( '', #563 ) ;
#1385 =( NAMED_UNIT ( * ) SI_UNIT ( $, .STERADIAN. ) SOLID_ANGLE_UNIT ( ) );
#1386 = CARTESIAN_POINT ( 'NONE',  ( 0.2027173100506959036, 8.653013699109537547E-17, 1.651000000000000023 ) ) ;
#1387 = FACE_OUTER_BOUND ( 'NONE', #743, .T. ) ;
#1388 = AXIS2_PLACEMENT_3D ( 'NONE', #228, #1203, #1449 ) ;
#1389 = DIRECTION ( 'NONE',  ( 0.9925461516413219831, 4.236695645282081958E-16, 0.1218693434051480590 ) ) ;
#1390 = ORIENTED_EDGE ( 'NONE', *, *, #263, .F. ) ;
#1391 = EDGE_CURVE ( 'NONE', #1630, #10, #2361, .T. ) ;
#1392 = FACE_OUTER_BOUND ( 'NONE', #103, .T. ) ;
#1393 = DIRECTION ( 'NONE',  ( 0.0000000000000000000, -0.0000000000000000000, 1.000000000000000000 ) ) ;
#1394 = ORIENTED_EDGE ( 'NONE', *, *, #257, .F. ) ;
#1395 = EDGE_CURVE ( 'NONE', #1310, #463, #1773, .T. ) ;
#1396 =( LENGTH_UNIT ( ) NAMED_UNIT ( * ) SI_UNIT ( .MILLI., .METRE. ) );
#1397 = LINE ( 'NONE', #1003, #925 ) ;
#1398 =( NAMED_UNIT ( * ) PLANE_ANGLE_UNIT ( ) SI_UNIT ( $, .RADIAN. ) );
#1399 = FACE_OUTER_BOUND ( 'NONE', #2336, .T. ) ;
#1400 =( NAMED_UNIT ( * ) SI_UNIT ( $, .STERADIAN. ) SOLID_ANGLE_UNIT ( ) );
#1401 = PLANE ( 'NONE',  #2273 ) ;
#1402 = UNCERTAINTY_MEASURE_WITH_UNIT (LENGTH_MEASURE( 1.000000000000000082E-05 ), #1341, 'distance_accuracy_value', 'NONE');
#1403 = VECTOR ( 'NONE', #1947, 1000.000000000000000 ) ;
#1404 = DIRECTION ( 'NONE',  ( -0.0000000000000000000, -0.0000000000000000000, -1.000000000000000000 ) ) ;
#1405 = FILL_AREA_STYLE ('',( #2031 ) ) ;
#1406 = DIRECTION ( 'NONE',  ( -4.268512490100414360E-16, 1.000000000000000000, 0.0000000000000000000 ) ) ;
#1407 = ORIENTED_EDGE ( 'NONE', *, *, #2464, .F. ) ;
#1408 = AXIS2_PLACEMENT_3D ( 'NONE', #2208, #2421, #2023 ) ;
#1409 = SURFACE_STYLE_USAGE ( .BOTH. , #614 ) ;
#1410 =( NAMED_UNIT ( * ) PLANE_ANGLE_UNIT ( ) SI_UNIT ( $, .RADIAN. ) );
#1411 = ADVANCED_FACE ( 'NONE', ( #1353 ), #124, .T. ) ;
#1412 = DIRECTION ( 'NONE',  ( 0.0000000000000000000, 0.0000000000000000000, 1.000000000000000000 ) ) ;
#1413 = AXIS2_PLACEMENT_3D ( 'NONE', #711, #1152, #537 ) ;
#1414 = CYLINDRICAL_SURFACE ( 'NONE', #31, 0.3800000000000001155 ) ;
#1415 = DIRECTION ( 'NONE',  ( 0.0000000000000000000, 1.000000000000000000, 0.0000000000000000000 ) ) ;
#1416 = DIRECTION ( 'NONE',  ( 1.000000000000000000, 4.268512490100412881E-16, 0.0000000000000000000 ) ) ;
#1417 = LINE ( 'NONE', #11, #2021 ) ;
#1418 = CARTESIAN_POINT ( 'NONE',  ( 4.191999999999999282, -5.587999999999999190, 0.1905000000000000027 ) ) ;
#1419 = SURFACE_STYLE_FILL_AREA ( #2032 ) ;
#1420 = VECTOR ( 'NONE', #299, 1000.000000000000000 ) ;
#1421 = EDGE_LOOP ( 'NONE', ( #98, #1123, #222, #1724 ) ) ;
#1422 = VECTOR ( 'NONE', #2194, 1000.000000000000000 ) ;
#1423 = AXIS2_PLACEMENT_3D ( 'NONE', #1798, #780, #1412 ) ;
#1424 = CIRCLE ( 'NONE', #2321, 0.3800000000000001155 ) ;
#1425 = DIRECTION ( 'NONE',  ( -0.1209742911513559949, 0.1209742911513477237, 0.9852565360152937268 ) ) ;
#1426 = EDGE_CURVE ( 'NONE', #2329, #1050, #2350, .T. ) ;
#1427 = PRESENTATION_LAYER_ASSIGNMENT (  '', '', ( #682 ) ) ;
#1428 = CARTESIAN_POINT ( 'NONE',  ( 20.75042144194796023, 0.3081880992000113895, -2.700490644864038448 ) ) ;
#1429 = FACE_OUTER_BOUND ( 'NONE', #900, .T. ) ;
#1430 = VECTOR ( 'NONE', #620, 999.9999999999998863 ) ;
#1431 = ADVANCED_FACE ( 'NONE', ( #1028 ), #180, .F. ) ;
#1432 =( GEOMETRIC_REPRESENTATION_CONTEXT ( 3 ) GLOBAL_UNCERTAINTY_ASSIGNED_CONTEXT ( ( #1486 ) ) GLOBAL_UNIT_ASSIGNED_CONTEXT ( ( #179, #2623, #2218 ) ) REPRESENTATION_CONTEXT ( 'NONE', 'WORKASPACE' ) );
#1433 = SURFACE_STYLE_USAGE ( .BOTH. , #753 ) ;
#1434 = EDGE_LOOP ( 'NONE', ( #640, #290, #1559, #1979, #1012, #552, #1808, #1451, #456, #956, #1479, #2354 ) ) ;
#1435 = FILL_AREA_STYLE_COLOUR ( '', #567 ) ;
#1436 = CARTESIAN_POINT ( 'NONE',  ( 13.97000000000000064, -1.016000000000000014, 0.1905000000000000027 ) ) ;
#1437 = VERTEX_POINT ( 'NONE', #679 ) ;
#1438 = DIRECTION ( 'NONE',  ( 1.000000000000000000, 0.0000000000000000000, 0.0000000000000000000 ) ) ;
#1439 = LINE ( 'NONE', #2257, #705 ) ;
#1440 = PRESENTATION_STYLE_ASSIGNMENT (( #2036 ) ) ;
#1441 = DIRECTION ( 'NONE',  ( -1.000000000000000000, -1.897116662266849704E-16, 0.0000000000000000000 ) ) ;
#1442 = ORIENTED_EDGE ( 'NONE', *, *, #1159, .T. ) ;
#1443 = EDGE_CURVE ( 'NONE', #1267, #2322, #1661, .T. ) ;
#1444 = LINE ( 'NONE', #1856, #182 ) ;
#1445 = ORIENTED_EDGE ( 'NONE', *, *, #1129, .T. ) ;
#1446 = AXIS2_PLACEMENT_3D ( 'NONE', #1800, #2198, #1130 ) ;
#1447 =( NAMED_UNIT ( * ) PLANE_ANGLE_UNIT ( ) SI_UNIT ( $, .RADIAN. ) );
#1448 = ORIENTED_EDGE ( 'NONE', *, *, #882, .F. ) ;
#1449 = DIRECTION ( 'NONE',  ( 0.0000000000000000000, -0.0000000000000000000, 1.000000000000000000 ) ) ;
#1450 = DIRECTION ( 'NONE',  ( 0.0000000000000000000, -1.000000000000000000, 0.0000000000000000000 ) ) ;
#1451 = ORIENTED_EDGE ( 'NONE', *, *, #976, .F. ) ;
#1452 = SURFACE_SIDE_STYLE ('',( #2473 ) ) ;
#1453 = STYLED_ITEM ( 'NONE', ( #171 ), #1911 ) ;
#1454 =( NAMED_UNIT ( * ) PLANE_ANGLE_UNIT ( ) SI_UNIT ( $, .RADIAN. ) );
#1455 = SURFACE_STYLE_FILL_AREA ( #1853 ) ;
#1456 = FILL_AREA_STYLE_COLOUR ( '', #1960 ) ;
#1457 = CARTESIAN_POINT ( 'NONE',  ( 14.73199999999999932, -1.016000000000000014, 0.1905000000000000027 ) ) ;
#1458 = STYLED_ITEM ( 'NONE', ( #2404 ), #2254 ) ;
#1459 =( GEOMETRIC_REPRESENTATION_CONTEXT ( 3 ) GLOBAL_UNCERTAINTY_ASSIGNED_CONTEXT ( ( #1371 ) ) GLOBAL_UNIT_ASSIGNED_CONTEXT ( ( #1331, #686, #1110 ) ) REPRESENTATION_CONTEXT ( 'NONE', 'WORKASPACE' ) );
#1460 = ORIENTED_EDGE ( 'NONE', *, *, #1305, .F. ) ;
#1461 = ADVANCED_FACE ( 'NONE', ( #500 ), #830, .F. ) ;
#1462 = CARTESIAN_POINT ( 'NONE',  ( 19.43200000000000216, -5.587999999999998302, 0.1905000000000000027 ) ) ;
#1463 = ORIENTED_EDGE ( 'NONE', *, *, #909, .T. ) ;
#1464 = EDGE_CURVE ( 'NONE', #1041, #653, #2174, .T. ) ;
#1465 = VECTOR ( 'NONE', #334, 1000.000000000000000 ) ;
#1466 = CYLINDRICAL_SURFACE ( 'NONE', #2106, 0.3800000000000001155 ) ;
#1467 =( LENGTH_UNIT ( ) NAMED_UNIT ( * ) SI_UNIT ( .MILLI., .METRE. ) );
#1468 = CARTESIAN_POINT ( 'NONE',  ( 3.301999999999998714, 0.0000000000000000000, -0.1905000000000000027 ) ) ;
#1469 = VECTOR ( 'NONE', #793, 1000.000000000000000 ) ;
#1470 =( NAMED_UNIT ( * ) PLANE_ANGLE_UNIT ( ) SI_UNIT ( $, .RADIAN. ) );
#1471 = ORIENTED_EDGE ( 'NONE', *, *, #227, .F. ) ;
#1472 = VECTOR ( 'NONE', #1507, 1000.000000000000000 ) ;
#1473 = DIRECTION ( 'NONE',  ( 1.000000000000000000, 0.0000000000000000000, 0.0000000000000000000 ) ) ;
#1474 = ORIENTED_EDGE ( 'NONE', *, *, #1933, .T. ) ;
#1475 = AXIS2_PLACEMENT_3D ( 'NONE', #2332, #2569, #2133 ) ;
#1476 = FILL_AREA_STYLE_COLOUR ( '', #1490 ) ;
#1477 = EDGE_CURVE ( 'NONE', #1286, #1147, #167, .T. ) ;
#1478 = FACE_OUTER_BOUND ( 'NONE', #2515, .T. ) ;
#1479 = ORIENTED_EDGE ( 'NONE', *, *, #2476, .T. ) ;
#1480 = EDGE_CURVE ( 'NONE', #164, #2258, #926, .T. ) ;
#1481 = ORIENTED_EDGE ( 'NONE', *, *, #942, .T. ) ;
#1482 = LINE ( 'NONE', #674, #1420 ) ;
#1483 = CARTESIAN_POINT ( 'NONE',  ( 2.539999999999998703, 0.0000000000000000000, 0.1905000000000001414 ) ) ;
#1484 = DIRECTION ( 'NONE',  ( -0.1209742911513552871, 0.1209742911513481400, 0.9852565360152938378 ) ) ;
#1485 = ORIENTED_EDGE ( 'NONE', *, *, #1605, .T. ) ;
#1486 = UNCERTAINTY_MEASURE_WITH_UNIT (LENGTH_MEASURE( 1.000000000000000082E-05 ), #179, 'distance_accuracy_value', 'NONE');
#1487 = SURFACE_STYLE_USAGE ( .BOTH. , #1281 ) ;
#1488 = ORIENTED_EDGE ( 'NONE', *, *, #2398, .T. ) ;
#1489 = AXIS2_PLACEMENT_3D ( 'NONE', #1528, #2111, #461 ) ;
#1490 = COLOUR_RGB ( '',0.8980392156862745390, 0.9215686274509803377, 0.9294117647058823817 ) ;
#1491 = EDGE_CURVE ( 'NONE', #2178, #1437, #943, .T. ) ;
#1492 =( LENGTH_UNIT ( ) NAMED_UNIT ( * ) SI_UNIT ( .MILLI., .METRE. ) );
#1493 = CARTESIAN_POINT ( 'NONE',  ( 19.42999999999999972, -5.587999999999998302, 0.1905000000000000027 ) ) ;
#1494 = VECTOR ( 'NONE', #1519, 1000.000000000000000 ) ;
#1495 = CARTESIAN_POINT ( 'NONE',  ( 20.32000000000000028, 0.0000000000000000000, 0.1905000000000001414 ) ) ;
#1496 = ORIENTED_EDGE ( 'NONE', *, *, #1105, .T. ) ;
#1497 = VECTOR ( 'NONE', #1929, 1000.000000000000000 ) ;
#1498 = SURFACE_SIDE_STYLE ('',( #64 ) ) ;
#1499 = CARTESIAN_POINT ( 'NONE',  ( 3.809999999999999165, -5.587999999999999190, 0.1905000000000000027 ) ) ;
#1500 = CARTESIAN_POINT ( 'NONE',  ( 1.269999999999998685, -1.016000000000000014, -0.1905000000000000027 ) ) ;
#1501 =( LENGTH_UNIT ( ) NAMED_UNIT ( * ) SI_UNIT ( .MILLI., .METRE. ) );
#1502 = ORIENTED_EDGE ( 'NONE', *, *, #2447, .T. ) ;
#1503 = CARTESIAN_POINT ( 'NONE',  ( 2.031999999999999140, -1.016000000000000014, 0.1905000000000000027 ) ) ;
#1504 = PLANE ( 'NONE',  #1913 ) ;
#1505 = EDGE_LOOP ( 'NONE', ( #681, #1485, #670, #516 ) ) ;
#1506 = AXIS2_PLACEMENT_3D ( 'NONE', #101, #2538, #680 ) ;
#1507 = DIRECTION ( 'NONE',  ( -0.0000000000000000000, -0.0000000000000000000, -1.000000000000000000 ) ) ;
#1508 = FILL_AREA_STYLE_COLOUR ( '', #1100 ) ;
#1509 = AXIS2_PLACEMENT_3D ( 'NONE', #2300, #890, #1065 ) ;
#1510 = ORIENTED_EDGE ( 'NONE', *, *, #2045, .T. ) ;
#1511 = EDGE_CURVE ( 'NONE', #1300, #938, #2595, .T. ) ;
#1512 = STYLED_ITEM ( 'NONE', ( #633 ), #1461 ) ;
#1513 = SURFACE_STYLE_USAGE ( .BOTH. , #1498 ) ;
#1514 = LINE ( 'NONE', #485, #176 ) ;
#1515 = DIRECTION ( 'NONE',  ( -0.1218693434051487806, 0.0000000000000000000, 0.9925461516413218721 ) ) ;
#1516 = UNCERTAINTY_MEASURE_WITH_UNIT (LENGTH_MEASURE( 1.000000000000000082E-05 ), #2209, 'distance_accuracy_value', 'NONE');
#1517 = ADVANCED_FACE ( 'NONE', ( #957 ), #1597, .F. ) ;
#1518 =( GEOMETRIC_REPRESENTATION_CONTEXT ( 3 ) GLOBAL_UNCERTAINTY_ASSIGNED_CONTEXT ( ( #1880 ) ) GLOBAL_UNIT_ASSIGNED_CONTEXT ( ( #1139, #128, #286 ) ) REPRESENTATION_CONTEXT ( 'NONE', 'WORKASPACE' ) );
#1519 = DIRECTION ( 'NONE',  ( -3.794233324533698915E-16, 1.000000000000000000, 0.0000000000000000000 ) ) ;
#1520 = ORIENTED_EDGE ( 'NONE', *, *, #905, .T. ) ;
#1521 = STYLED_ITEM ( 'NONE', ( #1639 ), #498 ) ;
#1522 = CARTESIAN_POINT ( 'NONE',  ( 19.42999999999999972, -5.587999999999998302, 0.1905000000000000027 ) ) ;
#1523 = FACE_OUTER_BOUND ( 'NONE', #1505, .T. ) ;
#1524 = VERTEX_POINT ( 'NONE', #2004 ) ;
#1525 =( NAMED_UNIT ( * ) PLANE_ANGLE_UNIT ( ) SI_UNIT ( $, .RADIAN. ) );
#1526 =( NAMED_UNIT ( * ) PLANE_ANGLE_UNIT ( ) SI_UNIT ( $, .RADIAN. ) );
#1527 = VERTEX_POINT ( 'NONE', #188 ) ;
#1528 = CARTESIAN_POINT ( 'NONE',  ( 0.0000000000000000000, 0.0000000000000000000, -1.651000000000000023 ) ) ;
#1529 = LINE ( 'NONE', #287, #1592 ) ;
#1530 = PRESENTATION_STYLE_ASSIGNMENT (( #2507 ) ) ;
#1531 = EDGE_CURVE ( 'NONE', #57, #2307, #720, .T. ) ;
#1532 = ORIENTED_EDGE ( 'NONE', *, *, #882, .T. ) ;
#1533 = SURFACE_STYLE_USAGE ( .BOTH. , #102 ) ;
#1534 = VECTOR ( 'NONE', #1747, 1000.000000000000000 ) ;
#1535 =( NAMED_UNIT ( * ) SI_UNIT ( $, .STERADIAN. ) SOLID_ANGLE_UNIT ( ) );
#1536 = FACE_OUTER_BOUND ( 'NONE', #2029, .T. ) ;
#1537 = FILL_AREA_STYLE ('',( #2573 ) ) ;
#1538 = SURFACE_SIDE_STYLE ('',( #1579 ) ) ;
#1539 = COLOUR_RGB ( '',0.8980392156862745390, 0.9215686274509803377, 0.9294117647058823817 ) ;
#1540 = FILL_AREA_STYLE_COLOUR ( '', #990 ) ;
#1541 = DIRECTION ( 'NONE',  ( 0.0000000000000000000, -0.0000000000000000000, 1.000000000000000000 ) ) ;
#1542 = PRESENTATION_STYLE_ASSIGNMENT (( #732 ) ) ;
#1543 = ORIENTED_EDGE ( 'NONE', *, *, #1864, .F. ) ;
#1544 = VECTOR ( 'NONE', #2443, 1000.000000000000000 ) ;
#1545 =( GEOMETRIC_REPRESENTATION_CONTEXT ( 3 ) GLOBAL_UNCERTAINTY_ASSIGNED_CONTEXT ( ( #2397 ) ) GLOBAL_UNIT_ASSIGNED_CONTEXT ( ( #43, #1658, #2497 ) ) REPRESENTATION_CONTEXT ( 'NONE', 'WORKASPACE' ) );
#1546 = VERTEX_POINT ( 'NONE', #533 ) ;
#1547 = AXIS2_PLACEMENT_3D ( 'NONE', #669, #1077, #295 ) ;
#1548 = ADVANCED_FACE ( 'NONE', ( #1392 ), #1966, .F. ) ;
#1549 = CARTESIAN_POINT ( 'NONE',  ( 19.04999999999999716, -1.016000000000000014, -0.1905000000000000027 ) ) ;
#1550 = ORIENTED_EDGE ( 'NONE', *, *, #169, .F. ) ;
#1551 = SURFACE_SIDE_STYLE ('',( #757 ) ) ;
#1552 = DIRECTION ( 'NONE',  ( 0.0000000000000000000, 0.0000000000000000000, -1.000000000000000000 ) ) ;
#1553 =( LENGTH_UNIT ( ) NAMED_UNIT ( * ) SI_UNIT ( .MILLI., .METRE. ) );
#1554 = VECTOR ( 'NONE', #660, 1000.000000000000000 ) ;
#1555 = DIRECTION ( 'NONE',  ( -0.0000000000000000000, 0.0000000000000000000, -1.000000000000000000 ) ) ;
#1556 = FILL_AREA_STYLE_COLOUR ( '', #765 ) ;
#1557 = ORIENTED_EDGE ( 'NONE', *, *, #16, .F. ) ;
#1558 = VECTOR ( 'NONE', #1425, 1000.000000000000114 ) ;
#1559 = ORIENTED_EDGE ( 'NONE', *, *, #905, .F. ) ;
#1560 = CARTESIAN_POINT ( 'NONE',  ( 18.54199999999999804, -2.331928601384509822E-16, 0.1905000000000000027 ) ) ;
#1561 = DIRECTION ( 'NONE',  ( 0.0000000000000000000, 1.000000000000000000, 0.0000000000000000000 ) ) ;
#1562 = FACE_OUTER_BOUND ( 'NONE', #1434, .T. ) ;
#1563 = VERTEX_POINT ( 'NONE', #201 ) ;
#1564 = EDGE_CURVE ( 'NONE', #2374, #2428, #218, .T. ) ;
#1565 = VECTOR ( 'NONE', #1181, 1000.000000000000000 ) ;
#1566 = VECTOR ( 'NONE', #1996, 1000.000000000000000 ) ;
#1567 =( NAMED_UNIT ( * ) SI_UNIT ( $, .STERADIAN. ) SOLID_ANGLE_UNIT ( ) );
#1568 = PLANE ( 'NONE',  #2571 ) ;
#1569 = EDGE_CURVE ( 'NONE', #2452, #609, #1198, .T. ) ;
#1570 = CARTESIAN_POINT ( 'NONE',  ( 1.649999999999999023, -5.587999999999999190, -0.1905000000000000027 ) ) ;
#1571 = CARTESIAN_POINT ( 'NONE',  ( 0.2027173100506916570, 9.957282689949314758, 1.651000000000000023 ) ) ;
#1572 = ORIENTED_EDGE ( 'NONE', *, *, #1178, .F. ) ;
#1573 = UNCERTAINTY_MEASURE_WITH_UNIT (LENGTH_MEASURE( 1.000000000000000082E-05 ), #496, 'distance_accuracy_value', 'NONE');
#1574 = DIRECTION ( 'NONE',  ( 1.000000000000000000, 0.0000000000000000000, -0.0000000000000000000 ) ) ;
#1575 = LINE ( 'NONE', #382, #2543 ) ;
#1576 = CYLINDRICAL_SURFACE ( 'NONE', #311, 0.5000000000000002220 ) ;
#1577 = CARTESIAN_POINT ( 'NONE',  ( 0.0000000000000000000, 0.0000000000000000000, -0.1905000000000000027 ) ) ;
#1578 = CARTESIAN_POINT ( 'NONE',  ( 2.539999999999998703, -1.015999999999999792, -0.1905000000000000027 ) ) ;
#1579 = SURFACE_STYLE_FILL_AREA ( #698 ) ;
#1580 = ADVANCED_FACE ( 'NONE', ( #1216 ), #1644, .F. ) ;
#1581 = MECHANICAL_DESIGN_GEOMETRIC_PRESENTATION_REPRESENTATION (  '', ( #2302 ), #967 ) ;
#1582 = CARTESIAN_POINT ( 'NONE',  ( 1.651999999999999247, 1.452875049250767603, 1.651000000000000023 ) ) ;
#1583 = ORIENTED_EDGE ( 'NONE', *, *, #2413, .F. ) ;
#1584 = AXIS2_PLACEMENT_3D ( 'NONE', #2238, #1802, #2468 ) ;
#1585 =( GEOMETRIC_REPRESENTATION_CONTEXT ( 3 ) GLOBAL_UNCERTAINTY_ASSIGNED_CONTEXT ( ( #1345 ) ) GLOBAL_UNIT_ASSIGNED_CONTEXT ( ( #1674, #1259, #491 ) ) REPRESENTATION_CONTEXT ( 'NONE', 'WORKASPACE' ) );
#1586 = SURFACE_SIDE_STYLE ('',( #211 ) ) ;
#1587 = ORIENTED_EDGE ( 'NONE', *, *, #1302, .F. ) ;
#1588 =( NAMED_UNIT ( * ) PLANE_ANGLE_UNIT ( ) SI_UNIT ( $, .RADIAN. ) );
#1589 = DIRECTION ( 'NONE',  ( 1.000000000000000000, 0.0000000000000000000, 0.0000000000000000000 ) ) ;
#1590 =( NAMED_UNIT ( * ) PLANE_ANGLE_UNIT ( ) SI_UNIT ( $, .RADIAN. ) );
#1591 = ADVANCED_FACE ( 'NONE', ( #1872 ), #428, .F. ) ;
#1592 = VECTOR ( 'NONE', #1266, 1000.000000000000000 ) ;
#1593 = PRESENTATION_STYLE_ASSIGNMENT (( #1980 ) ) ;
#1594 = EDGE_CURVE ( 'NONE', #815, #1709, #1098, .T. ) ;
#1595 =( GEOMETRIC_REPRESENTATION_CONTEXT ( 3 ) GLOBAL_UNCERTAINTY_ASSIGNED_CONTEXT ( ( #497 ) ) GLOBAL_UNIT_ASSIGNED_CONTEXT ( ( #697, #1958, #2378 ) ) REPRESENTATION_CONTEXT ( 'NONE', 'WORKASPACE' ) );
#1596 =( GEOMETRIC_REPRESENTATION_CONTEXT ( 3 ) GLOBAL_UNCERTAINTY_ASSIGNED_CONTEXT ( ( #2097 ) ) GLOBAL_UNIT_ASSIGNED_CONTEXT ( ( #1553, #2363, #374 ) ) REPRESENTATION_CONTEXT ( 'NONE', 'WORKASPACE' ) );
#1597 = PLANE ( 'NONE',  #2001 ) ;
#1598 =( LENGTH_UNIT ( ) NAMED_UNIT ( * ) SI_UNIT ( .MILLI., .METRE. ) );
#1599 = COLOUR_RGB ( '',0.8980392156862745390, 0.9215686274509803377, 0.9294117647058823817 ) ;
#1600 = DIRECTION ( 'NONE',  ( 1.000000000000000000, 0.0000000000000000000, -0.0000000000000000000 ) ) ;
#1601 = CARTESIAN_POINT ( 'NONE',  ( 19.04999999999999716, -1.016000000000000014, -0.1905000000000000027 ) ) ;
#1602 = LINE ( 'NONE', #217, #1118 ) ;
#1603 =( GEOMETRIC_REPRESENTATION_CONTEXT ( 3 ) GLOBAL_UNCERTAINTY_ASSIGNED_CONTEXT ( ( #997 ) ) GLOBAL_UNIT_ASSIGNED_CONTEXT ( ( #2541, #1525, #1900 ) ) REPRESENTATION_CONTEXT ( 'NONE', 'WORKASPACE' ) );
#1604 = DIRECTION ( 'NONE',  ( 0.0000000000000000000, 0.0000000000000000000, 1.000000000000000000 ) ) ;
#1605 = EDGE_CURVE ( 'NONE', #2428, #540, #2494, .T. ) ;
#1606 = ORIENTED_EDGE ( 'NONE', *, *, #2064, .F. ) ;
#1607 = ADVANCED_FACE ( 'NONE', ( #1688 ), #70, .F. ) ;
#1608 = LINE ( 'NONE', #1633, #2018 ) ;
#1609 = ORIENTED_EDGE ( 'NONE', *, *, #2526, .F. ) ;
#1610 = FILL_AREA_STYLE ('',( #971 ) ) ;
#1611 = CARTESIAN_POINT ( 'NONE',  ( 13.97000000000000064, -1.016000000000000014, 0.1905000000000000027 ) ) ;
#1612 = CARTESIAN_POINT ( 'NONE',  ( 20.32000000000000028, -1.015999999999999792, -0.1905000000000000027 ) ) ;
#1613 =( NAMED_UNIT ( * ) PLANE_ANGLE_UNIT ( ) SI_UNIT ( $, .RADIAN. ) );
#1614 = LINE ( 'NONE', #583, #794 ) ;
#1615 = AXIS2_PLACEMENT_3D ( 'NONE', #1164, #1903, #113 ) ;
#1616 = CARTESIAN_POINT ( 'NONE',  ( 2.032000000000000028, -5.587999999999999190, -0.1905000000000000027 ) ) ;
#1617 = ORIENTED_EDGE ( 'NONE', *, *, #65, .F. ) ;
#1618 = UNCERTAINTY_MEASURE_WITH_UNIT (LENGTH_MEASURE( 1.000000000000000082E-05 ), #2074, 'distance_accuracy_value', 'NONE');
#1619 = COLOUR_RGB ( '',0.8980392156862745390, 0.9215686274509803377, 0.9294117647058823817 ) ;
#1620 =( NAMED_UNIT ( * ) SI_UNIT ( $, .STERADIAN. ) SOLID_ANGLE_UNIT ( ) );
#1621 = EDGE_CURVE ( 'NONE', #2545, #1310, #1726, .T. ) ;
#1622 = STYLED_ITEM ( 'NONE', ( #792 ), #1997 ) ;
#1623 = SURFACE_STYLE_USAGE ( .BOTH. , #2484 ) ;
#1624 =( LENGTH_UNIT ( ) NAMED_UNIT ( * ) SI_UNIT ( .MILLI., .METRE. ) );
#1625 = MECHANICAL_DESIGN_GEOMETRIC_PRESENTATION_REPRESENTATION (  '', ( #2399 ), #2228 ) ;
#1626 = CARTESIAN_POINT ( 'NONE',  ( 18.54199999999999804, -1.016000000000000014, -0.1905000000000000027 ) ) ;
#1627 = SURFACE_STYLE_FILL_AREA ( #2056 ) ;
#1628 = MANIFOLD_SOLID_BREP ( 'Cut-Extrude4', #1204 ) ;
#1629 = CARTESIAN_POINT ( 'NONE',  ( 19.43200000000000216, -5.587999999999998302, -0.1905000000000000027 ) ) ;
#1630 = VERTEX_POINT ( 'NONE', #86 ) ;
#1631 = AXIS2_PLACEMENT_3D ( 'NONE', #1984, #2372, #2403 ) ;
#1632 = DIRECTION ( 'NONE',  ( 7.588466649067400787E-16, 1.000000000000000000, 0.0000000000000000000 ) ) ;
#1633 = CARTESIAN_POINT ( 'NONE',  ( 20.87928268994929937, 8.912347894638595346E-15, 1.651000000000000023 ) ) ;
#1634 = ORIENTED_EDGE ( 'NONE', *, *, #2309, .T. ) ;
#1635 = EDGE_CURVE ( 'NONE', #733, #1867, #2519, .T. ) ;
#1636 =( NAMED_UNIT ( * ) SI_UNIT ( $, .STERADIAN. ) SOLID_ANGLE_UNIT ( ) );
#1637 = PRESENTATION_LAYER_ASSIGNMENT (  '', '', ( #1207 ) ) ;
#1638 = ADVANCED_FACE ( 'NONE', ( #1321 ), #2144, .F. ) ;
#1639 = PRESENTATION_STYLE_ASSIGNMENT (( #458 ) ) ;
#1640 = PRESENTATION_STYLE_ASSIGNMENT (( #1652 ) ) ;
#1641 = MECHANICAL_DESIGN_GEOMETRIC_PRESENTATION_REPRESENTATION (  '', ( #647 ), #2206 ) ;
#1642 = CARTESIAN_POINT ( 'NONE',  ( 3.301999999999998714, -1.016000000000000014, -0.1905000000000000027 ) ) ;
#1643 = VERTEX_POINT ( 'NONE', #1629 ) ;
#1644 = PLANE ( 'NONE',  #433 ) ;
#1645 = CARTESIAN_POINT ( 'NONE',  ( 20.87928268994929581, 9.957282689949314758, -1.651000000000000023 ) ) ;
#1646 = ORIENTED_EDGE ( 'NONE', *, *, #1161, .F. ) ;
#1647 = FILL_AREA_STYLE_COLOUR ( '', #688 ) ;
#1648 = CARTESIAN_POINT ( 'NONE',  ( 1.649999999999999023, -5.207999999999999297, 0.1905000000000000027 ) ) ;
#1649 = ORIENTED_EDGE ( 'NONE', *, *, #257, .T. ) ;
#1650 = PLANE ( 'NONE',  #1291 ) ;
#1651 = CARTESIAN_POINT ( 'NONE',  ( 20.56918072585774127, 0.0000000000000000000, 4.176577823556958613 ) ) ;
#1652 = SURFACE_STYLE_USAGE ( .BOTH. , #773 ) ;
#1653 = EDGE_CURVE ( 'NONE', #2486, #2294, #1444, .T. ) ;
#1654 = VERTEX_POINT ( 'NONE', #836 ) ;
#1655 = CARTESIAN_POINT ( 'NONE',  ( 2.539999999999998703, -2.032879073410322355E-17, -0.1905000000000001414 ) ) ;
#1656 = DIRECTION ( 'NONE',  ( -0.0000000000000000000, -0.0000000000000000000, -1.000000000000000000 ) ) ;
#1657 = ORIENTED_EDGE ( 'NONE', *, *, #193, .F. ) ;
#1658 =( NAMED_UNIT ( * ) PLANE_ANGLE_UNIT ( ) SI_UNIT ( $, .RADIAN. ) );
#1659 = ORIENTED_EDGE ( 'NONE', *, *, #1477, .T. ) ;
#1660 = FILL_AREA_STYLE ('',( #1248 ) ) ;
#1661 = LINE ( 'NONE', #1083, #1162 ) ;
#1662 = CARTESIAN_POINT ( 'NONE',  ( 0.2027173100506958203, 0.1793268511986819413, 1.651000000000000023 ) ) ;
#1663 = FILL_AREA_STYLE ('',( #1456 ) ) ;
#1664 = CARTESIAN_POINT ( 'NONE',  ( -0.1997065248175266539, 0.0000000000000000000, 1.626479122040835001 ) ) ;
#1665 = ORIENTED_EDGE ( 'NONE', *, *, #525, .F. ) ;
#1666 = UNCERTAINTY_MEASURE_WITH_UNIT (LENGTH_MEASURE( 1.000000000000000082E-05 ), #1624, 'distance_accuracy_value', 'NONE');
#1667 = MECHANICAL_DESIGN_GEOMETRIC_PRESENTATION_REPRESENTATION (  '', ( #627 ), #1192 ) ;
#1668 = EDGE_CURVE ( 'NONE', #1713, #1041, #1710, .T. ) ;
#1669 = FILL_AREA_STYLE ('',( #2606 ) ) ;
#1670 = CARTESIAN_POINT ( 'NONE',  ( 4.571999999999999176, -1.016000000000000014, 0.1905000000000000027 ) ) ;
#1671 = ORIENTED_EDGE ( 'NONE', *, *, #538, .T. ) ;
#1672 = VECTOR ( 'NONE', #1217, 1000.000000000000000 ) ;
#1673 = LINE ( 'NONE', #631, #2463 ) ;
#1674 =( LENGTH_UNIT ( ) NAMED_UNIT ( * ) SI_UNIT ( .MILLI., .METRE. ) );
#1675 = ORIENTED_EDGE ( 'NONE', *, *, #1564, .F. ) ;
#1676 = FACE_OUTER_BOUND ( 'NONE', #277, .T. ) ;
#1677 = AXIS2_PLACEMENT_3D ( 'NONE', #386, #2462, #1998 ) ;
#1678 = SURFACE_STYLE_FILL_AREA ( #1663 ) ;
#1679 = PRESENTATION_LAYER_ASSIGNMENT (  '', '', ( #565 ) ) ;
#1680 = VERTEX_POINT ( 'NONE', #849 ) ;
#1681 = AXIS2_PLACEMENT_3D ( 'NONE', #964, #1975, #376 ) ;
#1682 = CARTESIAN_POINT ( 'NONE',  ( 15.24000000000000021, -1.015999999999999792, 0.1905000000000000027 ) ) ;
#1683 = CARTESIAN_POINT ( 'NONE',  ( 0.1997065248175260987, 0.0000000000000000000, 1.626479122040835001 ) ) ;
#1684 = MECHANICAL_DESIGN_GEOMETRIC_PRESENTATION_REPRESENTATION (  '', ( #1211 ), #1603 ) ;
#1685 = SURFACE_STYLE_USAGE ( .BOTH. , #301 ) ;
#1686 = ORIENTED_EDGE ( 'NONE', *, *, #2546, .F. ) ;
#1687 = AXIS2_PLACEMENT_3D ( 'NONE', #106, #1106, #883 ) ;
#1688 = FACE_OUTER_BOUND ( 'NONE', #441, .T. ) ;
#1689 = VERTEX_POINT ( 'NONE', #2123 ) ;
#1690 = EDGE_CURVE ( 'NONE', #2545, #110, #2094, .T. ) ;
#1691 =( LENGTH_UNIT ( ) NAMED_UNIT ( * ) SI_UNIT ( .MILLI., .METRE. ) );
#1692 = VERTEX_POINT ( 'NONE', #871 ) ;
#1693 =( NAMED_UNIT ( * ) SI_UNIT ( $, .STERADIAN. ) SOLID_ANGLE_UNIT ( ) );
#1694 = ORIENTED_EDGE ( 'NONE', *, *, #1690, .T. ) ;
#1695 = CARTESIAN_POINT ( 'NONE',  ( 19.81200000000000117, -5.587999999999998302, 0.1905000000000000027 ) ) ;
#1696 = FACE_OUTER_BOUND ( 'NONE', #2066, .T. ) ;
#1697 = PRESENTATION_STYLE_ASSIGNMENT (( #1685 ) ) ;
#1698 = UNCERTAINTY_MEASURE_WITH_UNIT (LENGTH_MEASURE( 1.000000000000000082E-05 ), #879, 'distance_accuracy_value', 'NONE');
#1699 = EDGE_LOOP ( 'NONE', ( #1875, #611, #1694, #1177, #151, #1845, #626, #1076, #1877, #2016 ) ) ;
#1700 = COLOUR_RGB ( '',0.8980392156862745390, 0.9215686274509803377, 0.9294117647058823817 ) ;
#1701 = PRESENTATION_LAYER_ASSIGNMENT (  '', '', ( #1959 ) ) ;
#1702 = LINE ( 'NONE', #2553, #19 ) ;
#1703 = CARTESIAN_POINT ( 'NONE',  ( 13.46199999999999797, -2.331928601384511794E-16, 0.1905000000000000027 ) ) ;
#1704 = ORIENTED_EDGE ( 'NONE', *, *, #263, .T. ) ;
#1705 = ADVANCED_FACE ( 'NONE', ( #889 ), #2365, .F. ) ;
#1706 = FILL_AREA_STYLE_COLOUR ( '', #1770 ) ;
#1707 = EDGE_CURVE ( 'NONE', #2192, #1058, #2639, .T. ) ;
#1708 = CARTESIAN_POINT ( 'NONE',  ( 20.32000000000000028, -1.545065925005135840E-17, -0.1905000000000000027 ) ) ;
#1709 = VERTEX_POINT ( 'NONE', #1839 ) ;
#1710 = LINE ( 'NONE', #673, #2520 ) ;
#1711 = PRESENTATION_LAYER_ASSIGNMENT (  '', '', ( #975 ) ) ;
#1712 =( LENGTH_UNIT ( ) NAMED_UNIT ( * ) SI_UNIT ( .MILLI., .METRE. ) );
#1713 = VERTEX_POINT ( 'NONE', #37 ) ;
#1714 =( NAMED_UNIT ( * ) SI_UNIT ( $, .STERADIAN. ) SOLID_ANGLE_UNIT ( ) );
#1715 = ORIENTED_EDGE ( 'NONE', *, *, #1329, .F. ) ;
#1716 = VECTOR ( 'NONE', #927, 1000.000000000000000 ) ;
#1717 = EDGE_CURVE ( 'NONE', #423, #1007, #2026, .T. ) ;
#1718 = LINE ( 'NONE', #1740, #332 ) ;
#1719 = FILL_AREA_STYLE_COLOUR ( '', #549 ) ;
#1720 = ORIENTED_EDGE ( 'NONE', *, *, #2010, .F. ) ;
#1721 = EDGE_CURVE ( 'NONE', #1099, #369, #209, .T. ) ;
#1722 = SURFACE_STYLE_FILL_AREA ( #2558 ) ;
#1723 =( NAMED_UNIT ( * ) SI_UNIT ( $, .STERADIAN. ) SOLID_ANGLE_UNIT ( ) );
#1724 = ORIENTED_EDGE ( 'NONE', *, *, #1721, .T. ) ;
#1725 = VECTOR ( 'NONE', #1011, 1000.000000000000000 ) ;
#1726 = LINE ( 'NONE', #1905, #7 ) ;
#1727 = ORIENTED_EDGE ( 'NONE', *, *, #2309, .F. ) ;
#1728 = AXIS2_PLACEMENT_3D ( 'NONE', #17, #1051, #649 ) ;
#1729 = SURFACE_STYLE_FILL_AREA ( #75 ) ;
#1730 = CARTESIAN_POINT ( 'NONE',  ( 0.7619999999999987894, 0.0000000000000000000, 0.1905000000000001414 ) ) ;
#1731 = ORIENTED_EDGE ( 'NONE', *, *, #169, .T. ) ;
#1732 = LINE ( 'NONE', #1745, #949 ) ;
#1733 = DIRECTION ( 'NONE',  ( 1.000000000000000000, 0.0000000000000000000, 0.0000000000000000000 ) ) ;
#1734 = DIRECTION ( 'NONE',  ( 1.000000000000000000, 0.0000000000000000000, 0.0000000000000000000 ) ) ;
#1735 = ORIENTED_EDGE ( 'NONE', *, *, #1426, .F. ) ;
#1736 = FILL_AREA_STYLE_COLOUR ( '', #484 ) ;
#1737 = LINE ( 'NONE', #1549, #1101 ) ;
#1738 = ORIENTED_EDGE ( 'NONE', *, *, #1230, .T. ) ;
#1739 = COLOUR_RGB ( '',0.5019607843137254832, 0.5019607843137254832, 0.5019607843137254832 ) ;
#1740 = CARTESIAN_POINT ( 'NONE',  ( 19.05000000000000071, -5.587999999999998302, -0.1905000000000000027 ) ) ;
#1741 = PLANE ( 'NONE',  #719 ) ;
#1742 =( NAMED_UNIT ( * ) PLANE_ANGLE_UNIT ( ) SI_UNIT ( $, .RADIAN. ) );
#1743 = VECTOR ( 'NONE', #2620, 1000.000000000000000 ) ;
#1744 = VECTOR ( 'NONE', #2249, 1000.000000000000000 ) ;
#1745 = CARTESIAN_POINT ( 'NONE',  ( 20.32000000000000028, -1.545065925005135840E-17, 0.1905000000000000027 ) ) ;
#1746 =( NAMED_UNIT ( * ) SI_UNIT ( $, .STERADIAN. ) SOLID_ANGLE_UNIT ( ) );
#1747 = DIRECTION ( 'NONE',  ( 1.000000000000000000, 0.0000000000000000000, 0.0000000000000000000 ) ) ;
#1748 = CARTESIAN_POINT ( 'NONE',  ( 15.24000000000000021, -1.015999999999999792, 0.1905000000000000027 ) ) ;
#1749 = UNCERTAINTY_MEASURE_WITH_UNIT (LENGTH_MEASURE( 1.000000000000000082E-05 ), #2105, 'distance_accuracy_value', 'NONE');
#1750 = AXIS2_PLACEMENT_3D ( 'NONE', #1179, #1820, #2637 ) ;
#1751 = ADVANCED_FACE ( 'NONE', ( #1387 ), #782, .T. ) ;
#1752 = ORIENTED_EDGE ( 'NONE', *, *, #1605, .F. ) ;
#1753 = VECTOR ( 'NONE', #360, 1000.000000000000000 ) ;
#1754 = SURFACE_SIDE_STYLE ('',( #2005 ) ) ;
#1755 = CARTESIAN_POINT ( 'NONE',  ( 0.0000000000000000000, 0.0000000000000000000, 0.1905000000000001414 ) ) ;
#1756 = ORIENTED_EDGE ( 'NONE', *, *, #410, .F. ) ;
#1757 = PLANE ( 'NONE',  #1388 ) ;
#1758 = FILL_AREA_STYLE_COLOUR ( '', #1097 ) ;
#1759 = DIRECTION ( 'NONE',  ( 1.000000000000000000, 0.0000000000000000000, -0.0000000000000000000 ) ) ;
#1760 = FACE_OUTER_BOUND ( 'NONE', #1344, .T. ) ;
#1761 = MECHANICAL_DESIGN_GEOMETRIC_PRESENTATION_REPRESENTATION (  '', ( #279 ), #20 ) ;
#1762 = FACE_OUTER_BOUND ( 'NONE', #1890, .T. ) ;
#1763 = ORIENTED_EDGE ( 'NONE', *, *, #1029, .F. ) ;
#1764 = MECHANICAL_DESIGN_GEOMETRIC_PRESENTATION_REPRESENTATION (  '', ( #641 ), #1380 ) ;
#1765 = VECTOR ( 'NONE', #801, 1000.000000000000000 ) ;
#1766 = EDGE_LOOP ( 'NONE', ( #488, #1460 ) ) ;
#1767 = DIRECTION ( 'NONE',  ( -0.0000000000000000000, -0.0000000000000000000, 1.000000000000000000 ) ) ;
#1768 = DIRECTION ( 'NONE',  ( -0.0000000000000000000, -0.0000000000000000000, -1.000000000000000000 ) ) ;
#1769 = ORIENTED_EDGE ( 'NONE', *, *, #1531, .F. ) ;
#1770 = COLOUR_RGB ( '',0.8980392156862745390, 0.9215686274509803377, 0.9294117647058823817 ) ;
#1771 = EDGE_CURVE ( 'NONE', #68, #1680, #1614, .T. ) ;
#1772 = STYLED_ITEM ( 'NONE', ( #948 ), #610 ) ;
#1773 = LINE ( 'NONE', #1136, #521 ) ;
#1774 = ORIENTED_EDGE ( 'NONE', *, *, #2315, .T. ) ;
#1775 = EDGE_CURVE ( 'NONE', #733, #555, #2234, .T. ) ;
#1776 =( NAMED_UNIT ( * ) SI_UNIT ( $, .STERADIAN. ) SOLID_ANGLE_UNIT ( ) );
#1777 =( LENGTH_UNIT ( ) NAMED_UNIT ( * ) SI_UNIT ( .MILLI., .METRE. ) );
#1778 =( LENGTH_UNIT ( ) NAMED_UNIT ( * ) SI_UNIT ( .MILLI., .METRE. ) );
#1779 = VERTEX_POINT ( 'NONE', #1823 ) ;
#1780 = DIRECTION ( 'NONE',  ( -0.0000000000000000000, 0.0000000000000000000, -1.000000000000000000 ) ) ;
#1781 = FILL_AREA_STYLE ('',( #2385 ) ) ;
#1782 = EDGE_CURVE ( 'NONE', #1680, #1546, #4, .T. ) ;
#1783 = LINE ( 'NONE', #2376, #1896 ) ;
#1784 = FACE_OUTER_BOUND ( 'NONE', #870, .T. ) ;
#1785 = PLANE ( 'NONE',  #72 ) ;
#1786 = ORIENTED_EDGE ( 'NONE', *, *, #2513, .T. ) ;
#1787 = PRESENTATION_LAYER_ASSIGNMENT (  '', '', ( #349 ) ) ;
#1788 = FACE_OUTER_BOUND ( 'NONE', #1128, .T. ) ;
#1789 =( NAMED_UNIT ( * ) PLANE_ANGLE_UNIT ( ) SI_UNIT ( $, .RADIAN. ) );
#1790 = COLOUR_RGB ( '',0.5019607843137254832, 0.5019607843137254832, 0.5019607843137254832 ) ;
#1791 = DIRECTION ( 'NONE',  ( 0.1218693434051480451, 0.0000000000000000000, -0.9925461516413218721 ) ) ;
#1792 =( GEOMETRIC_REPRESENTATION_CONTEXT ( 3 ) GLOBAL_UNCERTAINTY_ASSIGNED_CONTEXT ( ( #1045 ) ) GLOBAL_UNIT_ASSIGNED_CONTEXT ( ( #1501, #1303, #2534 ) ) REPRESENTATION_CONTEXT ( 'NONE', 'WORKASPACE' ) );
#1793 =( NAMED_UNIT ( * ) PLANE_ANGLE_UNIT ( ) SI_UNIT ( $, .RADIAN. ) );
#1794 = ORIENTED_EDGE ( 'NONE', *, *, #1801, .F. ) ;
#1795 = FILL_AREA_STYLE_COLOUR ( '', #1539 ) ;
#1796 = SURFACE_SIDE_STYLE ('',( #944 ) ) ;
#1797 = ORIENTED_EDGE ( 'NONE', *, *, #1105, .F. ) ;
#1798 = CARTESIAN_POINT ( 'NONE',  ( 5.079999999999998295, -1.015999999999999792, 0.1905000000000000027 ) ) ;
#1799 = CARTESIAN_POINT ( 'NONE',  ( 15.24000000000000021, -1.015999999999999792, -0.1905000000000000027 ) ) ;
#1800 = CARTESIAN_POINT ( 'NONE',  ( 4.189999999999999503, -5.207999999999999297, 0.1905000000000000027 ) ) ;
#1801 = EDGE_CURVE ( 'NONE', #789, #2500, #621, .T. ) ;
#1802 = DIRECTION ( 'NONE',  ( 0.0000000000000000000, 1.000000000000000000, 0.0000000000000000000 ) ) ;
#1803 = ORIENTED_EDGE ( 'NONE', *, *, #90, .T. ) ;
#1804 = AXIS2_PLACEMENT_3D ( 'NONE', #527, #2167, #1759 ) ;
#1805 =( NAMED_UNIT ( * ) PLANE_ANGLE_UNIT ( ) SI_UNIT ( $, .RADIAN. ) );
#1806 =( LENGTH_UNIT ( ) NAMED_UNIT ( * ) SI_UNIT ( .MILLI., .METRE. ) );
#1807 = LINE ( 'NONE', #1832, #558 ) ;
#1808 = ORIENTED_EDGE ( 'NONE', *, *, #1212, .T. ) ;
#1809 = LINE ( 'NONE', #723, #1566 ) ;
#1810 = VECTOR ( 'NONE', #219, 1000.000000000000000 ) ;
#1811 = DIRECTION ( 'NONE',  ( -1.000000000000000000, 7.588466649067402759E-16, 0.0000000000000000000 ) ) ;
#1812 = FILL_AREA_STYLE_COLOUR ( '', #2284 ) ;
#1813 = MECHANICAL_DESIGN_GEOMETRIC_PRESENTATION_REPRESENTATION (  '', ( #530 ), #955 ) ;
#1814 = DIRECTION ( 'NONE',  ( -1.000000000000000000, 0.0000000000000000000, 0.0000000000000000000 ) ) ;
#1815 = DIRECTION ( 'NONE',  ( 1.000000000000000000, -0.0000000000000000000, -0.0000000000000000000 ) ) ;
#1816 = FILL_AREA_STYLE ('',( #999 ) ) ;
#1817 = LINE ( 'NONE', #2255, #1765 ) ;
#1818 = ORIENTED_EDGE ( 'NONE', *, *, #1426, .T. ) ;
#1819 = DIRECTION ( 'NONE',  ( -7.588466649067402759E-16, 1.000000000000000000, 0.0000000000000000000 ) ) ;
#1820 = DIRECTION ( 'NONE',  ( 0.0000000000000000000, 0.9925461516413229823, 0.1218693434051405372 ) ) ;
#1821 = CARTESIAN_POINT ( 'NONE',  ( 2.539999999999998703, -1.015999999999999792, 0.1905000000000000027 ) ) ;
#1822 = PLANE ( 'NONE',  #380 ) ;
#1823 = CARTESIAN_POINT ( 'NONE',  ( 19.81200000000000117, -5.207999999999998408, 0.1905000000000000027 ) ) ;
#1824 =( NAMED_UNIT ( * ) SI_UNIT ( $, .STERADIAN. ) SOLID_ANGLE_UNIT ( ) );
#1825 =( GEOMETRIC_REPRESENTATION_CONTEXT ( 3 ) GLOBAL_UNCERTAINTY_ASSIGNED_CONTEXT ( ( #2187 ) ) GLOBAL_UNIT_ASSIGNED_CONTEXT ( ( #1778, #2603, #746 ) ) REPRESENTATION_CONTEXT ( 'NONE', 'WORKASPACE' ) );
#1826 = UNCERTAINTY_MEASURE_WITH_UNIT (LENGTH_MEASURE( 1.000000000000000082E-05 ), #18, 'distance_accuracy_value', 'NONE');
#1827 = VECTOR ( 'NONE', #983, 1000.000000000000000 ) ;
#1828 = ORIENTED_EDGE ( 'NONE', *, *, #107, .F. ) ;
#1829 = PRESENTATION_LAYER_ASSIGNMENT (  '', '', ( #5 ) ) ;
#1830 = SURFACE_STYLE_USAGE ( .BOTH. , #2225 ) ;
#1831 = CIRCLE ( 'NONE', #477, 0.5000000000000002220 ) ;
#1832 = CARTESIAN_POINT ( 'NONE',  ( 19.81200000000000472, -1.016000000000000014, -0.1905000000000000027 ) ) ;
#1833 = ORIENTED_EDGE ( 'NONE', *, *, #867, .T. ) ;
#1834 = CYLINDRICAL_SURFACE ( 'NONE', #1038, 0.5000000000000002220 ) ;
#1835 = CARTESIAN_POINT ( 'NONE',  ( 2.151999999999999247, 1.452875049250767603, 1.651000000000000023 ) ) ;
#1836 = SURFACE_STYLE_FILL_AREA ( #1004 ) ;
#1837 = VECTOR ( 'NONE', #1416, 1000.000000000000000 ) ;
#1838 = SURFACE_SIDE_STYLE ('',( #1222 ) ) ;
#1839 = CARTESIAN_POINT ( 'NONE',  ( 21.08199999999999363, 0.0000000000000000000, 0.0000000000000000000 ) ) ;
#1840 = FILL_AREA_STYLE ('',( #1223 ) ) ;
#1841 = ORIENTED_EDGE ( 'NONE', *, *, #542, .T. ) ;
#1842 = CARTESIAN_POINT ( 'NONE',  ( 1.651999999999999247, 1.452875049250767603, 1.270000000000000018 ) ) ;
#1843 = CARTESIAN_POINT ( 'NONE',  ( 14.35200000000000031, -5.207999999999999297, 0.1905000000000000027 ) ) ;
#1844 = VECTOR ( 'NONE', #2339, 1000.000000000000000 ) ;
#1845 = ORIENTED_EDGE ( 'NONE', *, *, #2509, .T. ) ;
#1846 = PRESENTATION_LAYER_ASSIGNMENT (  '', '', ( #1202 ) ) ;
#1847 = FACE_OUTER_BOUND ( 'NONE', #384, .T. ) ;
#1848 = ORIENTED_EDGE ( 'NONE', *, *, #309, .T. ) ;
#1849 = ADVANCED_FACE ( 'NONE', ( #92 ), #2090, .F. ) ;
#1850 = MECHANICAL_DESIGN_GEOMETRIC_PRESENTATION_REPRESENTATION (  '', ( #2241 ), #803 ) ;
#1851 = SURFACE_SIDE_STYLE ('',( #1836 ) ) ;
#1852 = EDGE_CURVE ( 'NONE', #800, #1047, #2542, .T. ) ;
#1853 = FILL_AREA_STYLE ('',( #1030 ) ) ;
#1854 = DIRECTION ( 'NONE',  ( -0.0000000000000000000, 0.0000000000000000000, -1.000000000000000000 ) ) ;
#1855 = CARTESIAN_POINT ( 'NONE',  ( 4.571999999999999176, -1.016000000000000014, 0.1905000000000000027 ) ) ;
#1856 = CARTESIAN_POINT ( 'NONE',  ( 4.571999999999999176, -1.016000000000000014, 0.1905000000000000027 ) ) ;
#1857 =( NAMED_UNIT ( * ) PLANE_ANGLE_UNIT ( ) SI_UNIT ( $, .RADIAN. ) );
#1858 = ORIENTED_EDGE ( 'NONE', *, *, #1261, .F. ) ;
#1859 = UNCERTAINTY_MEASURE_WITH_UNIT (LENGTH_MEASURE( 1.000000000000000082E-05 ), #1467, 'distance_accuracy_value', 'NONE');
#1860 = CARTESIAN_POINT ( 'NONE',  ( 0.0000000000000000000, 0.0000000000000000000, 1.651000000000000023 ) ) ;
#1861 = CARTESIAN_POINT ( 'NONE',  ( 3.809999999999998277, -1.016000000000000014, 0.1905000000000000027 ) ) ;
#1862 = ORIENTED_EDGE ( 'NONE', *, *, #822, .F. ) ;
#1863 = ORIENTED_EDGE ( 'NONE', *, *, #2045, .F. ) ;
#1864 = EDGE_CURVE ( 'NONE', #2178, #266, #1367, .T. ) ;
#1865 = DIRECTION ( 'NONE',  ( -0.0000000000000000000, -0.0000000000000000000, -1.000000000000000000 ) ) ;
#1866 = CARTESIAN_POINT ( 'NONE',  ( 0.0000000000000000000, 10.16000000000000014, 0.0000000000000000000 ) ) ;
#1867 = VERTEX_POINT ( 'NONE', #2134 ) ;
#1868 = EDGE_CURVE ( 'NONE', #1563, #1689, #1352, .T. ) ;
#1869 =( NAMED_UNIT ( * ) SI_UNIT ( $, .STERADIAN. ) SOLID_ANGLE_UNIT ( ) );
#1870 = ORIENTED_EDGE ( 'NONE', *, *, #442, .F. ) ;
#1871 = STYLED_ITEM ( 'NONE', ( #954 ), #2444 ) ;
#1872 = FACE_OUTER_BOUND ( 'NONE', #294, .T. ) ;
#1873 = PRESENTATION_LAYER_ASSIGNMENT (  '', '', ( #1185 ) ) ;
#1874 = PRESENTATION_LAYER_ASSIGNMENT (  '', '', ( #1143 ) ) ;
#1875 = ORIENTED_EDGE ( 'NONE', *, *, #1964, .T. ) ;
#1876 = PRESENTATION_STYLE_ASSIGNMENT (( #1263 ) ) ;
#1877 = ORIENTED_EDGE ( 'NONE', *, *, #2064, .T. ) ;
#1878 = ORIENTED_EDGE ( 'NONE', *, *, #1029, .T. ) ;
#1879 = EDGE_CURVE ( 'NONE', #2126, #449, #1107, .T. ) ;
#1880 = UNCERTAINTY_MEASURE_WITH_UNIT (LENGTH_MEASURE( 1.000000000000000082E-05 ), #1139, 'distance_accuracy_value', 'NONE');
#1881 = SURFACE_SIDE_STYLE ('',( #1117 ) ) ;
#1882 = ORIENTED_EDGE ( 'NONE', *, *, #469, .T. ) ;
#1883 = PLANE ( 'NONE',  #1506 ) ;
#1884 = PLANE ( 'NONE',  #400 ) ;
#1885 = ORIENTED_EDGE ( 'NONE', *, *, #1775, .F. ) ;
#1886 = VECTOR ( 'NONE', #2390, 1000.000000000000000 ) ;
#1887 = MECHANICAL_DESIGN_GEOMETRIC_PRESENTATION_REPRESENTATION (  '', ( #2067 ), #1596 ) ;
#1888 = VECTOR ( 'NONE', #1767, 1000.000000000000000 ) ;
#1889 = DIRECTION ( 'NONE',  ( 1.000000000000000000, -0.0000000000000000000, -0.0000000000000000000 ) ) ;
#1890 = EDGE_LOOP ( 'NONE', ( #2521, #1841, #1253, #2383, #1091, #444, #2574, #2057, #2006, #861 ) ) ;
#1891 = AXIS2_PLACEMENT_3D ( 'NONE', #991, #1814, #1604 ) ;
#1892 = CARTESIAN_POINT ( 'NONE',  ( 0.02339045885200344635, -2.075230720773035831E-17, -0.1905000000000001414 ) ) ;
#1893 = LINE ( 'NONE', #1499, #216 ) ;
#1894 = MECHANICAL_DESIGN_GEOMETRIC_PRESENTATION_REPRESENTATION (  '', ( #2072 ), #2287 ) ;
#1895 = FILL_AREA_STYLE_COLOUR ( '', #2149 ) ;
#1896 = VECTOR ( 'NONE', #2207, 1000.000000000000000 ) ;
#1897 = ADVANCED_FACE ( 'NONE', ( #1330, #1536 ), #1568, .F. ) ;
#1898 = ORIENTED_EDGE ( 'NONE', *, *, #278, .T. ) ;
#1899 = DIRECTION ( 'NONE',  ( -1.000000000000000000, -4.268512490100428165E-16, 0.0000000000000000000 ) ) ;
#1900 =( NAMED_UNIT ( * ) SI_UNIT ( $, .STERADIAN. ) SOLID_ANGLE_UNIT ( ) );
#1901 =( LENGTH_UNIT ( ) NAMED_UNIT ( * ) SI_UNIT ( .MILLI., .METRE. ) );
#1902 = DIRECTION ( 'NONE',  ( 0.0000000000000000000, -1.000000000000000000, 0.0000000000000000000 ) ) ;
#1903 = DIRECTION ( 'NONE',  ( 0.0000000000000000000, 1.000000000000000000, 0.0000000000000000000 ) ) ;
#1904 = CARTESIAN_POINT ( 'NONE',  ( 1.649999999999999023, -5.587999999999999190, 0.1905000000000000027 ) ) ;
#1905 = CARTESIAN_POINT ( 'NONE',  ( 14.34999999999999964, -5.587999999999999190, 0.1905000000000000027 ) ) ;
#1906 = ORIENTED_EDGE ( 'NONE', *, *, #1852, .F. ) ;
#1907 =( GEOMETRIC_REPRESENTATION_CONTEXT ( 3 ) GLOBAL_UNCERTAINTY_ASSIGNED_CONTEXT ( ( #1573 ) ) GLOBAL_UNIT_ASSIGNED_CONTEXT ( ( #496, #920, #1154 ) ) REPRESENTATION_CONTEXT ( 'NONE', 'WORKASPACE' ) );
#1908 = CARTESIAN_POINT ( 'NONE',  ( 0.0000000000000000000, 0.0000000000000000000, 1.651000000000000023 ) ) ;
#1909 = CARTESIAN_POINT ( 'NONE',  ( 19.81200000000000472, -1.016000000000000014, 0.1905000000000000027 ) ) ;
#1910 = ORIENTED_EDGE ( 'NONE', *, *, #2264, .T. ) ;
#1911 = ADVANCED_FACE ( 'NONE', ( #740 ), #144, .F. ) ;
#1912 = DIRECTION ( 'NONE',  ( -0.0000000000000000000, -0.0000000000000000000, -1.000000000000000000 ) ) ;
#1913 = AXIS2_PLACEMENT_3D ( 'NONE', #59, #2078, #1049 ) ;
#1914 = PRESENTATION_STYLE_ASSIGNMENT (( #1264 ) ) ;
#1915 = EDGE_LOOP ( 'NONE', ( #630, #1502, #190, #1265 ) ) ;
#1916 = FILL_AREA_STYLE ('',( #1540 ) ) ;
#1917 = SURFACE_STYLE_USAGE ( .BOTH. , #1095 ) ;
#1918 = AXIS2_PLACEMENT_3D ( 'NONE', #2289, #2136, #493 ) ;
#1919 = AXIS2_PLACEMENT_3D ( 'NONE', #899, #1350, #880 ) ;
#1920 = AXIS2_PLACEMENT_3D ( 'NONE', #1220, #2611, #1589 ) ;
#1921 = ORIENTED_EDGE ( 'NONE', *, *, #424, .F. ) ;
#1922 = DIRECTION ( 'NONE',  ( 0.0000000000000000000, 1.000000000000000000, 0.0000000000000000000 ) ) ;
#1923 = DIRECTION ( 'NONE',  ( 0.0000000000000000000, 1.000000000000000000, 0.0000000000000000000 ) ) ;
#1924 = DIRECTION ( 'NONE',  ( 0.0000000000000000000, 0.1218693434051406066, 0.9925461516413227603 ) ) ;
#1925 = ORIENTED_EDGE ( 'NONE', *, *, #2168, .T. ) ;
#1926 = VECTOR ( 'NONE', #1902, 1000.000000000000000 ) ;
#1927 = ADVANCED_FACE ( 'NONE', ( #756 ), #988, .T. ) ;
#1928 = CARTESIAN_POINT ( 'NONE',  ( 14.73200000000000109, -5.207999999999999297, -0.1905000000000000027 ) ) ;
#1929 = DIRECTION ( 'NONE',  ( 1.000000000000000000, 4.268512490100427672E-16, 0.0000000000000000000 ) ) ;
#1930 = DIRECTION ( 'NONE',  ( -0.0000000000000000000, -0.0000000000000000000, -1.000000000000000000 ) ) ;
#1931 = CARTESIAN_POINT ( 'NONE',  ( 0.0000000000000000000, 0.0000000000000000000, 0.1905000000000001414 ) ) ;
#1932 = VECTOR ( 'NONE', #125, 1000.000000000000000 ) ;
#1933 = EDGE_CURVE ( 'NONE', #2612, #2396, #591, .T. ) ;
#1934 = FILL_AREA_STYLE ('',( #2517 ) ) ;
#1935 =( NAMED_UNIT ( * ) SI_UNIT ( $, .STERADIAN. ) SOLID_ANGLE_UNIT ( ) );
#1936 = FILL_AREA_STYLE ('',( #2125 ) ) ;
#1937 = ORIENTED_EDGE ( 'NONE', *, *, #442, .T. ) ;
#1938 = VECTOR ( 'NONE', #795, 1000.000000000000000 ) ;
#1939 = CARTESIAN_POINT ( 'NONE',  ( 0.7619999999999989004, -1.016000000000000014, -0.1905000000000000027 ) ) ;
#1940 = CARTESIAN_POINT ( 'NONE',  ( 3.301999999999998714, 0.0000000000000000000, 0.1905000000000001414 ) ) ;
#1941 = SURFACE_SIDE_STYLE ('',( #1455 ) ) ;
#1942 = CARTESIAN_POINT ( 'NONE',  ( 2.539999999999998703, 2.177422008883991893E-16, -0.1905000000000000027 ) ) ;
#1943 = SURFACE_STYLE_USAGE ( .BOTH. , #2137 ) ;
#1944 = DIRECTION ( 'NONE',  ( 0.0000000000000000000, 0.0000000000000000000, 1.000000000000000000 ) ) ;
#1945 = PRESENTATION_STYLE_ASSIGNMENT (( #2140 ) ) ;
#1946 = SURFACE_STYLE_USAGE ( .BOTH. , #1333 ) ;
#1947 = DIRECTION ( 'NONE',  ( 0.0000000000000000000, -1.000000000000000000, 0.0000000000000000000 ) ) ;
#1948 = APPLICATION_CONTEXT ( 'automotive_design' ) ;
#1949 = EDGE_CURVE ( 'NONE', #2020, #540, #1831, .T. ) ;
#1950 = VERTEX_POINT ( 'NONE', #1601 ) ;
#1951 = LINE ( 'NONE', #2204, #1716 ) ;
#1952 = DIRECTION ( 'NONE',  ( 7.588466649067400787E-16, -1.000000000000000000, 0.0000000000000000000 ) ) ;
#1953 = CARTESIAN_POINT ( 'NONE',  ( 19.43200000000000216, -5.587999999999998302, 0.1905000000000000027 ) ) ;
#1954 = ORIENTED_EDGE ( 'NONE', *, *, #1391, .F. ) ;
#1955 = MECHANICAL_DESIGN_GEOMETRIC_PRESENTATION_REPRESENTATION (  '', ( #2127 ), #1907 ) ;
#1956 = DIRECTION ( 'NONE',  ( -0.9925461516413219831, -4.236695645282081958E-16, 0.1218693434051481006 ) ) ;
#1957 = DIRECTION ( 'NONE',  ( -1.000000000000000000, 0.0000000000000000000, -0.0000000000000000000 ) ) ;
#1958 =( NAMED_UNIT ( * ) PLANE_ANGLE_UNIT ( ) SI_UNIT ( $, .RADIAN. ) );
#1959 = STYLED_ITEM ( 'NONE', ( #440 ), #1591 ) ;
#1960 = COLOUR_RGB ( '',0.8980392156862745390, 0.9215686274509803377, 0.9294117647058823817 ) ;
#1961 = DIRECTION ( 'NONE',  ( -0.0000000000000000000, -0.0000000000000000000, -1.000000000000000000 ) ) ;
#1962 = LINE ( 'NONE', #2411, #1200 ) ;
#1963 = ORIENTED_EDGE ( 'NONE', *, *, #1480, .T. ) ;
#1964 = EDGE_CURVE ( 'NONE', #1063, #653, #769, .T. ) ;
#1965 = STYLED_ITEM ( 'NONE', ( #159 ), #2643 ) ;
#1966 = PLANE ( 'NONE',  #579 ) ;
#1967 = EDGE_CURVE ( 'NONE', #369, #1654, #1397, .T. ) ;
#1968 = CARTESIAN_POINT ( 'NONE',  ( 19.05000000000000071, -5.207999999999997520, -0.1905000000000000027 ) ) ;
#1969 = CARTESIAN_POINT ( 'NONE',  ( 0.02304814465319891814, -0.0003423141988045270696, -0.1877120745777214883 ) ) ;
#1970 = CARTESIAN_POINT ( 'NONE',  ( 4.191999999999999282, -5.587999999999999190, 0.1905000000000000027 ) ) ;
#1971 = DIRECTION ( 'NONE',  ( -0.0000000000000000000, -0.0000000000000000000, -1.000000000000000000 ) ) ;
#1972 = FILL_AREA_STYLE ('',( #2586 ) ) ;
#1973 = FACE_OUTER_BOUND ( 'NONE', #2331, .T. ) ;
#1974 = SURFACE_STYLE_USAGE ( .BOTH. , #1538 ) ;
#1975 = DIRECTION ( 'NONE',  ( -1.000000000000000000, -1.897116662266849704E-16, 0.0000000000000000000 ) ) ;
#1976 = VECTOR ( 'NONE', #1231, 1000.000000000000000 ) ;
#1977 = FILL_AREA_STYLE ('',( #713 ) ) ;
#1978 = PRESENTATION_STYLE_ASSIGNMENT (( #1358 ) ) ;
#1979 = ORIENTED_EDGE ( 'NONE', *, *, #1054, .T. ) ;
#1980 = SURFACE_STYLE_USAGE ( .BOTH. , #715 ) ;
#1981 = STYLED_ITEM ( 'NONE', ( #1440 ), #127 ) ;
#1982 = VECTOR ( 'NONE', #353, 1000.000000000000000 ) ;
#1983 = DIRECTION ( 'NONE',  ( -0.0000000000000000000, -0.0000000000000000000, -1.000000000000000000 ) ) ;
#1984 = CARTESIAN_POINT ( 'NONE',  ( 4.191999999999999282, -5.207999999999999297, -0.1905000000000000027 ) ) ;
#1985 = SURFACE_STYLE_FILL_AREA ( #1669 ) ;
#1986 = EDGE_LOOP ( 'NONE', ( #2552, #865, #150, #1925 ) ) ;
#1987 =( GEOMETRIC_REPRESENTATION_CONTEXT ( 3 ) GLOBAL_UNCERTAINTY_ASSIGNED_CONTEXT ( ( #851 ) ) GLOBAL_UNIT_ASSIGNED_CONTEXT ( ( #2089, #1005, #2081 ) ) REPRESENTATION_CONTEXT ( 'NONE', 'WORKASPACE' ) );
#1988 = SURFACE_STYLE_USAGE ( .BOTH. , #1168 ) ;
#1989 = DIRECTION ( 'NONE',  ( 9.485583311334247286E-17, -1.000000000000000000, 0.0000000000000000000 ) ) ;
#1990 = CARTESIAN_POINT ( 'NONE',  ( 0.0000000000000000000, 0.0000000000000000000, 0.1905000000000000027 ) ) ;
#1991 = CARTESIAN_POINT ( 'NONE',  ( 20.32000000000000028, -1.015999999999999792, 0.1905000000000000027 ) ) ;
#1992 = PRESENTATION_STYLE_ASSIGNMENT (( #1946 ) ) ;
#1993 = ORIENTED_EDGE ( 'NONE', *, *, #554, .F. ) ;
#1994 = PRESENTATION_STYLE_ASSIGNMENT (( #1175 ) ) ;
#1995 = ORIENTED_EDGE ( 'NONE', *, *, #1967, .F. ) ;
#1996 = DIRECTION ( 'NONE',  ( -1.000000000000000000, -1.224646799147353207E-16, 0.0000000000000000000 ) ) ;
#1997 = ADVANCED_FACE ( 'NONE', ( #1784 ), #1014, .F. ) ;
#1998 = DIRECTION ( 'NONE',  ( -1.897116662266849704E-16, 1.000000000000000000, 0.0000000000000000000 ) ) ;
#1999 = MECHANICAL_DESIGN_GEOMETRIC_PRESENTATION_REPRESENTATION (  '', ( #349 ), #473 ) ;
#2000 = DIRECTION ( 'NONE',  ( 4.268512490100414360E-16, -1.000000000000000000, 0.0000000000000000000 ) ) ;
#2001 = AXIS2_PLACEMENT_3D ( 'NONE', #2417, #1574, #1780 ) ;
#2002 = LINE ( 'NONE', #517, #786 ) ;
#2003 = STYLED_ITEM ( 'NONE', ( #1992 ), #1705 ) ;
#2004 = CARTESIAN_POINT ( 'NONE',  ( 3.301999999999998714, -1.016000000000000014, 0.1905000000000000027 ) ) ;
#2005 = SURFACE_STYLE_FILL_AREA ( #557 ) ;
#2006 = ORIENTED_EDGE ( 'NONE', *, *, #2010, .T. ) ;
#2007 = PLANE ( 'NONE',  #2550 ) ;
#2008 = APPLICATION_PROTOCOL_DEFINITION ( 'draft international standard', 'automotive_design', 1998, #2195 ) ;
#2009 = CARTESIAN_POINT ( 'NONE',  ( 19.43200000000000216, -5.207999999999998408, 0.1905000000000000027 ) ) ;
#2010 = EDGE_CURVE ( 'NONE', #2159, #785, #779, .T. ) ;
#2011 = DIRECTION ( 'NONE',  ( 1.000000000000000000, -0.0000000000000000000, -0.0000000000000000000 ) ) ;
#2012 = SURFACE_STYLE_USAGE ( .BOTH. , #422 ) ;
#2013 = UNCERTAINTY_MEASURE_WITH_UNIT (LENGTH_MEASURE( 1.000000000000000082E-05 ), #1342, 'distance_accuracy_value', 'NONE');
#2014 = AXIS2_PLACEMENT_3D ( 'NONE', #2113, #2084, #1515 ) ;
#2015 = DIRECTION ( 'NONE',  ( 1.000000000000000000, 0.0000000000000000000, -0.0000000000000000000 ) ) ;
#2016 = ORIENTED_EDGE ( 'NONE', *, *, #1329, .T. ) ;
#2017 = AXIS2_PLACEMENT_3D ( 'NONE', #359, #1151, #158 ) ;
#2018 = VECTOR ( 'NONE', #1406, 1000.000000000000000 ) ;
#2019 = DIRECTION ( 'NONE',  ( 0.0000000000000000000, 0.0000000000000000000, 1.000000000000000000 ) ) ;
#2020 = VERTEX_POINT ( 'NONE', #1835 ) ;
#2021 = VECTOR ( 'NONE', #1632, 1000.000000000000000 ) ;
#2022 = PRESENTATION_STYLE_ASSIGNMENT (( #1623 ) ) ;
#2023 = DIRECTION ( 'NONE',  ( -1.000000000000000000, 0.0000000000000000000, 0.0000000000000000000 ) ) ;
#2024 = FILL_AREA_STYLE ('',( #396 ) ) ;
#2025 = DIRECTION ( 'NONE',  ( -0.0000000000000000000, -0.0000000000000000000, -1.000000000000000000 ) ) ;
#2026 = LINE ( 'NONE', #2039, #2434 ) ;
#2027 = CARTESIAN_POINT ( 'NONE',  ( 0.0000000000000000000, -2.032879073410322355E-17, -0.1905000000000001414 ) ) ;
#2028 = EDGE_CURVE ( 'NONE', #2428, #2374, #1234, .T. ) ;
#2029 = EDGE_LOOP ( 'NONE', ( #1520, #308, #704, #876 ) ) ;
#2030 = EDGE_CURVE ( 'NONE', #1058, #2452, #1439, .T. ) ;
#2031 = FILL_AREA_STYLE_COLOUR ( '', #1619 ) ;
#2032 = FILL_AREA_STYLE ('',( #2645 ) ) ;
#2033 = ORIENTED_EDGE ( 'NONE', *, *, #1360, .F. ) ;
#2034 = FILL_AREA_STYLE ('',( #1647 ) ) ;
#2035 =( LENGTH_UNIT ( ) NAMED_UNIT ( * ) SI_UNIT ( .MILLI., .METRE. ) );
#2036 = SURFACE_STYLE_USAGE ( .BOTH. , #606 ) ;
#2037 = SURFACE_SIDE_STYLE ('',( #2231 ) ) ;
#2038 = DIRECTION ( 'NONE',  ( 0.1209742911513558977, 0.1209742911513491531, -0.9852565360152937268 ) ) ;
#2039 = CARTESIAN_POINT ( 'NONE',  ( 0.0000000000000000000, 9.957282689949316534, -1.651000000000000245 ) ) ;
#2040 = UNCERTAINTY_MEASURE_WITH_UNIT (LENGTH_MEASURE( 1.000000000000000082E-05 ), #2188, 'distance_accuracy_value', 'NONE');
#2041 =( GEOMETRIC_REPRESENTATION_CONTEXT ( 3 ) GLOBAL_UNCERTAINTY_ASSIGNED_CONTEXT ( ( #115 ) ) GLOBAL_UNIT_ASSIGNED_CONTEXT ( ( #34, #292, #100 ) ) REPRESENTATION_CONTEXT ( 'NONE', 'WORKASPACE' ) );
#2042 = ORIENTED_EDGE ( 'NONE', *, *, #289, .T. ) ;
#2043 = UNCERTAINTY_MEASURE_WITH_UNIT (LENGTH_MEASURE( 1.000000000000000082E-05 ), #1492, 'distance_accuracy_value', 'NONE');
#2044 = STYLED_ITEM ( 'NONE', ( #2551 ), #1628 ) ;
#2045 = EDGE_CURVE ( 'NONE', #1063, #1713, #859, .T. ) ;
#2046 = FILL_AREA_STYLE ('',( #1435 ) ) ;
#2047 = AXIS2_PLACEMENT_3D ( 'NONE', #884, #1150, #1135 ) ;
#2048 = CARTESIAN_POINT ( 'NONE',  ( 18.54199999999999804, -1.016000000000000014, -0.1905000000000000027 ) ) ;
#2049 = ORIENTED_EDGE ( 'NONE', *, *, #996, .T. ) ;
#2050 = PRESENTATION_LAYER_ASSIGNMENT (  '', '', ( #2399 ) ) ;
#2051 = CARTESIAN_POINT ( 'NONE',  ( 3.809999999999999165, -5.207999999999999297, 0.1905000000000000027 ) ) ;
#2052 = CIRCLE ( 'NONE', #2275, 0.3800000000000001155 ) ;
#2053 = ORIENTED_EDGE ( 'NONE', *, *, #1879, .T. ) ;
#2054 = CARTESIAN_POINT ( 'NONE',  ( 5.079999999999998295, -1.015999999999999792, 0.1905000000000000027 ) ) ;
#2055 = FACE_OUTER_BOUND ( 'NONE', #895, .T. ) ;
#2056 = FILL_AREA_STYLE ('',( #2448 ) ) ;
#2057 = ORIENTED_EDGE ( 'NONE', *, *, #569, .T. ) ;
#2058 =( NAMED_UNIT ( * ) PLANE_ANGLE_UNIT ( ) SI_UNIT ( $, .RADIAN. ) );
#2059 = EDGE_LOOP ( 'NONE', ( #986, #1201, #929, #1657 ) ) ;
#2060 =( GEOMETRIC_REPRESENTATION_CONTEXT ( 3 ) GLOBAL_UNCERTAINTY_ASSIGNED_CONTEXT ( ( #288 ) ) GLOBAL_UNIT_ASSIGNED_CONTEXT ( ( #2382, #747, #2199 ) ) REPRESENTATION_CONTEXT ( 'NONE', 'WORKASPACE' ) );
#2061 = SURFACE_STYLE_FILL_AREA ( #1405 ) ;
#2062 = DIRECTION ( 'NONE',  ( -1.000000000000000000, -1.224646799147353207E-16, 0.0000000000000000000 ) ) ;
#2063 = COLOUR_RGB ( '',0.8980392156862745390, 0.9215686274509803377, 0.9294117647058823817 ) ;
#2064 = EDGE_CURVE ( 'NONE', #1630, #203, #828, .T. ) ;
#2065 = CARTESIAN_POINT ( 'NONE',  ( 20.87928268994929581, 0.1793268511986819136, 1.651000000000000023 ) ) ;
#2066 = EDGE_LOOP ( 'NONE', ( #2578, #1870, #1032, #2053 ) ) ;
#2067 = STYLED_ITEM ( 'NONE', ( #918 ), #29 ) ;
#2068 = AXIS2_PLACEMENT_3D ( 'NONE', #1111, #1961, #2316 ) ;
#2069 = CARTESIAN_POINT ( 'NONE',  ( 0.2027173100506921843, 9.957282689949314758, -1.651000000000000023 ) ) ;
#2070 = CARTESIAN_POINT ( 'NONE',  ( 4.572000000000000064, -5.587999999999999190, 0.1905000000000000027 ) ) ;
#2071 = EDGE_LOOP ( 'NONE', ( #499, #2290, #654, #1794 ) ) ;
#2072 = STYLED_ITEM ( 'NONE', ( #2349 ), #513 ) ;
#2073 = ORIENTED_EDGE ( 'NONE', *, *, #909, .F. ) ;
#2074 =( LENGTH_UNIT ( ) NAMED_UNIT ( * ) SI_UNIT ( .MILLI., .METRE. ) );
#2075 = LINE ( 'NONE', #1037, #240 ) ;
#2076 = ORIENTED_EDGE ( 'NONE', *, *, #2647, .F. ) ;
#2077 = CARTESIAN_POINT ( 'NONE',  ( 13.97000000000000064, -5.207999999999999297, 0.1905000000000000027 ) ) ;
#2078 = DIRECTION ( 'NONE',  ( 0.0000000000000000000, 1.000000000000000000, 0.0000000000000000000 ) ) ;
#2079 =( NAMED_UNIT ( * ) PLANE_ANGLE_UNIT ( ) SI_UNIT ( $, .RADIAN. ) );
#2080 = ADVANCED_FACE ( 'NONE', ( #76 ), #1504, .F. ) ;
#2081 =( NAMED_UNIT ( * ) SI_UNIT ( $, .STERADIAN. ) SOLID_ANGLE_UNIT ( ) );
#2082 = ORIENTED_EDGE ( 'NONE', *, *, #2264, .F. ) ;
#2083 = DIRECTION ( 'NONE',  ( -0.1218693434051477259, 0.0000000000000000000, -0.9925461516413219831 ) ) ;
#2084 = DIRECTION ( 'NONE',  ( -0.9925461516413218721, -4.236695645282081958E-16, -0.1218693434051487806 ) ) ;
#2085 = ORIENTED_EDGE ( 'NONE', *, *, #1129, .F. ) ;
#2086 = DIRECTION ( 'NONE',  ( 1.000000000000000000, 0.0000000000000000000, -0.0000000000000000000 ) ) ;
#2087 = PRESENTATION_LAYER_ASSIGNMENT (  '', '', ( #1314 ) ) ;
#2088 = SURFACE_STYLE_USAGE ( .BOTH. , #1040 ) ;
#2089 =( LENGTH_UNIT ( ) NAMED_UNIT ( * ) SI_UNIT ( .MILLI., .METRE. ) );
#2090 = PLANE ( 'NONE',  #2047 ) ;
#2091 = ORIENTED_EDGE ( 'NONE', *, *, #1621, .T. ) ;
#2092 = COLOUR_RGB ( '',0.5019607843137254832, 0.5019607843137254832, 0.5019607843137254832 ) ;
#2093 = ADVANCED_FACE ( 'NONE', ( #845 ), #1246, .T. ) ;
#2094 = LINE ( 'NONE', #2490, #1315 ) ;
#2095 = LINE ( 'NONE', #2503, #1926 ) ;
#2096 = LINE ( 'NONE', #1683, #1355 ) ;
#2097 = UNCERTAINTY_MEASURE_WITH_UNIT (LENGTH_MEASURE( 1.000000000000000082E-05 ), #1553, 'distance_accuracy_value', 'NONE');
#2098 = DIRECTION ( 'NONE',  ( 0.1218693434051480867, 0.0000000000000000000, 0.9925461516413218721 ) ) ;
#2099 = ORIENTED_EDGE ( 'NONE', *, *, #2464, .T. ) ;
#2100 = AXIS2_PLACEMENT_3D ( 'NONE', #401, #1196, #2015 ) ;
#2101 = FACE_OUTER_BOUND ( 'NONE', #1370, .T. ) ;
#2102 = CARTESIAN_POINT ( 'NONE',  ( 19.81200000000000472, -1.016000000000000014, 0.1905000000000000027 ) ) ;
#2103 = VERTEX_POINT ( 'NONE', #2065 ) ;
#2104 = STYLED_ITEM ( 'NONE', ( #2422 ), #104 ) ;
#2105 =( LENGTH_UNIT ( ) NAMED_UNIT ( * ) SI_UNIT ( .MILLI., .METRE. ) );
#2106 = AXIS2_PLACEMENT_3D ( 'NONE', #1002, #42, #454 ) ;
#2107 = DIRECTION ( 'NONE',  ( 0.1218693434051480451, 0.0000000000000000000, -0.9925461516413218721 ) ) ;
#2108 = ORIENTED_EDGE ( 'NONE', *, *, #1721, .F. ) ;
#2109 = LINE ( 'NONE', #483, #2157 ) ;
#2110 = ADVANCED_FACE ( 'NONE', ( #1271 ), #1884, .F. ) ;
#2111 = DIRECTION ( 'NONE',  ( 0.0000000000000000000, 0.0000000000000000000, -1.000000000000000000 ) ) ;
#2112 = PRESENTATION_LAYER_ASSIGNMENT (  '', '', ( #2072 ) ) ;
#2113 = CARTESIAN_POINT ( 'NONE',  ( 21.08199999999999008, 10.16000000000001080, 0.0000000000000000000 ) ) ;
#2114 = ADVANCED_FACE ( 'NONE', ( #1523 ), #1576, .F. ) ;
#2115 = VERTEX_POINT ( 'NONE', #2176 ) ;
#2116 = PRESENTATION_STYLE_ASSIGNMENT (( #1295 ) ) ;
#2117 = ORIENTED_EDGE ( 'NONE', *, *, #1717, .F. ) ;
#2118 = LINE ( 'NONE', #2320, #645 ) ;
#2119 =( NAMED_UNIT ( * ) SI_UNIT ( $, .STERADIAN. ) SOLID_ANGLE_UNIT ( ) );
#2120 = FACE_OUTER_BOUND ( 'NONE', #54, .T. ) ;
#2121 = FILL_AREA_STYLE_COLOUR ( '', #2092 ) ;
#2122 = ORIENTED_EDGE ( 'NONE', *, *, #996, .F. ) ;
#2123 = CARTESIAN_POINT ( 'NONE',  ( 3.809999999999998277, -1.016000000000000014, -0.1905000000000000027 ) ) ;
#2124 = UNCERTAINTY_MEASURE_WITH_UNIT (LENGTH_MEASURE( 1.000000000000000082E-05 ), #619, 'distance_accuracy_value', 'NONE');
#2125 = FILL_AREA_STYLE_COLOUR ( '', #1013 ) ;
#2126 = VERTEX_POINT ( 'NONE', #1940 ) ;
#2127 = STYLED_ITEM ( 'NONE', ( #1288 ), #2359 ) ;
#2128 = ADVANCED_FACE ( 'NONE', ( #1134 ), #1365, .T. ) ;
#2129 = AXIS2_PLACEMENT_3D ( 'NONE', #119, #878, #2633 ) ;
#2130 = CARTESIAN_POINT ( 'NONE',  ( 20.32000000000000028, -1.015999999999999792, -0.1905000000000000027 ) ) ;
#2131 = VERTEX_POINT ( 'NONE', #354 ) ;
#2132 =( GEOMETRIC_REPRESENTATION_CONTEXT ( 3 ) GLOBAL_UNCERTAINTY_ASSIGNED_CONTEXT ( ( #50 ) ) GLOBAL_UNIT_ASSIGNED_CONTEXT ( ( #1777, #1789, #1746 ) ) REPRESENTATION_CONTEXT ( 'NONE', 'WORKASPACE' ) );
#2133 = DIRECTION ( 'NONE',  ( 1.000000000000000000, 0.0000000000000000000, 0.0000000000000000000 ) ) ;
#2134 = CARTESIAN_POINT ( 'NONE',  ( 14.73199999999999932, -1.016000000000000014, 0.1905000000000000027 ) ) ;
#2135 = MECHANICAL_DESIGN_GEOMETRIC_PRESENTATION_REPRESENTATION (  '', ( #2268 ), #1055 ) ;
#2136 = DIRECTION ( 'NONE',  ( 0.0000000000000000000, 0.0000000000000000000, 1.000000000000000000 ) ) ;
#2137 = SURFACE_SIDE_STYLE ('',( #2335 ) ) ;
#2138 = FILL_AREA_STYLE_COLOUR ( '', #597 ) ;
#2139 = AXIS2_PLACEMENT_3D ( 'NONE', #1648, #2511, #443 ) ;
#2140 = SURFACE_STYLE_USAGE ( .BOTH. , #1316 ) ;
#2141 = SURFACE_STYLE_USAGE ( .BOTH. , #2317 ) ;
#2142 = MECHANICAL_DESIGN_GEOMETRIC_PRESENTATION_REPRESENTATION (  '', ( #975 ), #759 ) ;
#2143 = ORIENTED_EDGE ( 'NONE', *, *, #65, .T. ) ;
#2144 = PLANE ( 'NONE',  #1584 ) ;
#2145 = ORIENTED_EDGE ( 'NONE', *, *, #1009, .F. ) ;
#2146 = FACE_OUTER_BOUND ( 'NONE', #2567, .T. ) ;
#2147 = LINE ( 'NONE', #2162, #550 ) ;
#2148 = ORIENTED_EDGE ( 'NONE', *, *, #2513, .F. ) ;
#2149 = COLOUR_RGB ( '',0.5019607843137254832, 0.5019607843137254832, 0.5019607843137254832 ) ;
#2150 = SURFACE_STYLE_FILL_AREA ( #916 ) ;
#2151 = EDGE_CURVE ( 'NONE', #1237, #164, #2386, .T. ) ;
#2152 = SURFACE_STYLE_FILL_AREA ( #1537 ) ;
#2153 = ORIENTED_EDGE ( 'NONE', *, *, #1933, .F. ) ;
#2154 = PRESENTATION_LAYER_ASSIGNMENT (  '', '', ( #641 ) ) ;
#2155 = CARTESIAN_POINT ( 'NONE',  ( 18.54199999999999804, -2.331928601384509822E-16, -0.1905000000000000027 ) ) ;
#2156 = SURFACE_SIDE_STYLE ('',( #2366 ) ) ;
#2157 = VECTOR ( 'NONE', #342, 1000.000000000000000 ) ;
#2158 = VECTOR ( 'NONE', #2038, 999.9999999999998863 ) ;
#2159 = VERTEX_POINT ( 'NONE', #1730 ) ;
#2160 = FILL_AREA_STYLE_COLOUR ( '', #1790 ) ;
#2161 = DIRECTION ( 'NONE',  ( 0.0000000000000000000, 1.000000000000000000, 0.0000000000000000000 ) ) ;
#2162 = CARTESIAN_POINT ( 'NONE',  ( 0.0000000000000000000, 0.1793268511986817471, -1.651000000000000023 ) ) ;
#2163 = ORIENTED_EDGE ( 'NONE', *, *, #706, .F. ) ;
#2164 = CARTESIAN_POINT ( 'NONE',  ( 20.75564283596690984, 10.16000000000001080, -2.657965803136704608 ) ) ;
#2165 = CARTESIAN_POINT ( 'NONE',  ( 0.0000000000000000000, 0.0000000000000000000, 1.651000000000000023 ) ) ;
#2166 = PLANE ( 'NONE',  #2530 ) ;
#2167 = DIRECTION ( 'NONE',  ( 0.0000000000000000000, 0.0000000000000000000, 1.000000000000000000 ) ) ;
#2168 = EDGE_CURVE ( 'NONE', #785, #2131, #321, .T. ) ;
#2169 = CARTESIAN_POINT ( 'NONE',  ( 2.032000000000000028, -5.207999999999999297, 0.1905000000000000027 ) ) ;
#2170 = DIRECTION ( 'NONE',  ( -4.268512490100413867E-16, 1.000000000000000000, 0.0000000000000000000 ) ) ;
#2171 = CARTESIAN_POINT ( 'NONE',  ( 2.151999999999999247, 1.452875049250767603, 1.270000000000000018 ) ) ;
#2172 = DIRECTION ( 'NONE',  ( -1.000000000000000000, 0.0000000000000000000, 0.0000000000000000000 ) ) ;
#2173 = ORIENTED_EDGE ( 'NONE', *, *, #656, .F. ) ;
#2174 = LINE ( 'NONE', #2371, #508 ) ;
#2175 = CARTESIAN_POINT ( 'NONE',  ( 19.81200000000000117, -5.207999999999998408, 0.1905000000000000027 ) ) ;
#2176 = CARTESIAN_POINT ( 'NONE',  ( 15.24000000000000021, 0.0000000000000000000, 0.1905000000000001414 ) ) ;
#2177 = AXIS2_PLACEMENT_3D ( 'NONE', #837, #2205, #598 ) ;
#2178 = VERTEX_POINT ( 'NONE', #1909 ) ;
#2179 = PRESENTATION_LAYER_ASSIGNMENT (  '', '', ( #2302 ) ) ;
#2180 = CARTESIAN_POINT ( 'NONE',  ( 1.649999999999999023, -5.587999999999999190, 0.1905000000000000027 ) ) ;
#2181 = DIRECTION ( 'NONE',  ( -0.0000000000000000000, -0.0000000000000000000, -1.000000000000000000 ) ) ;
#2182 = DIRECTION ( 'NONE',  ( 0.0000000000000000000, 0.0000000000000000000, 1.000000000000000000 ) ) ;
#2183 = PRESENTATION_LAYER_ASSIGNMENT (  '', '', ( #2044 ) ) ;
#2184 = COLOUR_RGB ( '',0.8980392156862745390, 0.9215686274509803377, 0.9294117647058823817 ) ;
#2185 = FACE_OUTER_BOUND ( 'NONE', #242, .T. ) ;
#2186 = ORIENTED_EDGE ( 'NONE', *, *, #1668, .T. ) ;
#2187 = UNCERTAINTY_MEASURE_WITH_UNIT (LENGTH_MEASURE( 1.000000000000000082E-05 ), #1778, 'distance_accuracy_value', 'NONE');
#2188 =( LENGTH_UNIT ( ) NAMED_UNIT ( * ) SI_UNIT ( .MILLI., .METRE. ) );
#2189 = ADVANCED_FACE ( 'NONE', ( #1562 ), #307, .F. ) ;
#2190 = DIRECTION ( 'NONE',  ( 0.0000000000000000000, -0.0000000000000000000, 1.000000000000000000 ) ) ;
#2191 = CARTESIAN_POINT ( 'NONE',  ( 1.269999999999999130, -5.207999999999999297, 0.1905000000000000027 ) ) ;
#2192 = VERTEX_POINT ( 'NONE', #142 ) ;
#2193 = FACE_OUTER_BOUND ( 'NONE', #2489, .T. ) ;
#2194 = DIRECTION ( 'NONE',  ( -1.000000000000000000, -1.224646799147353207E-16, 0.0000000000000000000 ) ) ;
#2195 = APPLICATION_CONTEXT ( 'automotive_design' ) ;
#2196 = SURFACE_STYLE_USAGE ( .BOTH. , #2233 ) ;
#2197 = PRESENTATION_LAYER_ASSIGNMENT (  '', '', ( #155 ) ) ;
#2198 = DIRECTION ( 'NONE',  ( 0.0000000000000000000, 0.0000000000000000000, 1.000000000000000000 ) ) ;
#2199 =( NAMED_UNIT ( * ) SI_UNIT ( $, .STERADIAN. ) SOLID_ANGLE_UNIT ( ) );
#2200 = ORIENTED_EDGE ( 'NONE', *, *, #2375, .F. ) ;
#2201 = COLOUR_RGB ( '',0.8980392156862745390, 0.9215686274509803377, 0.9294117647058823817 ) ;
#2202 = AXIS2_PLACEMENT_3D ( 'NONE', #315, #919, #906 ) ;
#2203 = EDGE_CURVE ( 'NONE', #1318, #702, #2147, .T. ) ;
#2204 = CARTESIAN_POINT ( 'NONE',  ( 18.54199999999999804, -1.016000000000000014, 0.1905000000000000027 ) ) ;
#2205 = DIRECTION ( 'NONE',  ( 0.9925461516413219831, 4.236695645282082451E-16, -0.1218693434051477259 ) ) ;
#2206 =( GEOMETRIC_REPRESENTATION_CONTEXT ( 3 ) GLOBAL_UNCERTAINTY_ASSIGNED_CONTEXT ( ( #22 ) ) GLOBAL_UNIT_ASSIGNED_CONTEXT ( ( #2459, #816, #2256 ) ) REPRESENTATION_CONTEXT ( 'NONE', 'WORKASPACE' ) );
#2207 = DIRECTION ( 'NONE',  ( -0.0000000000000000000, -0.0000000000000000000, -1.000000000000000000 ) ) ;
#2208 = CARTESIAN_POINT ( 'NONE',  ( 1.652000000000000135, -5.207999999999999297, 0.1905000000000000027 ) ) ;
#2209 =( LENGTH_UNIT ( ) NAMED_UNIT ( * ) SI_UNIT ( .MILLI., .METRE. ) );
#2210 = LINE ( 'NONE', #398, #901 ) ;
#2211 = FILL_AREA_STYLE ('',( #1556 ) ) ;
#2212 = UNCERTAINTY_MEASURE_WITH_UNIT (LENGTH_MEASURE( 1.000000000000000082E-05 ), #1226, 'distance_accuracy_value', 'NONE');
#2213 = ORIENTED_EDGE ( 'NONE', *, *, #1464, .F. ) ;
#2214 =( NAMED_UNIT ( * ) SI_UNIT ( $, .STERADIAN. ) SOLID_ANGLE_UNIT ( ) );
#2215 =( LENGTH_UNIT ( ) NAMED_UNIT ( * ) SI_UNIT ( .MILLI., .METRE. ) );
#2216 = ORIENTED_EDGE ( 'NONE', *, *, #410, .T. ) ;
#2217 = EDGE_CURVE ( 'NONE', #555, #463, #2052, .T. ) ;
#2218 =( NAMED_UNIT ( * ) SI_UNIT ( $, .STERADIAN. ) SOLID_ANGLE_UNIT ( ) );
#2219 = FILL_AREA_STYLE_COLOUR ( '', #269 ) ;
#2220 = CARTESIAN_POINT ( 'NONE',  ( 20.75042144194795668, 0.3081880992000133879, 2.700490644864052214 ) ) ;
#2221 = EDGE_CURVE ( 'NONE', #1138, #1318, #511, .T. ) ;
#2222 = DIRECTION ( 'NONE',  ( -0.0000000000000000000, -0.0000000000000000000, -1.000000000000000000 ) ) ;
#2223 =( GEOMETRIC_REPRESENTATION_CONTEXT ( 3 ) GLOBAL_UNCERTAINTY_ASSIGNED_CONTEXT ( ( #2040 ) ) GLOBAL_UNIT_ASSIGNED_CONTEXT ( ( #2188, #1793, #381 ) ) REPRESENTATION_CONTEXT ( 'NONE', 'WORKASPACE' ) );
#2224 = VECTOR ( 'NONE', #1971, 1000.000000000000000 ) ;
#2225 = SURFACE_SIDE_STYLE ('',( #2061 ) ) ;
#2226 = CARTESIAN_POINT ( 'NONE',  ( 15.24000000000000021, -1.545065925005155253E-17, 0.1905000000000000027 ) ) ;
#2227 = EDGE_LOOP ( 'NONE', ( #1481, #1727, #1048, #261, #532 ) ) ;
#2228 =( GEOMETRIC_REPRESENTATION_CONTEXT ( 3 ) GLOBAL_UNCERTAINTY_ASSIGNED_CONTEXT ( ( #566 ) ) GLOBAL_UNIT_ASSIGNED_CONTEXT ( ( #62, #1470, #1693 ) ) REPRESENTATION_CONTEXT ( 'NONE', 'WORKASPACE' ) );
#2229 = EDGE_CURVE ( 'NONE', #2472, #2486, #1122, .T. ) ;
#2230 = PLANE ( 'NONE',  #947 ) ;
#2231 = SURFACE_STYLE_FILL_AREA ( #770 ) ;
#2232 = EDGE_CURVE ( 'NONE', #1692, #2619, #877, .T. ) ;
#2233 = SURFACE_SIDE_STYLE ('',( #1368 ) ) ;
#2234 = LINE ( 'NONE', #1209, #2266 ) ;
#2235 = DIRECTION ( 'NONE',  ( 1.000000000000000000, 0.0000000000000000000, 0.0000000000000000000 ) ) ;
#2236 = UNCERTAINTY_MEASURE_WITH_UNIT (LENGTH_MEASURE( 1.000000000000000082E-05 ), #2455, 'distance_accuracy_value', 'NONE');
#2237 =( GEOMETRIC_REPRESENTATION_CONTEXT ( 3 ) GLOBAL_UNCERTAINTY_ASSIGNED_CONTEXT ( ( #873 ) ) GLOBAL_UNIT_ASSIGNED_CONTEXT ( ( #389, #363, #1935 ) ) REPRESENTATION_CONTEXT ( 'NONE', 'WORKASPACE' ) );
#2238 = CARTESIAN_POINT ( 'NONE',  ( 0.0000000000000000000, 0.0000000000000000000, 1.651000000000000023 ) ) ;
#2239 = PRESENTATION_LAYER_ASSIGNMENT (  '', '', ( #1116 ) ) ;
#2240 = DIRECTION ( 'NONE',  ( 0.0000000000000000000, -0.0000000000000000000, 1.000000000000000000 ) ) ;
#2241 = STYLED_ITEM ( 'NONE', ( #2510 ), #744 ) ;
#2242 = LINE ( 'NONE', #451, #1381 ) ;
#2243 = EDGE_LOOP ( 'NONE', ( #644, #2280, #472, #1885 ) ) ;
#2244 =( LENGTH_UNIT ( ) NAMED_UNIT ( * ) SI_UNIT ( .MILLI., .METRE. ) );
#2245 =( LENGTH_UNIT ( ) NAMED_UNIT ( * ) SI_UNIT ( .MILLI., .METRE. ) );
#2246 =( LENGTH_UNIT ( ) NAMED_UNIT ( * ) SI_UNIT ( .MILLI., .METRE. ) );
#2247 = MECHANICAL_DESIGN_GEOMETRIC_PRESENTATION_REPRESENTATION (  '', ( #858 ), #1432 ) ;
#2248 = FILL_AREA_STYLE_COLOUR ( '', #528 ) ;
#2249 = DIRECTION ( 'NONE',  ( -0.0000000000000000000, -0.0000000000000000000, -1.000000000000000000 ) ) ;
#2250 = LINE ( 'NONE', #797, #262 ) ;
#2251 = EDGE_CURVE ( 'NONE', #1950, #881, #1737, .T. ) ;
#2252 = LINE ( 'NONE', #2191, #1008 ) ;
#2253 = ORIENTED_EDGE ( 'NONE', *, *, #1771, .T. ) ;
#2254 = ADVANCED_FACE ( 'NONE', ( #737 ), #237, .F. ) ;
#2255 = CARTESIAN_POINT ( 'NONE',  ( 0.0000000000000000000, -2.032879073410322355E-17, -0.1905000000000001414 ) ) ;
#2256 =( NAMED_UNIT ( * ) SI_UNIT ( $, .STERADIAN. ) SOLID_ANGLE_UNIT ( ) );
#2257 = CARTESIAN_POINT ( 'NONE',  ( 3.809999999999999165, -5.587999999999999190, -0.1905000000000000027 ) ) ;
#2258 = VERTEX_POINT ( 'NONE', #383 ) ;
#2259 = LINE ( 'NONE', #1612, #1469 ) ;
#2260 = CARTESIAN_POINT ( 'NONE',  ( 4.571999999999999176, -1.016000000000000014, -0.1905000000000000027 ) ) ;
#2261 = COLOUR_RGB ( '',0.8980392156862745390, 0.9215686274509803377, 0.9294117647058823817 ) ;
#2262 = UNCERTAINTY_MEASURE_WITH_UNIT (LENGTH_MEASURE( 1.000000000000000082E-05 ), #2245, 'distance_accuracy_value', 'NONE');
#2263 = AXIS2_PLACEMENT_3D ( 'NONE', #1842, #2644, #2267 ) ;
#2264 = EDGE_CURVE ( 'NONE', #2322, #1047, #2252, .T. ) ;
#2265 = ORIENTED_EDGE ( 'NONE', *, *, #1782, .T. ) ;
#2266 = VECTOR ( 'NONE', #1006, 1000.000000000000000 ) ;
#2267 = DIRECTION ( 'NONE',  ( 1.000000000000000000, 0.0000000000000000000, 0.0000000000000000000 ) ) ;
#2268 = STYLED_ITEM ( 'NONE', ( #372 ), #1897 ) ;
#2269 = EDGE_CURVE ( 'NONE', #2374, #2020, #2279, .T. ) ;
#2270 = DIRECTION ( 'NONE',  ( 1.000000000000000000, -0.0000000000000000000, -0.0000000000000000000 ) ) ;
#2271 = VERTEX_POINT ( 'NONE', #435 ) ;
#2272 = FILL_AREA_STYLE_COLOUR ( '', #2636 ) ;
#2273 = AXIS2_PLACEMENT_3D ( 'NONE', #233, #821, #1194 ) ;
#2274 = PRESENTATION_STYLE_ASSIGNMENT (( #666 ) ) ;
#2275 = AXIS2_PLACEMENT_3D ( 'NONE', #695, #2348, #337 ) ;
#2276 = SURFACE_STYLE_USAGE ( .BOTH. , #1452 ) ;
#2277 = CARTESIAN_POINT ( 'NONE',  ( 20.77346958660115206, 9.851469586601178108, 2.512778570286327895 ) ) ;
#2278 = LINE ( 'NONE', #447, #1837 ) ;
#2279 = LINE ( 'NONE', #812, #657 ) ;
#2280 = ORIENTED_EDGE ( 'NONE', *, *, #853, .F. ) ;
#2281 = STYLED_ITEM ( 'NONE', ( #1978 ), #1306 ) ;
#2282 = SURFACE_STYLE_FILL_AREA ( #1816 ) ;
#2283 = CARTESIAN_POINT ( 'NONE',  ( 0.02304814465319885916, -0.0003423141988045052229, 0.1877120745777214883 ) ) ;
#2284 = COLOUR_RGB ( '',0.5019607843137254832, 0.5019607843137254832, 0.5019607843137254832 ) ;
#2285 = EDGE_CURVE ( 'NONE', #1293, #1689, #2451, .T. ) ;
#2286 = EDGE_LOOP ( 'NONE', ( #2523, #2082, #1993, #2298 ) ) ;
#2287 =( GEOMETRIC_REPRESENTATION_CONTEXT ( 3 ) GLOBAL_UNCERTAINTY_ASSIGNED_CONTEXT ( ( #2043 ) ) GLOBAL_UNIT_ASSIGNED_CONTEXT ( ( #1492, #2310, #1535 ) ) REPRESENTATION_CONTEXT ( 'NONE', 'WORKASPACE' ) );
#2288 = DIRECTION ( 'NONE',  ( 1.000000000000000000, -0.0000000000000000000, -0.0000000000000000000 ) ) ;
#2289 = CARTESIAN_POINT ( 'NONE',  ( 0.0000000000000000000, 0.0000000000000000000, 0.1905000000000000027 ) ) ;
#2290 = ORIENTED_EDGE ( 'NONE', *, *, #2447, .F. ) ;
#2291 = CARTESIAN_POINT ( 'NONE',  ( 3.301999999999998714, -1.016000000000000014, -0.1905000000000000027 ) ) ;
#2292 = ORIENTED_EDGE ( 'NONE', *, *, #2203, .F. ) ;
#2293 = VERTEX_POINT ( 'NONE', #1252 ) ;
#2294 = VERTEX_POINT ( 'NONE', #368 ) ;
#2295 = ADVANCED_FACE ( 'NONE', ( #799 ), #1046, .F. ) ;
#2296 = LINE ( 'NONE', #607, #2460 ) ;
#2297 =( NAMED_UNIT ( * ) SI_UNIT ( $, .STERADIAN. ) SOLID_ANGLE_UNIT ( ) );
#2298 = ORIENTED_EDGE ( 'NONE', *, *, #1215, .F. ) ;
#2299 =( GEOMETRIC_REPRESENTATION_CONTEXT ( 3 ) GLOBAL_UNCERTAINTY_ASSIGNED_CONTEXT ( ( #1157 ) ) GLOBAL_UNIT_ASSIGNED_CONTEXT ( ( #1378, #2058, #1869 ) ) REPRESENTATION_CONTEXT ( 'NONE', 'WORKASPACE' ) );
#2300 = CARTESIAN_POINT ( 'NONE',  ( 4.191999999999999282, -5.207999999999999297, 0.1905000000000000027 ) ) ;
#2301 = LINE ( 'NONE', #1670, #892 ) ;
#2302 = STYLED_ITEM ( 'NONE', ( #776 ), #1548 ) ;
#2303 =( GEOMETRIC_REPRESENTATION_CONTEXT ( 3 ) GLOBAL_UNCERTAINTY_ASSIGNED_CONTEXT ( ( #1618 ) ) GLOBAL_UNIT_ASSIGNED_CONTEXT ( ( #2074, #1447, #1620 ) ) REPRESENTATION_CONTEXT ( 'NONE', 'WORKASPACE' ) );
#2304 = COLOUR_RGB ( '',0.7921568627450980005, 0.8196078431372548767, 0.9333333333333333481 ) ;
#2305 = CARTESIAN_POINT ( 'NONE',  ( 0.7619999999999987894, -1.685188701338831371E-31, 0.1905000000000000027 ) ) ;
#2306 = FILL_AREA_STYLE ('',( #1060 ) ) ;
#2307 = VERTEX_POINT ( 'NONE', #1483 ) ;
#2308 = COLOUR_RGB ( '',0.5019607843137254832, 0.5019607843137254832, 0.5019607843137254832 ) ;
#2309 = EDGE_CURVE ( 'NONE', #1260, #2370, #2096, .T. ) ;
#2310 =( NAMED_UNIT ( * ) PLANE_ANGLE_UNIT ( ) SI_UNIT ( $, .RADIAN. ) );
#2311 =( NAMED_UNIT ( * ) PLANE_ANGLE_UNIT ( ) SI_UNIT ( $, .RADIAN. ) );
#2312 = FILL_AREA_STYLE ('',( #1719 ) ) ;
#2313 = ORIENTED_EDGE ( 'NONE', *, *, #1594, .F. ) ;
#2314 = AXIS2_PLACEMENT_3D ( 'NONE', #2070, #1441, #195 ) ;
#2315 = EDGE_CURVE ( 'NONE', #2307, #1050, #300, .T. ) ;
#2316 = DIRECTION ( 'NONE',  ( 1.000000000000000000, 0.0000000000000000000, 0.0000000000000000000 ) ) ;
#2317 = SURFACE_SIDE_STYLE ('',( #659 ) ) ;
#2318 = ORIENTED_EDGE ( 'NONE', *, *, #427, .T. ) ;
#2319 = MECHANICAL_DESIGN_GEOMETRIC_PRESENTATION_REPRESENTATION (  '', ( #1285 ), #448 ) ;
#2320 = CARTESIAN_POINT ( 'NONE',  ( 20.32000000000000028, -1.015999999999999792, 0.1905000000000000027 ) ) ;
#2321 = AXIS2_PLACEMENT_3D ( 'NONE', #1843, #2019, #1255 ) ;
#2322 = VERTEX_POINT ( 'NONE', #2504 ) ;
#2323 = VECTOR ( 'NONE', #2025, 1000.000000000000000 ) ;
#2324 = DIRECTION ( 'NONE',  ( 0.0000000000000000000, 0.0000000000000000000, -1.000000000000000000 ) ) ;
#2325 = CARTESIAN_POINT ( 'NONE',  ( 0.0000000000000000000, 0.0000000000000000000, 0.1905000000000001414 ) ) ;
#2326 = ADVANCED_FACE ( 'NONE', ( #2531 ), #1066, .T. ) ;
#2327 = CIRCLE ( 'NONE', #1687, 0.3800000000000001155 ) ;
#2328 = CARTESIAN_POINT ( 'NONE',  ( 20.96859377549279557, 0.0000000000000000000, -0.9236195794752747323 ) ) ;
#2329 = VERTEX_POINT ( 'NONE', #264 ) ;
#2330 = CARTESIAN_POINT ( 'NONE',  ( 18.54199999999999804, -1.016000000000000014, 0.1905000000000000027 ) ) ;
#2331 = EDGE_LOOP ( 'NONE', ( #522, #1132, #1686, #969 ) ) ;
#2332 = CARTESIAN_POINT ( 'NONE',  ( 1.649999999999999023, -5.207999999999999297, -0.1905000000000000027 ) ) ;
#2333 = CARTESIAN_POINT ( 'NONE',  ( 19.81200000000000472, -1.016000000000000014, 0.1905000000000000027 ) ) ;
#2334 = FACE_OUTER_BOUND ( 'NONE', #2071, .T. ) ;
#2335 = SURFACE_STYLE_FILL_AREA ( #134 ) ;
#2336 = EDGE_LOOP ( 'NONE', ( #2441, #1474, #2122, #651 ) ) ;
#2337 = PRESENTATION_STYLE_ASSIGNMENT (( #1513 ) ) ;
#2338 = LINE ( 'NONE', #96, #2564 ) ;
#2339 = DIRECTION ( 'NONE',  ( 1.000000000000000000, -0.0000000000000000000, -0.0000000000000000000 ) ) ;
#2340 = UNCERTAINTY_MEASURE_WITH_UNIT (LENGTH_MEASURE( 1.000000000000000082E-05 ), #1806, 'distance_accuracy_value', 'NONE');
#2341 = EDGE_CURVE ( 'NONE', #2192, #609, #1893, .T. ) ;
#2342 = FILL_AREA_STYLE_COLOUR ( '', #2304 ) ;
#2343 = ORIENTED_EDGE ( 'NONE', *, *, #439, .T. ) ;
#2344 = VECTOR ( 'NONE', #130, 1000.000000000000000 ) ;
#2345 = EDGE_CURVE ( 'NONE', #203, #2593, #1514, .T. ) ;
#2346 = COLOUR_RGB ( '',0.8980392156862745390, 0.9215686274509803377, 0.9294117647058823817 ) ;
#2347 = LINE ( 'NONE', #1503, #852 ) ;
#2348 = DIRECTION ( 'NONE',  ( -0.0000000000000000000, -0.0000000000000000000, -1.000000000000000000 ) ) ;
#2349 = PRESENTATION_STYLE_ASSIGNMENT (( #1061 ) ) ;
#2350 = LINE ( 'NONE', #1578, #1886 ) ;
#2351 = DIRECTION ( 'NONE',  ( 0.0000000000000000000, -0.1218693434051410091, -0.9925461516413227603 ) ) ;
#2352 = DIRECTION ( 'NONE',  ( 1.000000000000000000, 0.0000000000000000000, 0.0000000000000000000 ) ) ;
#2353 = LINE ( 'NONE', #519, #1465 ) ;
#2354 = ORIENTED_EDGE ( 'NONE', *, *, #980, .F. ) ;
#2355 = EDGE_CURVE ( 'NONE', #785, #800, #2338, .T. ) ;
#2356 = PLANE ( 'NONE',  #939 ) ;
#2357 = DIRECTION ( 'NONE',  ( 1.000000000000000000, -0.0000000000000000000, 0.0000000000000000000 ) ) ;
#2358 = ORIENTED_EDGE ( 'NONE', *, *, #1491, .T. ) ;
#2359 = ADVANCED_FACE ( 'NONE', ( #1696 ), #1317, .F. ) ;
#2360 = DIRECTION ( 'NONE',  ( -0.0000000000000000000, 0.0000000000000000000, -1.000000000000000000 ) ) ;
#2361 = LINE ( 'NONE', #339, #768 ) ;
#2362 = DIRECTION ( 'NONE',  ( 1.000000000000000000, -0.0000000000000000000, -0.0000000000000000000 ) ) ;
#2363 =( NAMED_UNIT ( * ) PLANE_ANGLE_UNIT ( ) SI_UNIT ( $, .RADIAN. ) );
#2364 =( LENGTH_UNIT ( ) NAMED_UNIT ( * ) SI_UNIT ( .MILLI., .METRE. ) );
#2365 = PLANE ( 'NONE',  #2568 ) ;
#2366 = SURFACE_STYLE_FILL_AREA ( #2211 ) ;
#2367 = ORIENTED_EDGE ( 'NONE', *, *, #1161, .T. ) ;
#2368 = VECTOR ( 'NONE', #729, 1000.000000000000000 ) ;
#2369 = FILL_AREA_STYLE_COLOUR ( '', #2450 ) ;
#2370 = VERTEX_POINT ( 'NONE', #2591 ) ;
#2371 = CARTESIAN_POINT ( 'NONE',  ( 13.97000000000000064, -5.207999999999999297, 0.1905000000000000027 ) ) ;
#2372 = DIRECTION ( 'NONE',  ( -0.0000000000000000000, -0.0000000000000000000, -1.000000000000000000 ) ) ;
#2373 = CARTESIAN_POINT ( 'NONE',  ( 1.652000000000000135, -5.207999999999999297, -0.1905000000000000027 ) ) ;
#2374 = VERTEX_POINT ( 'NONE', #2171 ) ;
#2375 = EDGE_CURVE ( 'NONE', #2396, #2192, #2607, .T. ) ;
#2376 = CARTESIAN_POINT ( 'NONE',  ( 19.04999999999999716, -1.016000000000000014, 0.1905000000000000027 ) ) ;
#2377 = SURFACE_SIDE_STYLE ('',( #157 ) ) ;
#2378 =( NAMED_UNIT ( * ) SI_UNIT ( $, .STERADIAN. ) SOLID_ANGLE_UNIT ( ) );
#2379 = CARTESIAN_POINT ( 'NONE',  ( 0.0000000000000000000, 10.16000000000000014, 0.0000000000000000000 ) ) ;
#2380 = ORIENTED_EDGE ( 'NONE', *, *, #1244, .T. ) ;
#2381 = FILL_AREA_STYLE ('',( #952 ) ) ;
#2382 =( LENGTH_UNIT ( ) NAMED_UNIT ( * ) SI_UNIT ( .MILLI., .METRE. ) );
#2383 = ORIENTED_EDGE ( 'NONE', *, *, #1290, .T. ) ;
#2384 = FILL_AREA_STYLE ('',( #2160 ) ) ;
#2385 = FILL_AREA_STYLE_COLOUR ( '', #1167 ) ;
#2386 = LINE ( 'NONE', #2330, #628 ) ;
#2387 = ORIENTED_EDGE ( 'NONE', *, *, #35, .F. ) ;
#2388 = DIRECTION ( 'NONE',  ( 0.0000000000000000000, 0.0000000000000000000, 1.000000000000000000 ) ) ;
#2389 = CARTESIAN_POINT ( 'NONE',  ( 1.269999999999998685, -1.016000000000000014, 0.1905000000000000027 ) ) ;
#2390 = DIRECTION ( 'NONE',  ( 0.0000000000000000000, 1.000000000000000000, 0.0000000000000000000 ) ) ;
#2391 = SHAPE_DEFINITION_REPRESENTATION ( #344, #1347 ) ;
#2392 = FILL_AREA_STYLE ('',( #2138 ) ) ;
#2393 =( GEOMETRIC_REPRESENTATION_CONTEXT ( 3 ) GLOBAL_UNCERTAINTY_ASSIGNED_CONTEXT ( ( #1749 ) ) GLOBAL_UNIT_ASSIGNED_CONTEXT ( ( #2105, #2311, #2119 ) ) REPRESENTATION_CONTEXT ( 'NONE', 'WORKASPACE' ) );
#2394 = LINE ( 'NONE', #208, #379 ) ;
#2395 = DIRECTION ( 'NONE',  ( 1.000000000000000000, 0.0000000000000000000, 0.0000000000000000000 ) ) ;
#2396 = VERTEX_POINT ( 'NONE', #2616 ) ;
#2397 = UNCERTAINTY_MEASURE_WITH_UNIT (LENGTH_MEASURE( 1.000000000000000082E-05 ), #43, 'distance_accuracy_value', 'NONE');
#2398 = EDGE_CURVE ( 'NONE', #555, #692, #1369, .T. ) ;
#2399 = STYLED_ITEM ( 'NONE', ( #1914 ), #2579 ) ;
#2400 = VECTOR ( 'NONE', #1327, 1000.000000000000227 ) ;
#2401 = COLOUR_RGB ( '',0.7921568627450980005, 0.8196078431372548767, 0.9333333333333333481 ) ;
#2402 = SURFACE_STYLE_FILL_AREA ( #751 ) ;
#2403 = DIRECTION ( 'NONE',  ( 1.000000000000000000, 0.0000000000000000000, 0.0000000000000000000 ) ) ;
#2404 = PRESENTATION_STYLE_ASSIGNMENT (( #625 ) ) ;
#2405 = ORIENTED_EDGE ( 'NONE', *, *, #196, .F. ) ;
#2406 = SURFACE_SIDE_STYLE ('',( #407 ) ) ;
#2407 = PRESENTATION_STYLE_ASSIGNMENT (( #725 ) ) ;
#2408 = CIRCLE ( 'NONE', #118, 0.5000000000000002220 ) ;
#2409 = CARTESIAN_POINT ( 'NONE',  ( 20.32000000000000028, -1.545065925005135840E-17, -0.1905000000000000027 ) ) ;
#2410 = MECHANICAL_DESIGN_GEOMETRIC_PRESENTATION_REPRESENTATION (  '', ( #2412 ), #1595 ) ;
#2411 = CARTESIAN_POINT ( 'NONE',  ( 13.46199999999999797, -2.331928601384511794E-16, -0.1905000000000000027 ) ) ;
#2412 = STYLED_ITEM ( 'NONE', ( #2407 ), #1373 ) ;
#2413 = EDGE_CURVE ( 'NONE', #616, #2131, #2575, .T. ) ;
#2414 = COLOUR_RGB ( '',0.8980392156862745390, 0.9215686274509803377, 0.9294117647058823817 ) ;
#2415 = FILL_AREA_STYLE ('',( #2369 ) ) ;
#2416 = ORIENTED_EDGE ( 'NONE', *, *, #2413, .T. ) ;
#2417 = CARTESIAN_POINT ( 'NONE',  ( 18.54199999999999804, -2.331928601384509822E-16, 0.1905000000000000027 ) ) ;
#2418 = ORIENTED_EDGE ( 'NONE', *, *, #2151, .T. ) ;
#2419 = VECTOR ( 'NONE', #831, 1000.000000000000000 ) ;
#2420 = FACE_OUTER_BOUND ( 'NONE', #502, .T. ) ;
#2421 = DIRECTION ( 'NONE',  ( 0.0000000000000000000, 0.0000000000000000000, -1.000000000000000000 ) ) ;
#2422 = PRESENTATION_STYLE_ASSIGNMENT (( #191 ) ) ;
#2423 =( LENGTH_UNIT ( ) NAMED_UNIT ( * ) SI_UNIT ( .MILLI., .METRE. ) );
#2424 = CARTESIAN_POINT ( 'NONE',  ( 4.189999999999999503, -5.587999999999999190, 0.1905000000000000027 ) ) ;
#2425 = SURFACE_STYLE_FILL_AREA ( #2384 ) ;
#2426 = LINE ( 'NONE', #2482, #1672 ) ;
#2427 = DIRECTION ( 'NONE',  ( -0.0000000000000000000, -0.0000000000000000000, 1.000000000000000000 ) ) ;
#2428 = VERTEX_POINT ( 'NONE', #148 ) ;
#2429 = EDGE_CURVE ( 'NONE', #1524, #1563, #936, .T. ) ;
#2430 = FILL_AREA_STYLE ('',( #371 ) ) ;
#2431 = DIRECTION ( 'NONE',  ( 0.0000000000000000000, -1.000000000000000000, 0.0000000000000000000 ) ) ;
#2432 = COLOUR_RGB ( '',0.8980392156862745390, 0.9215686274509803377, 0.9294117647058823817 ) ;
#2433 = LINE ( 'NONE', #1457, #585 ) ;
#2434 = VECTOR ( 'NONE', #2011, 1000.000000000000000 ) ;
#2435 = DIRECTION ( 'NONE',  ( -1.897116662266849457E-16, 1.000000000000000000, 0.0000000000000000000 ) ) ;
#2436 = MECHANICAL_DESIGN_GEOMETRIC_PRESENTATION_REPRESENTATION (  '', ( #1453 ), #358 ) ;
#2437 = EDGE_LOOP ( 'NONE', ( #509, #346, #648, #1937 ) ) ;
#2438 =( NAMED_UNIT ( * ) SI_UNIT ( $, .STERADIAN. ) SOLID_ANGLE_UNIT ( ) );
#2439 = CARTESIAN_POINT ( 'NONE',  ( 13.46199999999999797, -1.016000000000000014, 0.1905000000000000027 ) ) ;
#2440 = SURFACE_SIDE_STYLE ('',( #1419 ) ) ;
#2441 = ORIENTED_EDGE ( 'NONE', *, *, #805, .T. ) ;
#2442 = SURFACE_STYLE_FILL_AREA ( #431 ) ;
#2443 = DIRECTION ( 'NONE',  ( 1.067128122525102851E-16, -1.000000000000000000, 0.0000000000000000000 ) ) ;
#2444 = ADVANCED_FACE ( 'NONE', ( #2185 ), #1171, .F. ) ;
#2445 = DIRECTION ( 'NONE',  ( 1.000000000000000000, 4.268512490100412881E-16, 0.0000000000000000000 ) ) ;
#2446 = DIRECTION ( 'NONE',  ( -0.0000000000000000000, -0.0000000000000000000, -1.000000000000000000 ) ) ;
#2447 = EDGE_CURVE ( 'NONE', #881, #2258, #2002, .T. ) ;
#2448 = FILL_AREA_STYLE_COLOUR ( '', #2432 ) ;
#2449 = PRESENTATION_LAYER_ASSIGNMENT (  '', '', ( #1158 ) ) ;
#2450 = COLOUR_RGB ( '',0.5019607843137254832, 0.5019607843137254832, 0.5019607843137254832 ) ;
#2451 = LINE ( 'NONE', #1642, #2516 ) ;
#2452 = VERTEX_POINT ( 'NONE', #331 ) ;
#2453 = MECHANICAL_DESIGN_GEOMETRIC_PRESENTATION_REPRESENTATION (  '', ( #2104 ), #197 ) ;
#2454 = FACE_OUTER_BOUND ( 'NONE', #748, .T. ) ;
#2455 =( LENGTH_UNIT ( ) NAMED_UNIT ( * ) SI_UNIT ( .MILLI., .METRE. ) );
#2456 = COLOUR_RGB ( '',0.8980392156862745390, 0.9215686274509803377, 0.9294117647058823817 ) ;
#2457 = LINE ( 'NONE', #2048, #1976 ) ;
#2458 = ORIENTED_EDGE ( 'NONE', *, *, #2526, .T. ) ;
#2459 =( LENGTH_UNIT ( ) NAMED_UNIT ( * ) SI_UNIT ( .MILLI., .METRE. ) );
#2460 = VECTOR ( 'NONE', #2288, 1000.000000000000000 ) ;
#2461 = DIRECTION ( 'NONE',  ( 1.000000000000000000, 0.0000000000000000000, 0.0000000000000000000 ) ) ;
#2462 = DIRECTION ( 'NONE',  ( 1.000000000000000000, 1.897116662266849704E-16, -0.0000000000000000000 ) ) ;
#2463 = VECTOR ( 'NONE', #827, 1000.000000000000000 ) ;
#2464 = EDGE_CURVE ( 'NONE', #1147, #468, #1334, .T. ) ;
#2465 = CARTESIAN_POINT ( 'NONE',  ( 13.46199999999999797, -1.016000000000000014, -0.1905000000000000027 ) ) ;
#2466 = ORIENTED_EDGE ( 'NONE', *, *, #1477, .F. ) ;
#2467 = EDGE_CURVE ( 'NONE', #2593, #1713, #1236, .T. ) ;
#2468 = DIRECTION ( 'NONE',  ( 0.0000000000000000000, -0.0000000000000000000, 1.000000000000000000 ) ) ;
#2469 = FILL_AREA_STYLE ('',( #638 ) ) ;
#2470 = ORIENTED_EDGE ( 'NONE', *, *, #739, .T. ) ;
#2471 = DIRECTION ( 'NONE',  ( -1.000000000000000000, -1.224646799147353207E-16, 0.0000000000000000000 ) ) ;
#2472 = VERTEX_POINT ( 'NONE', #596 ) ;
#2473 = SURFACE_STYLE_FILL_AREA ( #1660 ) ;
#2474 = PRESENTATION_STYLE_ASSIGNMENT (( #897 ) ) ;
#2475 = LINE ( 'NONE', #2260, #492 ) ;
#2476 = EDGE_CURVE ( 'NONE', #2115, #1286, #2250, .T. ) ;
#2477 = UNCERTAINTY_MEASURE_WITH_UNIT (LENGTH_MEASURE( 1.000000000000000082E-05 ), #1712, 'distance_accuracy_value', 'NONE');
#2478 =( NAMED_UNIT ( * ) SI_UNIT ( $, .STERADIAN. ) SOLID_ANGLE_UNIT ( ) );
#2479 = ORIENTED_EDGE ( 'NONE', *, *, #2429, .T. ) ;
#2480 = ADVANCED_FACE ( 'NONE', ( #1429 ), #221, .F. ) ;
#2481 = SURFACE_STYLE_USAGE ( .BOTH. , #841 ) ;
#2482 = CARTESIAN_POINT ( 'NONE',  ( 3.301999999999998714, 0.0000000000000000000, 0.1905000000000000027 ) ) ;
#2483 = ORIENTED_EDGE ( 'NONE', *, *, #1653, .T. ) ;
#2484 = SURFACE_SIDE_STYLE ('',( #791 ) ) ;
#2485 = COLOUR_RGB ( '',0.8980392156862745390, 0.9215686274509803377, 0.9294117647058823817 ) ;
#2486 = VERTEX_POINT ( 'NONE', #1855 ) ;
#2487 = FILL_AREA_STYLE ('',( #320 ) ) ;
#2488 = CARTESIAN_POINT ( 'NONE',  ( 14.34999999999999964, -5.207999999999999297, -0.1905000000000000027 ) ) ;
#2489 = EDGE_LOOP ( 'NONE', ( #2042, #2313, #778, #1328, #378 ) ) ;
#2490 = CARTESIAN_POINT ( 'NONE',  ( 13.97000000000000064, -5.587999999999999190, 0.1905000000000000027 ) ) ;
#2491 = CARTESIAN_POINT ( 'NONE',  ( 1.652000000000000135, -5.207999999999999297, 0.1905000000000000027 ) ) ;
#2492 = ORIENTED_EDGE ( 'NONE', *, *, #762, .T. ) ;
#2493 = VECTOR ( 'NONE', #872, 1000.000000000000000 ) ;
#2494 = LINE ( 'NONE', #97, #302 ) ;
#2495 = ADVANCED_FACE ( 'NONE', ( #1017 ), #1401, .F. ) ;
#2496 = CARTESIAN_POINT ( 'NONE',  ( 1.651999999999999247, 1.452875049250767603, 1.270000000000000018 ) ) ;
#2497 =( NAMED_UNIT ( * ) SI_UNIT ( $, .STERADIAN. ) SOLID_ANGLE_UNIT ( ) );
#2498 = ORIENTED_EDGE ( 'NONE', *, *, #309, .F. ) ;
#2499 = PRESENTATION_LAYER_ASSIGNMENT (  '', '', ( #724 ) ) ;
#2500 = VERTEX_POINT ( 'NONE', #6 ) ;
#2501 = PRESENTATION_LAYER_ASSIGNMENT (  '', '', ( #530 ) ) ;
#2502 = CARTESIAN_POINT ( 'NONE',  ( 2.031999999999999140, -1.016000000000000014, 0.1905000000000000027 ) ) ;
#2503 = CARTESIAN_POINT ( 'NONE',  ( 18.54199999999999804, -2.331928601384509822E-16, 0.1905000000000000027 ) ) ;
#2504 = CARTESIAN_POINT ( 'NONE',  ( 1.269999999999999130, -5.207999999999999297, -0.1905000000000000027 ) ) ;
#2505 = DIRECTION ( 'NONE',  ( -0.0000000000000000000, -0.0000000000000000000, -1.000000000000000000 ) ) ;
#2506 = VERTEX_POINT ( 'NONE', #623 ) ;
#2507 = SURFACE_STYLE_USAGE ( .BOTH. , #1881 ) ;
#2508 = ORIENTED_EDGE ( 'NONE', *, *, #822, .T. ) ;
#2509 = EDGE_CURVE ( 'NONE', #1867, #1099, #2433, .T. ) ;
#2510 = PRESENTATION_STYLE_ASSIGNMENT (( #1270 ) ) ;
#2511 = DIRECTION ( 'NONE',  ( -0.0000000000000000000, 0.0000000000000000000, -1.000000000000000000 ) ) ;
#2512 = EDGE_LOOP ( 'NONE', ( #122, #507, #2216, #2387, #1189 ) ) ;
#2513 = EDGE_CURVE ( 'NONE', #848, #2329, #2278, .T. ) ;
#2514 = DIRECTION ( 'NONE',  ( 1.000000000000000000, -0.0000000000000000000, -0.0000000000000000000 ) ) ;
#2515 = EDGE_LOOP ( 'NONE', ( #2416, #80, #1720, #1898 ) ) ;
#2516 = VECTOR ( 'NONE', #1019, 1000.000000000000000 ) ;
#2517 = FILL_AREA_STYLE_COLOUR ( '', #1700 ) ;
#2518 = CARTESIAN_POINT ( 'NONE',  ( 20.57371899960676487, 9.651718999606805127, -4.139616549959899139 ) ) ;
#2519 = LINE ( 'NONE', #1080, #1494 ) ;
#2520 = VECTOR ( 'NONE', #862, 1000.000000000000000 ) ;
#2521 = ORIENTED_EDGE ( 'NONE', *, *, #1852, .T. ) ;
#2522 =( NAMED_UNIT ( * ) SI_UNIT ( $, .STERADIAN. ) SOLID_ANGLE_UNIT ( ) );
#2523 = ORIENTED_EDGE ( 'NONE', *, *, #542, .F. ) ;
#2524 = VECTOR ( 'NONE', #1889, 1000.000000000000000 ) ;
#2525 = COLOUR_RGB ( '',0.5019607843137254832, 0.5019607843137254832, 0.5019607843137254832 ) ;
#2526 = EDGE_CURVE ( 'NONE', #1050, #449, #1210, .T. ) ;
#2527 = PRESENTATION_STYLE_ASSIGNMENT (( #471 ) ) ;
#2528 = ORIENTED_EDGE ( 'NONE', *, *, #1082, .F. ) ;
#2529 = CARTESIAN_POINT ( 'NONE',  ( 4.572000000000000064, -5.207999999999999297, -0.1905000000000000027 ) ) ;
#2530 = AXIS2_PLACEMENT_3D ( 'NONE', #2379, #314, #109 ) ;
#2531 = FACE_OUTER_BOUND ( 'NONE', #1184, .T. ) ;
#2532 =( LENGTH_UNIT ( ) NAMED_UNIT ( * ) SI_UNIT ( .MILLI., .METRE. ) );
#2533 = UNCERTAINTY_MEASURE_WITH_UNIT (LENGTH_MEASURE( 1.000000000000000082E-05 ), #1396, 'distance_accuracy_value', 'NONE');
#2534 =( NAMED_UNIT ( * ) SI_UNIT ( $, .STERADIAN. ) SOLID_ANGLE_UNIT ( ) );
#2535 = VERTEX_POINT ( 'NONE', #685 ) ;
#2536 = VECTOR ( 'NONE', #577, 1000.000000000000000 ) ;
#2537 = VECTOR ( 'NONE', #2427, 1000.000000000000000 ) ;
#2538 = DIRECTION ( 'NONE',  ( 0.0000000000000000000, 0.0000000000000000000, 1.000000000000000000 ) ) ;
#2539 = VERTEX_POINT ( 'NONE', #1495 ) ;
#2540 = PRESENTATION_LAYER_ASSIGNMENT (  '', '', ( #2412 ) ) ;
#2541 =( LENGTH_UNIT ( ) NAMED_UNIT ( * ) SI_UNIT ( .MILLI., .METRE. ) );
#2542 = LINE ( 'NONE', #2389, #9 ) ;
#2543 = VECTOR ( 'NONE', #2270, 1000.000000000000000 ) ;
#2544 = SURFACE_STYLE_FILL_AREA ( #313 ) ;
#2545 = VERTEX_POINT ( 'NONE', #832 ) ;
#2546 = EDGE_CURVE ( 'NONE', #2535, #1527, #1062, .T. ) ;
#2547 = FACE_OUTER_BOUND ( 'NONE', #1173, .T. ) ;
#2548 = EDGE_CURVE ( 'NONE', #2258, #789, #1280, .T. ) ;
#2549 = ORIENTED_EDGE ( 'NONE', *, *, #2548, .T. ) ;
#2550 = AXIS2_PLACEMENT_3D ( 'NONE', #2164, #1956, #143 ) ;
#2551 = PRESENTATION_STYLE_ASSIGNMENT (( #1487 ) ) ;
#2552 = ORIENTED_EDGE ( 'NONE', *, *, #706, .T. ) ;
#2553 = CARTESIAN_POINT ( 'NONE',  ( 5.079999999999998295, -1.015999999999999792, -0.1905000000000000027 ) ) ;
#2554 = DIRECTION ( 'NONE',  ( 7.588466649067400787E-16, 1.000000000000000000, 0.0000000000000000000 ) ) ;
#2555 = ORIENTED_EDGE ( 'NONE', *, *, #469, .F. ) ;
#2556 = CARTESIAN_POINT ( 'NONE',  ( 14.73200000000000109, -5.587999999999999190, 0.1905000000000000027 ) ) ;
#2557 = PLANE ( 'NONE',  #1423 ) ;
#2558 = FILL_AREA_STYLE ('',( #1278 ) ) ;
#2559 = CARTESIAN_POINT ( 'NONE',  ( 13.46199999999999797, -1.016000000000000014, 0.1905000000000000027 ) ) ;
#2560 = ORIENTED_EDGE ( 'NONE', *, *, #867, .F. ) ;
#2561 = UNCERTAINTY_MEASURE_WITH_UNIT (LENGTH_MEASURE( 1.000000000000000082E-05 ), #2246, 'distance_accuracy_value', 'NONE');
#2562 = EDGE_CURVE ( 'NONE', #2370, #1138, #650, .T. ) ;
#2563 = EDGE_LOOP ( 'NONE', ( #1557, #2213, #2555, #335 ) ) ;
#2564 = VECTOR ( 'NONE', #863, 1000.000000000000000 ) ;
#2565 = SURFACE_STYLE_FILL_AREA ( #2487 ) ;
#2566 = DIRECTION ( 'NONE',  ( 1.000000000000000000, 0.0000000000000000000, 0.0000000000000000000 ) ) ;
#2567 = EDGE_LOOP ( 'NONE', ( #2173, #44, #599, #355 ) ) ;
#2568 = AXIS2_PLACEMENT_3D ( 'NONE', #907, #2170, #343 ) ;
#2569 = DIRECTION ( 'NONE',  ( -0.0000000000000000000, -0.0000000000000000000, -1.000000000000000000 ) ) ;
#2570 = FILL_AREA_STYLE_COLOUR ( '', #2308 ) ;
#2571 = AXIS2_PLACEMENT_3D ( 'NONE', #2165, #338, #1957 ) ;
#2572 = DIRECTION ( 'NONE',  ( 1.000000000000000000, 0.0000000000000000000, -0.0000000000000000000 ) ) ;
#2573 = FILL_AREA_STYLE_COLOUR ( '', #2401 ) ;
#2574 = ORIENTED_EDGE ( 'NONE', *, *, #1531, .T. ) ;
#2575 = LINE ( 'NONE', #979, #1269 ) ;
#2576 = CARTESIAN_POINT ( 'NONE',  ( 0.2027173100506964032, 0.1793268511986817748, -1.651000000000000245 ) ) ;
#2577 = LINE ( 'NONE', #1160, #985 ) ;
#2578 = ORIENTED_EDGE ( 'NONE', *, *, #424, .T. ) ;
#2579 = ADVANCED_FACE ( 'NONE', ( #860 ), #1052, .T. ) ;
#2580 =( NAMED_UNIT ( * ) SI_UNIT ( $, .STERADIAN. ) SOLID_ANGLE_UNIT ( ) );
#2581 =( NAMED_UNIT ( * ) SI_UNIT ( $, .STERADIAN. ) SOLID_ANGLE_UNIT ( ) );
#2582 = FILL_AREA_STYLE_COLOUR ( '', #2525 ) ;
#2583 = AXIS2_PLACEMENT_3D ( 'NONE', #1748, #2172, #1140 ) ;
#2584 = CARTESIAN_POINT ( 'NONE',  ( 1.269999999999999130, -5.587999999999999190, -0.1905000000000000027 ) ) ;
#2585 = SURFACE_STYLE_USAGE ( .BOTH. , #2377 ) ;
#2586 = FILL_AREA_STYLE_COLOUR ( '', #894 ) ;
#2587 = APPLICATION_PROTOCOL_DEFINITION ( 'draft international standard', 'automotive_design', 1998, #1948 ) ;
#2588 = ORIENTED_EDGE ( 'NONE', *, *, #2562, .F. ) ;
#2589 = MECHANICAL_DESIGN_GEOMETRIC_PRESENTATION_REPRESENTATION (  '', ( #1158 ), #152 ) ;
#2590 = DIRECTION ( 'NONE',  ( 4.268512490100414360E-16, -1.000000000000000000, -0.0000000000000000000 ) ) ;
#2591 = CARTESIAN_POINT ( 'NONE',  ( 7.703719777548943412E-31, 0.0000000000000000000, 0.0000000000000000000 ) ) ;
#2592 = SURFACE_STYLE_FILL_AREA ( #864 ) ;
#2593 = VERTEX_POINT ( 'NONE', #260 ) ;
#2594 = VECTOR ( 'NONE', #1149, 1000.000000000000000 ) ;
#2595 = LINE ( 'NONE', #735, #1827 ) ;
#2596 = CARTESIAN_POINT ( 'NONE',  ( 0.0000000000000000000, 0.1793268511986819136, 1.651000000000000023 ) ) ;
#2597 = DIRECTION ( 'NONE',  ( -1.897116662266849457E-16, 1.000000000000000000, 0.0000000000000000000 ) ) ;
#2598 = CARTESIAN_POINT ( 'NONE',  ( 18.54199999999999804, -2.032879073410322355E-17, -0.1905000000000001414 ) ) ;
#2599 = ADVANCED_FACE ( 'NONE', ( #2120 ), #274, .F. ) ;
#2600 =( NAMED_UNIT ( * ) PLANE_ANGLE_UNIT ( ) SI_UNIT ( $, .RADIAN. ) );
#2601 =( NAMED_UNIT ( * ) PLANE_ANGLE_UNIT ( ) SI_UNIT ( $, .RADIAN. ) );
#2602 = ORIENTED_EDGE ( 'NONE', *, *, #2221, .F. ) ;
#2603 =( NAMED_UNIT ( * ) PLANE_ANGLE_UNIT ( ) SI_UNIT ( $, .RADIAN. ) );
#2604 = ORIENTED_EDGE ( 'NONE', *, *, #2345, .F. ) ;
#2605 = CARTESIAN_POINT ( 'NONE',  ( 2.539999999999998703, -1.015999999999999792, 0.1905000000000000027 ) ) ;
#2606 = FILL_AREA_STYLE_COLOUR ( '', #2261 ) ;
#2607 = CIRCLE ( 'NONE', #1446, 0.3800000000000001155 ) ;
#2608 = ORIENTED_EDGE ( 'NONE', *, *, #976, .T. ) ;
#2609 = MECHANICAL_DESIGN_GEOMETRIC_PRESENTATION_REPRESENTATION (  '', ( #1959 ), #750 ) ;
#2610 = LINE ( 'NONE', #1942, #1422 ) ;
#2611 = DIRECTION ( 'NONE',  ( 0.0000000000000000000, 0.0000000000000000000, 1.000000000000000000 ) ) ;
#2612 = VERTEX_POINT ( 'NONE', #1089 ) ;
#2613 = VECTOR ( 'NONE', #668, 1000.000000000000000 ) ;
#2614 = ADVANCED_FACE ( 'NONE', ( #2334 ), #108, .T. ) ;
#2615 = DIRECTION ( 'NONE',  ( 0.0000000000000000000, 0.0000000000000000000, -1.000000000000000000 ) ) ;
#2616 = CARTESIAN_POINT ( 'NONE',  ( 3.809999999999999165, -5.207999999999999297, 0.1905000000000000027 ) ) ;
#2617 = DIRECTION ( 'NONE',  ( 0.0000000000000000000, 0.0000000000000000000, 1.000000000000000000 ) ) ;
#2618 = COLOUR_RGB ( '',0.5019607843137254832, 0.5019607843137254832, 0.5019607843137254832 ) ;
#2619 = VERTEX_POINT ( 'NONE', #1312 ) ;
#2620 = DIRECTION ( 'NONE',  ( 7.588466649067400787E-16, -1.000000000000000000, 0.0000000000000000000 ) ) ;
#2621 = PRESENTATION_STYLE_ASSIGNMENT (( #336 ) ) ;
#2622 = ORIENTED_EDGE ( 'NONE', *, *, #1491, .F. ) ;
#2623 =( NAMED_UNIT ( * ) PLANE_ANGLE_UNIT ( ) SI_UNIT ( $, .RADIAN. ) );
#2624 = DIRECTION ( 'NONE',  ( 0.0000000000000000000, -0.0000000000000000000, 1.000000000000000000 ) ) ;
#2625 =( LENGTH_UNIT ( ) NAMED_UNIT ( * ) SI_UNIT ( .MILLI., .METRE. ) );
#2626 = CARTESIAN_POINT ( 'NONE',  ( 4.191999999999999282, -5.207999999999999297, 0.1905000000000000027 ) ) ;
#2627 =( GEOMETRIC_REPRESENTATION_CONTEXT ( 3 ) GLOBAL_UNCERTAINTY_ASSIGNED_CONTEXT ( ( #1516 ) ) GLOBAL_UNIT_ASSIGNED_CONTEXT ( ( #2209, #2601, #172 ) ) REPRESENTATION_CONTEXT ( 'NONE', 'WORKASPACE' ) );
#2628 = ADVANCED_FACE ( 'NONE', ( #296 ), #327, .T. ) ;
#2629 = CIRCLE ( 'NONE', #1033, 0.3800000000000001155 ) ;
#2630 = MECHANICAL_DESIGN_GEOMETRIC_PRESENTATION_REPRESENTATION (  '', ( #682 ), #1518 ) ;
#2631 = EDGE_CURVE ( 'NONE', #177, #57, #526, .T. ) ;
#2632 = MECHANICAL_DESIGN_GEOMETRIC_PRESENTATION_REPRESENTATION (  '', ( #1521 ), #1987 ) ;
#2633 = DIRECTION ( 'NONE',  ( 1.000000000000000000, 0.0000000000000000000, -0.0000000000000000000 ) ) ;
#2634 = DIRECTION ( 'NONE',  ( 1.000000000000000000, 4.268512490100427672E-16, 0.0000000000000000000 ) ) ;
#2635 = VERTEX_POINT ( 'NONE', #1708 ) ;
#2636 = COLOUR_RGB ( '',0.8980392156862745390, 0.9215686274509803377, 0.9294117647058823817 ) ;
#2637 = DIRECTION ( 'NONE',  ( 0.0000000000000000000, -0.1218693434051405095, 0.9925461516413227603 ) ) ;
#2638 =( NAMED_UNIT ( * ) SI_UNIT ( $, .STERADIAN. ) SOLID_ANGLE_UNIT ( ) );
#2639 = LINE ( 'NONE', #2424, #268 ) ;
#2640 =( LENGTH_UNIT ( ) NAMED_UNIT ( * ) SI_UNIT ( .MILLI., .METRE. ) );
#2641 = DIRECTION ( 'NONE',  ( -1.000000000000000000, -1.224646799147353207E-16, 0.0000000000000000000 ) ) ;
#2642 = UNCERTAINTY_MEASURE_WITH_UNIT (LENGTH_MEASURE( 1.000000000000000082E-05 ), #1598, 'distance_accuracy_value', 'NONE');
#2643 = ADVANCED_FACE ( 'NONE', ( #1973 ), #2166, .F. ) ;
#2644 = DIRECTION ( 'NONE',  ( 0.0000000000000000000, 0.0000000000000000000, 1.000000000000000000 ) ) ;
#2645 = FILL_AREA_STYLE_COLOUR ( '', #2063 ) ;
#2646 = ORIENTED_EDGE ( 'NONE', *, *, #739, .F. ) ;
#2647 = EDGE_CURVE ( 'NONE', #1680, #1630, #1127, .T. ) ;
#2648 = VECTOR ( 'NONE', #2235, 1000.000000000000000 ) ;
#2649 = CARTESIAN_POINT ( 'NONE',  ( 20.87928268994929937, 0.1793268511986818026, -1.651000000000000023 ) ) ;
#2650 = CARTESIAN_POINT ( 'NONE',  ( 0.7619999999999987894, -1.685188701338831371E-31, 0.1905000000000000027 ) ) ;
ENDSEC;
END-ISO-10303-21;
