ISO-10303-21;
HEADER;
FILE_DESCRIPTION (( 'STEP AP214' ),
    '1' );
FILE_NAME ('B32921C3103M189.STEP',
    '2022-07-15T11:08:40',
    ( '' ),
    ( '' ),
    'SwSTEP 2.0',
    'SolidWorks 2018',
    '' );
FILE_SCHEMA (( 'AUTOMOTIVE_DESIGN' ));
ENDSEC;

DATA;
#1 = CARTESIAN_POINT ( 'NONE',  ( -3.850000000000004086, -4.499999999999998224, -2.000000000000000000 ) ) ;
#2 = SURFACE_SIDE_STYLE ('',( #881 ) ) ;
#3 = VECTOR ( 'NONE', #57, 999.9999999999998863 ) ;
#4 = FILL_AREA_STYLE ('',( #1725 ) ) ;
#5 = EDGE_CURVE ( 'NONE', #762, #639, #1510, .T. ) ;
#6 = VECTOR ( 'NONE', #725, 1000.000000000000000 ) ;
#7 = CIRCLE ( 'NONE', #1258, 0.5000000000000004441 ) ;
#8 = MECHANICAL_DESIGN_GEOMETRIC_PRESENTATION_REPRESENTATION (  '', ( #1314 ), #105 ) ;
#9 = CARTESIAN_POINT ( 'NONE',  ( 6.500000000000004441, -4.099999999999997868, -1.500000000000000000 ) ) ;
#10 = VERTEX_POINT ( 'NONE', #780 ) ;
#11 = ORIENTED_EDGE ( 'NONE', *, *, #678, .F. ) ;
#12 = AXIS2_PLACEMENT_3D ( 'NONE', #1643, #198, #327 ) ;
#13 = EDGE_LOOP ( 'NONE', ( #1074, #1646, #755, #1232 ) ) ;
#14 = ORIENTED_EDGE ( 'NONE', *, *, #1152, .T. ) ;
#15 = SURFACE_SIDE_STYLE ('',( #400 ) ) ;
#16 = EDGE_CURVE ( 'NONE', #1794, #1038, #1576, .T. ) ;
#17 = CARTESIAN_POINT ( 'NONE',  ( 5.000000000000001776, -9.499999999999998224, 6.123233995736766282E-16 ) ) ;
#18 = VECTOR ( 'NONE', #1432, 1000.000000000000000 ) ;
#19 =( GEOMETRIC_REPRESENTATION_CONTEXT ( 3 ) GLOBAL_UNCERTAINTY_ASSIGNED_CONTEXT ( ( #1183 ) ) GLOBAL_UNIT_ASSIGNED_CONTEXT ( ( #614, #611, #1350 ) ) REPRESENTATION_CONTEXT ( 'NONE', 'WORKASPACE' ) );
#20 = UNCERTAINTY_MEASURE_WITH_UNIT (LENGTH_MEASURE( 1.000000000000000082E-05 ), #342, 'distance_accuracy_value', 'NONE');
#21 = AXIS2_PLACEMENT_3D ( 'NONE', #582, #118, #701 ) ;
#22 = CIRCLE ( 'NONE', #387, 0.2999999999999990452 ) ;
#23 = UNCERTAINTY_MEASURE_WITH_UNIT (LENGTH_MEASURE( 1.000000000000000082E-05 ), #1543, 'distance_accuracy_value', 'NONE');
#24 =( LENGTH_UNIT ( ) NAMED_UNIT ( * ) SI_UNIT ( .MILLI., .METRE. ) );
#25 = FACE_OUTER_BOUND ( 'NONE', #871, .T. ) ;
#26 = FACE_OUTER_BOUND ( 'NONE', #485, .T. ) ;
#27 = CYLINDRICAL_SURFACE ( 'NONE', #175, 0.2999999999999999334 ) ;
#28 = DIRECTION ( 'NONE',  ( -0.7071067811865516806, -0.7071067811865433539, 0.000000000000000000 ) ) ;
#29 = AXIS2_PLACEMENT_3D ( 'NONE', #1658, #1077, #211 ) ;
#30 = MECHANICAL_DESIGN_GEOMETRIC_PRESENTATION_REPRESENTATION (  '', ( #833 ), #417 ) ;
#31 = SURFACE_SIDE_STYLE ('',( #1722 ) ) ;
#32 = ORIENTED_EDGE ( 'NONE', *, *, #950, .F. ) ;
#33 = ORIENTED_EDGE ( 'NONE', *, *, #1625, .T. ) ;
#34 = PLANE ( 'NONE',  #328 ) ;
#35 = EDGE_CURVE ( 'NONE', #302, #642, #916, .T. ) ;
#36 = SURFACE_STYLE_USAGE ( .BOTH. , #903 ) ;
#37 = SURFACE_STYLE_FILL_AREA ( #926 ) ;
#38 = SURFACE_STYLE_FILL_AREA ( #288 ) ;
#39 =( LENGTH_UNIT ( ) NAMED_UNIT ( * ) SI_UNIT ( .MILLI., .METRE. ) );
#40 = LINE ( 'NONE', #1732, #1108 ) ;
#41 =( GEOMETRIC_REPRESENTATION_CONTEXT ( 3 ) GLOBAL_UNCERTAINTY_ASSIGNED_CONTEXT ( ( #73 ) ) GLOBAL_UNIT_ASSIGNED_CONTEXT ( ( #1564, #1559, #235 ) ) REPRESENTATION_CONTEXT ( 'NONE', 'WORKASPACE' ) );
#42 =( GEOMETRIC_REPRESENTATION_CONTEXT ( 3 ) GLOBAL_UNCERTAINTY_ASSIGNED_CONTEXT ( ( #68 ) ) GLOBAL_UNIT_ASSIGNED_CONTEXT ( ( #476, #731, #43 ) ) REPRESENTATION_CONTEXT ( 'NONE', 'WORKASPACE' ) );
#43 =( NAMED_UNIT ( * ) SI_UNIT ( $, .STERADIAN. ) SOLID_ANGLE_UNIT ( ) );
#44 = DIRECTION ( 'NONE',  ( 0.000000000000000000, 1.000000000000000000, 0.000000000000000000 ) ) ;
#45 = SURFACE_STYLE_USAGE ( .BOTH. , #180 ) ;
#46 = ORIENTED_EDGE ( 'NONE', *, *, #1747, .F. ) ;
#47 = DIRECTION ( 'NONE',  ( 1.000000000000000000, 1.334402673828313339E-16, -0.000000000000000000 ) ) ;
#48 = ORIENTED_EDGE ( 'NONE', *, *, #497, .T. ) ;
#49 = FILL_AREA_STYLE ('',( #925 ) ) ;
#50 = EDGE_LOOP ( 'NONE', ( #897, #1464, #533, #1400 ) ) ;
#51 = PRESENTATION_LAYER_ASSIGNMENT (  '', '', ( #1070 ) ) ;
#52 = CARTESIAN_POINT ( 'NONE',  ( 5.999999999999998224, 4.000000000000001776, 2.000000000000000000 ) ) ;
#53 = CARTESIAN_POINT ( 'NONE',  ( 6.500000000000004441, -4.899999999999997691, 1.625000000000000222 ) ) ;
#54 = SURFACE_SIDE_STYLE ('',( #563 ) ) ;
#55 = SURFACE_STYLE_USAGE ( .BOTH. , #635 ) ;
#56 = EDGE_CURVE ( 'NONE', #69, #829, #870, .T. ) ;
#57 = DIRECTION ( 'NONE',  ( -0.7071067811865521247, 0.7071067811865430208, -1.916616770854204977E-16 ) ) ;
#58 = CARTESIAN_POINT ( 'NONE',  ( -4.999999999999998224, -9.499999999999998224, -6.123233995736766282E-16 ) ) ;
#59 = STYLED_ITEM ( 'NONE', ( #1342 ), #804 ) ;
#60 = DIRECTION ( 'NONE',  ( 0.000000000000000000, 0.000000000000000000, -1.000000000000000000 ) ) ;
#61 = SURFACE_STYLE_USAGE ( .BOTH. , #1102 ) ;
#62 = PRESENTATION_LAYER_ASSIGNMENT (  '', '', ( #392 ) ) ;
#63 = PLANE ( 'NONE',  #1728 ) ;
#64 = FILL_AREA_STYLE ('',( #933 ) ) ;
#65 = ORIENTED_EDGE ( 'NONE', *, *, #1637, .F. ) ;
#66 = EDGE_CURVE ( 'NONE', #233, #775, #232, .T. ) ;
#67 = CARTESIAN_POINT ( 'NONE',  ( 4.250000000000004441, -4.099999999999997868, -1.624999999999999556 ) ) ;
#68 = UNCERTAINTY_MEASURE_WITH_UNIT (LENGTH_MEASURE( 1.000000000000000082E-05 ), #476, 'distance_accuracy_value', 'NONE');
#69 = VERTEX_POINT ( 'NONE', #1071 ) ;
#70 = CARTESIAN_POINT ( 'NONE',  ( 5.300000000000001599, -9.499999999999998224, 6.490628035480972910E-16 ) ) ;
#71 = AXIS2_PLACEMENT_3D ( 'NONE', #371, #1824, #98 ) ;
#72 = PLANE ( 'NONE',  #1250 ) ;
#73 = UNCERTAINTY_MEASURE_WITH_UNIT (LENGTH_MEASURE( 1.000000000000000082E-05 ), #1564, 'distance_accuracy_value', 'NONE');
#74 = EDGE_LOOP ( 'NONE', ( #1259, #48, #798, #558 ) ) ;
#75 = CARTESIAN_POINT ( 'NONE',  ( -2.199999999999999289, -4.099999999999998757, -1.624999999999999556 ) ) ;
#76 = AXIS2_PLACEMENT_3D ( 'NONE', #489, #772, #1511 ) ;
#77 = ORIENTED_EDGE ( 'NONE', *, *, #1241, .T. ) ;
#78 = CARTESIAN_POINT ( 'NONE',  ( 5.999999999999998224, 4.500000000000002665, 1.500000000000000000 ) ) ;
#79 = FILL_AREA_STYLE_COLOUR ( '', #1138 ) ;
#80 = CIRCLE ( 'NONE', #443, 0.2999999999999990452 ) ;
#81 = CARTESIAN_POINT ( 'NONE',  ( 5.000000000000001776, -9.499999999999998224, 6.123233995736766282E-16 ) ) ;
#82 = CARTESIAN_POINT ( 'NONE',  ( -6.000000000000000000, 4.000000000000000000, -1.500000000000000000 ) ) ;
#83 = PRESENTATION_STYLE_ASSIGNMENT (( #300 ) ) ;
#84 = VECTOR ( 'NONE', #1470, 1000.000000000000000 ) ;
#85 = FILL_AREA_STYLE_COLOUR ( '', #561 ) ;
#86 = STYLED_ITEM ( 'NONE', ( #207 ), #102 ) ;
#87 = SURFACE_SIDE_STYLE ('',( #573 ) ) ;
#88 =( NAMED_UNIT ( * ) SI_UNIT ( $, .STERADIAN. ) SOLID_ANGLE_UNIT ( ) );
#89 = PRESENTATION_STYLE_ASSIGNMENT (( #655 ) ) ;
#90 = DIRECTION ( 'NONE',  ( -0.7071067811865441310, -0.7071067811865507924, 1.916616770854226424E-16 ) ) ;
#91 = ADVANCED_FACE ( 'NONE', ( #935 ), #651, .F. ) ;
#92 = PLANE ( 'NONE',  #287 ) ;
#93 = COLOUR_RGB ( '',0.000000000000000000, 0.5294117647058823595, 1.000000000000000000 ) ;
#94 = CARTESIAN_POINT ( 'NONE',  ( 5.999999999999998224, 4.000000000000001776, -1.500000000000000000 ) ) ;
#95 = PRESENTATION_STYLE_ASSIGNMENT (( #130 ) ) ;
#96 = PLANE ( 'NONE',  #1752 ) ;
#97 = EDGE_LOOP ( 'NONE', ( #535, #1198, #439, #581 ) ) ;
#98 = DIRECTION ( 'NONE',  ( 0.000000000000000000, 0.000000000000000000, 1.000000000000000000 ) ) ;
#99 = ORIENTED_EDGE ( 'NONE', *, *, #1541, .T. ) ;
#100 = EDGE_CURVE ( 'NONE', #923, #1009, #959, .T. ) ;
#101 = ORIENTED_EDGE ( 'NONE', *, *, #230, .T. ) ;
#102 = ADVANCED_FACE ( 'NONE', ( #599 ), #1836, .T. ) ;
#103 = DIRECTION ( 'NONE',  ( -0.7071067811865441310, 0.7071067811865510144, 0.000000000000000000 ) ) ;
#104 = ORIENTED_EDGE ( 'NONE', *, *, #257, .F. ) ;
#105 =( GEOMETRIC_REPRESENTATION_CONTEXT ( 3 ) GLOBAL_UNCERTAINTY_ASSIGNED_CONTEXT ( ( #1757 ) ) GLOBAL_UNIT_ASSIGNED_CONTEXT ( ( #1443, #1452, #1723 ) ) REPRESENTATION_CONTEXT ( 'NONE', 'WORKASPACE' ) );
#106 = ORIENTED_EDGE ( 'NONE', *, *, #1136, .T. ) ;
#107 = SURFACE_SIDE_STYLE ('',( #1255 ) ) ;
#108 = PRESENTATION_LAYER_ASSIGNMENT (  '', '', ( #782 ) ) ;
#109 = DIRECTION ( 'NONE',  ( 1.000000000000000000, 0.000000000000000000, 0.000000000000000000 ) ) ;
#110 = EDGE_CURVE ( 'NONE', #436, #604, #1065, .T. ) ;
#111 = STYLED_ITEM ( 'NONE', ( #336 ), #511 ) ;
#112 = CARTESIAN_POINT ( 'NONE',  ( 2.600000000000007638, -4.499999999999998224, 2.000000000000000000 ) ) ;
#113 =( LENGTH_UNIT ( ) NAMED_UNIT ( * ) SI_UNIT ( .MILLI., .METRE. ) );
#114 = PRESENTATION_STYLE_ASSIGNMENT (( #898 ) ) ;
#115 = PRESENTATION_LAYER_ASSIGNMENT (  '', '', ( #1419 ) ) ;
#116 = VECTOR ( 'NONE', #1449, 1000.000000000000000 ) ;
#117 = ORIENTED_EDGE ( 'NONE', *, *, #816, .T. ) ;
#118 = DIRECTION ( 'NONE',  ( -1.000000000000000000, -1.334402673828313586E-16, 0.000000000000000000 ) ) ;
#119 = FILL_AREA_STYLE ('',( #694 ) ) ;
#120 = ORIENTED_EDGE ( 'NONE', *, *, #1191, .T. ) ;
#121 = CARTESIAN_POINT ( 'NONE',  ( -6.500000000000000888, -4.099999999999997868, -2.000000000000000000 ) ) ;
#122 = FILL_AREA_STYLE_COLOUR ( '', #93 ) ;
#123 = ORIENTED_EDGE ( 'NONE', *, *, #451, .T. ) ;
#124 = EDGE_CURVE ( 'NONE', #738, #1516, #301, .T. ) ;
#125 = ORIENTED_EDGE ( 'NONE', *, *, #853, .T. ) ;
#126 = DIRECTION ( 'NONE',  ( 1.971276677246371272E-16, -1.000000000000000000, -0.000000000000000000 ) ) ;
#127 =( GEOMETRIC_REPRESENTATION_CONTEXT ( 3 ) GLOBAL_UNCERTAINTY_ASSIGNED_CONTEXT ( ( #1632 ) ) GLOBAL_UNIT_ASSIGNED_CONTEXT ( ( #275, #728, #1740 ) ) REPRESENTATION_CONTEXT ( 'NONE', 'WORKASPACE' ) );
#128 =( NAMED_UNIT ( * ) SI_UNIT ( $, .STERADIAN. ) SOLID_ANGLE_UNIT ( ) );
#129 = CARTESIAN_POINT ( 'NONE',  ( 5.300000000000001599, -9.499999999999998224, 6.490628035480971924E-16 ) ) ;
#130 = SURFACE_STYLE_USAGE ( .BOTH. , #1587 ) ;
#131 = CIRCLE ( 'NONE', #178, 0.2999999999999999334 ) ;
#132 = COLOUR_RGB ( '',0.7921568627450980005, 0.8196078431372548767, 0.9333333333333333481 ) ;
#133 = UNCERTAINTY_MEASURE_WITH_UNIT (LENGTH_MEASURE( 1.000000000000000082E-05 ), #24, 'distance_accuracy_value', 'NONE');
#134 = EDGE_CURVE ( 'NONE', #639, #1516, #7, .T. ) ;
#135 = LINE ( 'NONE', #1252, #1677 ) ;
#136 = FACE_OUTER_BOUND ( 'NONE', #1487, .T. ) ;
#137 = MECHANICAL_DESIGN_GEOMETRIC_PRESENTATION_REPRESENTATION (  '', ( #1193 ), #1338 ) ;
#138 = DIRECTION ( 'NONE',  ( 1.000000000000000000, 0.000000000000000000, 0.000000000000000000 ) ) ;
#139 = SURFACE_STYLE_FILL_AREA ( #1274 ) ;
#140 = FILL_AREA_STYLE ('',( #1431 ) ) ;
#141 = PRESENTATION_LAYER_ASSIGNMENT (  '', '', ( #365 ) ) ;
#142 = CARTESIAN_POINT ( 'NONE',  ( -4.699999999999998401, -9.499999999999998224, -5.755839955992558669E-16 ) ) ;
#143 = VECTOR ( 'NONE', #377, 999.9999999999998863 ) ;
#144 = CARTESIAN_POINT ( 'NONE',  ( -2.199999999999995293, -4.099999999999997868, -1.624999999999999556 ) ) ;
#145 = ORIENTED_EDGE ( 'NONE', *, *, #691, .T. ) ;
#146 = CARTESIAN_POINT ( 'NONE',  ( 6.499999999999999112, -4.499999999999997335, 1.625000000000000222 ) ) ;
#147 = EDGE_LOOP ( 'NONE', ( #1309, #1197, #1013, #583 ) ) ;
#148 = CARTESIAN_POINT ( 'NONE',  ( 0.000000000000000000, 0.000000000000000000, 2.000000000000000000 ) ) ;
#149 = VERTEX_POINT ( 'NONE', #1560 ) ;
#150 = FILL_AREA_STYLE_COLOUR ( '', #1621 ) ;
#151 = STYLED_ITEM ( 'NONE', ( #1482 ), #234 ) ;
#152 = SURFACE_STYLE_USAGE ( .BOTH. , #1630 ) ;
#153 = PRESENTATION_LAYER_ASSIGNMENT (  '', '', ( #1719 ) ) ;
#154 = VECTOR ( 'NONE', #1651, 1000.000000000000000 ) ;
#155 = CARTESIAN_POINT ( 'NONE',  ( 2.600000000000007638, -4.499999999999998224, -2.000000000000000000 ) ) ;
#156 =( NAMED_UNIT ( * ) SI_UNIT ( $, .STERADIAN. ) SOLID_ANGLE_UNIT ( ) );
#157 = SURFACE_STYLE_FILL_AREA ( #1343 ) ;
#158 = FACE_OUTER_BOUND ( 'NONE', #963, .T. ) ;
#159 = UNCERTAINTY_MEASURE_WITH_UNIT (LENGTH_MEASURE( 1.000000000000000082E-05 ), #1127, 'distance_accuracy_value', 'NONE');
#160 = CARTESIAN_POINT ( 'NONE',  ( -4.250000000000000000, -4.099999999999997868, 2.000000000000000000 ) ) ;
#161 = ADVANCED_BREP_SHAPE_REPRESENTATION ( 'B32921C3103M189', ( #809, #1837, #749, #1376 ), #799 ) ;
#162 = EDGE_CURVE ( 'NONE', #1380, #1104, #981, .T. ) ;
#163 = LINE ( 'NONE', #270, #1660 ) ;
#164 = AXIS2_PLACEMENT_3D ( 'NONE', #1, #568, #1736 ) ;
#165 =( NAMED_UNIT ( * ) SI_UNIT ( $, .STERADIAN. ) SOLID_ANGLE_UNIT ( ) );
#166 = VERTEX_POINT ( 'NONE', #251 ) ;
#167 = MECHANICAL_DESIGN_GEOMETRIC_PRESENTATION_REPRESENTATION (  '', ( #392 ), #320 ) ;
#168 = DIRECTION ( 'NONE',  ( -1.334402673828313586E-16, 1.000000000000000000, 0.000000000000000000 ) ) ;
#169 = VERTEX_POINT ( 'NONE', #1268 ) ;
#170 = ORIENTED_EDGE ( 'NONE', *, *, #1324, .T. ) ;
#171 = FILL_AREA_STYLE_COLOUR ( '', #398 ) ;
#172 = ORIENTED_EDGE ( 'NONE', *, *, #1440, .F. ) ;
#173 = EDGE_CURVE ( 'NONE', #1236, #324, #679, .T. ) ;
#174 = CARTESIAN_POINT ( 'NONE',  ( -3.850000000000004086, -4.499999999999998224, -1.624999999999999334 ) ) ;
#175 = AXIS2_PLACEMENT_3D ( 'NONE', #597, #450, #312 ) ;
#176 = LINE ( 'NONE', #910, #1563 ) ;
#177 = SURFACE_STYLE_FILL_AREA ( #1027 ) ;
#178 = AXIS2_PLACEMENT_3D ( 'NONE', #1499, #1051, #1743 ) ;
#179 = VECTOR ( 'NONE', #1293, 999.9999999999998863 ) ;
#180 = SURFACE_SIDE_STYLE ('',( #574 ) ) ;
#181 = SURFACE_STYLE_USAGE ( .BOTH. , #206 ) ;
#182 = VECTOR ( 'NONE', #748, 1000.000000000000000 ) ;
#183 = VECTOR ( 'NONE', #1151, 1000.000000000000000 ) ;
#184 = EDGE_CURVE ( 'NONE', #1128, #1180, #615, .T. ) ;
#185 = DIRECTION ( 'NONE',  ( -1.334402673828313586E-16, 1.000000000000000000, -0.000000000000000000 ) ) ;
#186 = PRESENTATION_STYLE_ASSIGNMENT (( #1398 ) ) ;
#187 =( GEOMETRIC_REPRESENTATION_CONTEXT ( 3 ) GLOBAL_UNCERTAINTY_ASSIGNED_CONTEXT ( ( #20 ) ) GLOBAL_UNIT_ASSIGNED_CONTEXT ( ( #342, #1356, #912 ) ) REPRESENTATION_CONTEXT ( 'NONE', 'WORKASPACE' ) );
#188 = CARTESIAN_POINT ( 'NONE',  ( -6.500000000000000888, -4.499999999999999112, -1.500000000000000000 ) ) ;
#189 = VERTEX_POINT ( 'NONE', #1100 ) ;
#190 = ORIENTED_EDGE ( 'NONE', *, *, #325, .F. ) ;
#191 = DIRECTION ( 'NONE',  ( 0.000000000000000000, -1.000000000000000000, -2.710505431213760592E-16 ) ) ;
#192 =( NAMED_UNIT ( * ) SI_UNIT ( $, .STERADIAN. ) SOLID_ANGLE_UNIT ( ) );
#193 = ORIENTED_EDGE ( 'NONE', *, *, #1096, .F. ) ;
#194 = CARTESIAN_POINT ( 'NONE',  ( 5.999999999999998224, 4.500000000000002665, -1.500000000000000000 ) ) ;
#195 = EDGE_CURVE ( 'NONE', #1213, #1516, #1785, .T. ) ;
#196 = FILL_AREA_STYLE ('',( #1763 ) ) ;
#197 = CIRCLE ( 'NONE', #1520, 0.2999999999999999334 ) ;
#198 = DIRECTION ( 'NONE',  ( 1.971276677246371272E-16, -1.000000000000000000, -0.000000000000000000 ) ) ;
#199 = VECTOR ( 'NONE', #1721, 1000.000000000000000 ) ;
#200 = SURFACE_STYLE_FILL_AREA ( #330 ) ;
#201 = CARTESIAN_POINT ( 'NONE',  ( 5.999999999999998224, 4.000000000000001776, 1.500000000000000000 ) ) ;
#202 = AXIS2_PLACEMENT_3D ( 'NONE', #1519, #877, #629 ) ;
#203 = DIRECTION ( 'NONE',  ( -1.971276677246371272E-16, 1.000000000000000000, 0.000000000000000000 ) ) ;
#204 = SURFACE_STYLE_USAGE ( .BOTH. , #54 ) ;
#205 = EDGE_CURVE ( 'NONE', #1153, #1814, #1173, .T. ) ;
#206 = SURFACE_SIDE_STYLE ('',( #628 ) ) ;
#207 = PRESENTATION_STYLE_ASSIGNMENT (( #1395 ) ) ;
#208 = FILL_AREA_STYLE_COLOUR ( '', #474 ) ;
#209 = EDGE_LOOP ( 'NONE', ( #1579, #11, #760, #1715 ) ) ;
#210 = AXIS2_PLACEMENT_3D ( 'NONE', #1633, #909, #480 ) ;
#211 = DIRECTION ( 'NONE',  ( -1.000000000000000000, 0.000000000000000000, 0.000000000000000000 ) ) ;
#212 = ORIENTED_EDGE ( 'NONE', *, *, #100, .F. ) ;
#213 =( GEOMETRIC_REPRESENTATION_CONTEXT ( 3 ) GLOBAL_UNCERTAINTY_ASSIGNED_CONTEXT ( ( #689 ) ) GLOBAL_UNIT_ASSIGNED_CONTEXT ( ( #1364, #623, #908 ) ) REPRESENTATION_CONTEXT ( 'NONE', 'WORKASPACE' ) );
#214 = FILL_AREA_STYLE ('',( #85 ) ) ;
#215 = VERTEX_POINT ( 'NONE', #1248 ) ;
#216 = ADVANCED_FACE ( 'NONE', ( #1509 ), #340, .T. ) ;
#217 = FILL_AREA_STYLE_COLOUR ( '', #243 ) ;
#218 = UNCERTAINTY_MEASURE_WITH_UNIT (LENGTH_MEASURE( 1.000000000000000082E-05 ), #1174, 'distance_accuracy_value', 'NONE');
#219 = SURFACE_STYLE_USAGE ( .BOTH. , #484 ) ;
#220 = DIRECTION ( 'NONE',  ( -0.7071067811865521247, 0.7071067811865430208, -0.000000000000000000 ) ) ;
#221 = LINE ( 'NONE', #1776, #154 ) ;
#222 = EDGE_CURVE ( 'NONE', #621, #307, #1031, .T. ) ;
#223 = FILL_AREA_STYLE_COLOUR ( '', #1640 ) ;
#224 = CARTESIAN_POINT ( 'NONE',  ( -2.199999999999999734, -4.099999999999999645, 1.625000000000000666 ) ) ;
#225 = AXIS2_PLACEMENT_3D ( 'NONE', #1636, #1327, #900 ) ;
#226 = ADVANCED_FACE ( 'NONE', ( #479 ), #1710, .F. ) ;
#227 = DIRECTION ( 'NONE',  ( 1.971276677246371272E-16, -1.000000000000000000, -0.000000000000000000 ) ) ;
#228 = VECTOR ( 'NONE', #1200, 1000.000000000000000 ) ;
#229 = SURFACE_STYLE_USAGE ( .BOTH. , #1531 ) ;
#230 = EDGE_CURVE ( 'NONE', #1038, #621, #1727, .T. ) ;
#231 = CARTESIAN_POINT ( 'NONE',  ( 6.499999999999999112, -4.499999999999997335, 2.000000000000000000 ) ) ;
#232 = LINE ( 'NONE', #1087, #1374 ) ;
#233 = VERTEX_POINT ( 'NONE', #572 ) ;
#234 = ADVANCED_FACE ( 'NONE', ( #1331 ), #255, .F. ) ;
#235 =( NAMED_UNIT ( * ) SI_UNIT ( $, .STERADIAN. ) SOLID_ANGLE_UNIT ( ) );
#236 = PRESENTATION_LAYER_ASSIGNMENT (  '', '', ( #1193 ) ) ;
#237 = ORIENTED_EDGE ( 'NONE', *, *, #1574, .T. ) ;
#238 = SURFACE_SIDE_STYLE ('',( #636 ) ) ;
#239 = PRESENTATION_LAYER_ASSIGNMENT (  '', '', ( #1696 ) ) ;
#240 = VERTEX_POINT ( 'NONE', #1000 ) ;
#241 = DIRECTION ( 'NONE',  ( -0.7071067811865509034, 0.7071067811865441310, 0.000000000000000000 ) ) ;
#242 = LINE ( 'NONE', #1671, #667 ) ;
#243 = COLOUR_RGB ( '',1.000000000000000000, 1.000000000000000000, 1.000000000000000000 ) ;
#244 = ADVANCED_FACE ( 'NONE', ( #477 ), #957, .T. ) ;
#245 = LINE ( 'NONE', #541, #788 ) ;
#246 = AXIS2_PLACEMENT_3D ( 'NONE', #878, #739, #1165 ) ;
#247 = COLOUR_RGB ( '',0.000000000000000000, 0.5294117647058823595, 1.000000000000000000 ) ;
#248 = SURFACE_SIDE_STYLE ('',( #333 ) ) ;
#249 = DIRECTION ( 'NONE',  ( -0.7071067811865516806, -0.7071067811865433539, 0.000000000000000000 ) ) ;
#250 = MECHANICAL_DESIGN_GEOMETRIC_PRESENTATION_REPRESENTATION (  '', ( #1719 ), #518 ) ;
#251 = CARTESIAN_POINT ( 'NONE',  ( 4.250000000000003553, -4.099999999999997868, 2.000000000000000000 ) ) ;
#252 = CARTESIAN_POINT ( 'NONE',  ( -6.000000000000000000, 4.500000000000000888, 2.000000000000000000 ) ) ;
#253 = CARTESIAN_POINT ( 'NONE',  ( -4.700000000000000178, -4.099999999999999645, -5.755839955992560641E-16 ) ) ;
#254 = ORIENTED_EDGE ( 'NONE', *, *, #879, .T. ) ;
#255 = PLANE ( 'NONE',  #338 ) ;
#256 = ORIENTED_EDGE ( 'NONE', *, *, #195, .T. ) ;
#257 = EDGE_CURVE ( 'NONE', #1236, #1842, #456, .T. ) ;
#258 = VERTEX_POINT ( 'NONE', #690 ) ;
#259 = SURFACE_STYLE_USAGE ( .BOTH. , #1272 ) ;
#260 = ORIENTED_EDGE ( 'NONE', *, *, #460, .F. ) ;
#261 = MECHANICAL_DESIGN_GEOMETRIC_PRESENTATION_REPRESENTATION (  '', ( #1442 ), #453 ) ;
#262 = SURFACE_STYLE_USAGE ( .BOTH. , #395 ) ;
#263 = ORIENTED_EDGE ( 'NONE', *, *, #879, .F. ) ;
#264 = DIRECTION ( 'NONE',  ( -0.000000000000000000, 1.000000000000000000, -0.000000000000000000 ) ) ;
#265 =( LENGTH_UNIT ( ) NAMED_UNIT ( * ) SI_UNIT ( .MILLI., .METRE. ) );
#266 = DIRECTION ( 'NONE',  ( -1.000000000000000000, 0.000000000000000000, 0.000000000000000000 ) ) ;
#267 = COLOUR_RGB ( '',1.000000000000000000, 1.000000000000000000, 1.000000000000000000 ) ;
#268 = COLOUR_RGB ( '',1.000000000000000000, 1.000000000000000000, 1.000000000000000000 ) ;
#269 = PLANE ( 'NONE',  #1580 ) ;
#270 = CARTESIAN_POINT ( 'NONE',  ( -4.250000000000000000, -4.099999999999997868, -2.000000000000000000 ) ) ;
#271 = VECTOR ( 'NONE', #1591, 1000.000000000000000 ) ;
#272 = PRESENTATION_STYLE_ASSIGNMENT (( #1379 ) ) ;
#273 = EDGE_CURVE ( 'NONE', #416, #343, #382, .T. ) ;
#274 = MECHANICAL_DESIGN_GEOMETRIC_PRESENTATION_REPRESENTATION (  '', ( #538 ), #1551 ) ;
#275 =( LENGTH_UNIT ( ) NAMED_UNIT ( * ) SI_UNIT ( .MILLI., .METRE. ) );
#276 = UNCERTAINTY_MEASURE_WITH_UNIT (LENGTH_MEASURE( 1.000000000000000082E-05 ), #832, 'distance_accuracy_value', 'NONE');
#277 = DIRECTION ( 'NONE',  ( 0.7071067811865430208, 0.7071067811865521247, 0.000000000000000000 ) ) ;
#278 = UNCERTAINTY_MEASURE_WITH_UNIT (LENGTH_MEASURE( 1.000000000000000082E-05 ), #1822, 'distance_accuracy_value', 'NONE');
#279 =( NAMED_UNIT ( * ) PLANE_ANGLE_UNIT ( ) SI_UNIT ( $, .RADIAN. ) );
#280 = ORIENTED_EDGE ( 'NONE', *, *, #124, .T. ) ;
#281 = DIRECTION ( 'NONE',  ( 1.000000000000000000, 1.334402673828313586E-16, 3.616905694837807801E-32 ) ) ;
#282 = DIRECTION ( 'NONE',  ( -0.7071067811865521247, 0.7071067811865430208, 0.000000000000000000 ) ) ;
#283 = CLOSED_SHELL ( 'NONE', ( #226, #511, #815, #676, #1689, #1090, #1384, #1401, #804, #1546, #970, #1835, #1804, #949, #1373, #361, #91, #234, #539, #1679, #1552, #1078, #1561, #1698, #216, #783, #1233, #500, #244, #939, #640, #102, #794, #1113 ) ) ;
#284 = EDGE_CURVE ( 'NONE', #1751, #762, #1532, .T. ) ;
#285 = ORIENTED_EDGE ( 'NONE', *, *, #548, .F. ) ;
#286 = SURFACE_SIDE_STYLE ('',( #1779 ) ) ;
#287 = AXIS2_PLACEMENT_3D ( 'NONE', #1242, #241, #1228 ) ;
#288 = FILL_AREA_STYLE ('',( #1159 ) ) ;
#289 = VERTEX_POINT ( 'NONE', #1011 ) ;
#290 = VECTOR ( 'NONE', #801, 1000.000000000000000 ) ;
#291 = FILL_AREA_STYLE ('',( #150 ) ) ;
#292 = AXIS2_PLACEMENT_3D ( 'NONE', #1120, #972, #388 ) ;
#293 = LINE ( 'NONE', #146, #567 ) ;
#294 = SURFACE_SIDE_STYLE ('',( #1014 ) ) ;
#295 = VECTOR ( 'NONE', #540, 1000.000000000000000 ) ;
#296 = STYLED_ITEM ( 'NONE', ( #1301 ), #749 ) ;
#297 = UNCERTAINTY_MEASURE_WITH_UNIT (LENGTH_MEASURE( 1.000000000000000082E-05 ), #318, 'distance_accuracy_value', 'NONE');
#298 =( NAMED_UNIT ( * ) PLANE_ANGLE_UNIT ( ) SI_UNIT ( $, .RADIAN. ) );
#299 = AXIS2_PLACEMENT_3D ( 'NONE', #968, #839, #537 ) ;
#300 = SURFACE_STYLE_USAGE ( .BOTH. , #339 ) ;
#301 = CIRCLE ( 'NONE', #71, 0.5000000000000000000 ) ;
#302 = VERTEX_POINT ( 'NONE', #144 ) ;
#303 = ORIENTED_EDGE ( 'NONE', *, *, #110, .T. ) ;
#304 =( LENGTH_UNIT ( ) NAMED_UNIT ( * ) SI_UNIT ( .MILLI., .METRE. ) );
#305 = ORIENTED_EDGE ( 'NONE', *, *, #351, .F. ) ;
#306 = EDGE_CURVE ( 'NONE', #258, #289, #1304, .T. ) ;
#307 = VERTEX_POINT ( 'NONE', #1287 ) ;
#308 = ORIENTED_EDGE ( 'NONE', *, *, #1562, .F. ) ;
#309 = PRESENTATION_LAYER_ASSIGNMENT (  '', '', ( #111 ) ) ;
#310 = DIRECTION ( 'NONE',  ( 0.7071067811865509034, 0.7071067811865441310, 0.000000000000000000 ) ) ;
#311 = PRESENTATION_LAYER_ASSIGNMENT (  '', '', ( #833 ) ) ;
#312 = DIRECTION ( 'NONE',  ( -1.000000000000000000, 0.000000000000000000, 0.000000000000000000 ) ) ;
#313 = COLOUR_RGB ( '',0.000000000000000000, 0.5294117647058823595, 1.000000000000000000 ) ;
#314 = DIRECTION ( 'NONE',  ( -0.7071067811865441310, 0.7071067811865509034, 0.000000000000000000 ) ) ;
#315 = EDGE_CURVE ( 'NONE', #1336, #149, #864, .T. ) ;
#316 = PRESENTATION_STYLE_ASSIGNMENT (( #754 ) ) ;
#317 = MECHANICAL_DESIGN_GEOMETRIC_PRESENTATION_REPRESENTATION (  '', ( #868 ), #187 ) ;
#318 =( LENGTH_UNIT ( ) NAMED_UNIT ( * ) SI_UNIT ( .MILLI., .METRE. ) );
#319 = VECTOR ( 'NONE', #1239, 999.9999999999998863 ) ;
#320 =( GEOMETRIC_REPRESENTATION_CONTEXT ( 3 ) GLOBAL_UNCERTAINTY_ASSIGNED_CONTEXT ( ( #494 ) ) GLOBAL_UNIT_ASSIGNED_CONTEXT ( ( #113, #1714, #1692 ) ) REPRESENTATION_CONTEXT ( 'NONE', 'WORKASPACE' ) );
#321 =( LENGTH_UNIT ( ) NAMED_UNIT ( * ) SI_UNIT ( .MILLI., .METRE. ) );
#322 = ORIENTED_EDGE ( 'NONE', *, *, #514, .T. ) ;
#323 = ORIENTED_EDGE ( 'NONE', *, *, #1600, .T. ) ;
#324 = VERTEX_POINT ( 'NONE', #1278 ) ;
#325 = EDGE_CURVE ( 'NONE', #393, #189, #163, .T. ) ;
#326 = DIRECTION ( 'NONE',  ( 0.7071067811865441310, 0.7071067811865507924, 1.916616770854226424E-16 ) ) ;
#327 = DIRECTION ( 'NONE',  ( -1.000000000000000000, 0.000000000000000000, 0.000000000000000000 ) ) ;
#328 = AXIS2_PLACEMENT_3D ( 'NONE', #1048, #1345, #467 ) ;
#329 = LINE ( 'NONE', #188, #811 ) ;
#330 = FILL_AREA_STYLE ('',( #1762 ) ) ;
#331 = AXIS2_PLACEMENT_3D ( 'NONE', #81, #807, #357 ) ;
#332 = FILL_AREA_STYLE_COLOUR ( '', #994 ) ;
#333 = SURFACE_STYLE_FILL_AREA ( #1118 ) ;
#334 = PRESENTATION_STYLE_ASSIGNMENT (( #975 ) ) ;
#335 = VECTOR ( 'NONE', #1385, 1000.000000000000000 ) ;
#336 = PRESENTATION_STYLE_ASSIGNMENT (( #45 ) ) ;
#337 = DIRECTION ( 'NONE',  ( 0.000000000000000000, -2.710505431213760592E-16, 1.000000000000000000 ) ) ;
#338 = AXIS2_PLACEMENT_3D ( 'NONE', #859, #277, #282 ) ;
#339 = SURFACE_SIDE_STYLE ('',( #177 ) ) ;
#340 = CYLINDRICAL_SURFACE ( 'NONE', #1668, 0.5000000000000000000 ) ;
#341 = AXIS2_PLACEMENT_3D ( 'NONE', #1817, #796, #936 ) ;
#342 =( LENGTH_UNIT ( ) NAMED_UNIT ( * ) SI_UNIT ( .MILLI., .METRE. ) );
#343 = VERTEX_POINT ( 'NONE', #1192 ) ;
#344 = ORIENTED_EDGE ( 'NONE', *, *, #1300, .F. ) ;
#345 =( NAMED_UNIT ( * ) PLANE_ANGLE_UNIT ( ) SI_UNIT ( $, .RADIAN. ) );
#346 = EDGE_LOOP ( 'NONE', ( #944, #1007, #308, #237 ) ) ;
#347 = CARTESIAN_POINT ( 'NONE',  ( -5.299999999999998046, -9.499999999999998224, -6.123233995736766282E-16 ) ) ;
#348 = ORIENTED_EDGE ( 'NONE', *, *, #460, .T. ) ;
#349 =( LENGTH_UNIT ( ) NAMED_UNIT ( * ) SI_UNIT ( .MILLI., .METRE. ) );
#350 = UNCERTAINTY_MEASURE_WITH_UNIT (LENGTH_MEASURE( 1.000000000000000082E-05 ), #349, 'distance_accuracy_value', 'NONE');
#351 = EDGE_CURVE ( 'NONE', #1794, #166, #1436, .T. ) ;
#352 = DIRECTION ( 'NONE',  ( 0.000000000000000000, 0.000000000000000000, 1.000000000000000000 ) ) ;
#353 = SURFACE_SIDE_STYLE ('',( #1846 ) ) ;
#354 = ADVANCED_FACE ( 'NONE', ( #751 ), #27, .T. ) ;
#355 = AXIS2_PLACEMENT_3D ( 'NONE', #1707, #1845, #266 ) ;
#356 = CARTESIAN_POINT ( 'NONE',  ( -2.600000000000003642, -4.499999999999999112, -1.624999999999999556 ) ) ;
#357 = DIRECTION ( 'NONE',  ( -1.000000000000000000, 0.000000000000000000, 0.000000000000000000 ) ) ;
#358 = COLOUR_RGB ( '',0.000000000000000000, 0.5294117647058823595, 1.000000000000000000 ) ;
#359 = VECTOR ( 'NONE', #1498, 1000.000000000000000 ) ;
#360 = EDGE_CURVE ( 'NONE', #436, #1450, #978, .T. ) ;
#361 = ADVANCED_FACE ( 'NONE', ( #1461 ), #601, .F. ) ;
#362 = AXIS2_PLACEMENT_3D ( 'NONE', #1337, #1318, #1036 ) ;
#363 = FILL_AREA_STYLE_COLOUR ( '', #996 ) ;
#364 = ORIENTED_EDGE ( 'NONE', *, *, #985, .T. ) ;
#365 = STYLED_ITEM ( 'NONE', ( #692 ), #1661 ) ;
#366 = DIRECTION ( 'NONE',  ( 1.000000000000000000, 1.334402673828313586E-16, -0.000000000000000000 ) ) ;
#367 = ORIENTED_EDGE ( 'NONE', *, *, #678, .T. ) ;
#368 = SURFACE_SIDE_STYLE ('',( #1480 ) ) ;
#369 = EDGE_LOOP ( 'NONE', ( #260, #254, #918, #285 ) ) ;
#370 =( LENGTH_UNIT ( ) NAMED_UNIT ( * ) SI_UNIT ( .MILLI., .METRE. ) );
#371 = CARTESIAN_POINT ( 'NONE',  ( -6.000000000000000000, 4.000000000000000000, -1.500000000000000000 ) ) ;
#372 = DIRECTION ( 'NONE',  ( 0.000000000000000000, 1.000000000000000000, 0.000000000000000000 ) ) ;
#373 = FILL_AREA_STYLE ('',( #1686 ) ) ;
#374 =( LENGTH_UNIT ( ) NAMED_UNIT ( * ) SI_UNIT ( .MILLI., .METRE. ) );
#375 = VECTOR ( 'NONE', #758, 1000.000000000000000 ) ;
#376 = PRESENTATION_LAYER_ASSIGNMENT (  '', '', ( #907 ) ) ;
#377 = DIRECTION ( 'NONE',  ( -0.7071067811865516806, -0.7071067811865434649, 0.000000000000000000 ) ) ;
#378 = PRESENTATION_STYLE_ASSIGNMENT (( #1139 ) ) ;
#379 = CARTESIAN_POINT ( 'NONE',  ( -6.000000000000000000, 4.000000000000000000, -1.500000000000000000 ) ) ;
#380 =( NAMED_UNIT ( * ) SI_UNIT ( $, .STERADIAN. ) SOLID_ANGLE_UNIT ( ) );
#381 = FILL_AREA_STYLE ('',( #1261 ) ) ;
#382 = LINE ( 'NONE', #553, #116 ) ;
#383 = EDGE_CURVE ( 'NONE', #240, #1180, #750, .T. ) ;
#384 = ORIENTED_EDGE ( 'NONE', *, *, #1476, .F. ) ;
#385 = ORIENTED_EDGE ( 'NONE', *, *, #1678, .F. ) ;
#386 =( LENGTH_UNIT ( ) NAMED_UNIT ( * ) SI_UNIT ( .MILLI., .METRE. ) );
#387 = AXIS2_PLACEMENT_3D ( 'NONE', #1429, #126, #867 ) ;
#388 = DIRECTION ( 'NONE',  ( -1.000000000000000000, 0.000000000000000000, 0.000000000000000000 ) ) ;
#389 = ORIENTED_EDGE ( 'NONE', *, *, #803, .F. ) ;
#390 = CARTESIAN_POINT ( 'NONE',  ( 6.499999999999999112, 4.500000000000002665, -1.500000000000000000 ) ) ;
#391 = ADVANCED_FACE ( 'NONE', ( #1529 ), #1325, .F. ) ;
#392 = STYLED_ITEM ( 'NONE', ( #721 ), #1804 ) ;
#393 = VERTEX_POINT ( 'NONE', #1624 ) ;
#394 = FILL_AREA_STYLE_COLOUR ( '', #652 ) ;
#395 = SURFACE_SIDE_STYLE ('',( #906 ) ) ;
#396 = DIRECTION ( 'NONE',  ( -1.000000000000000000, -1.334402673828313586E-16, 0.000000000000000000 ) ) ;
#397 = EDGE_CURVE ( 'NONE', #1859, #1335, #1063, .T. ) ;
#398 = COLOUR_RGB ( '',0.000000000000000000, 0.5294117647058823595, 1.000000000000000000 ) ;
#399 = AXIS2_PLACEMENT_3D ( 'NONE', #924, #1216, #1341 ) ;
#400 = SURFACE_STYLE_FILL_AREA ( #458 ) ;
#401 = FACE_OUTER_BOUND ( 'NONE', #147, .T. ) ;
#402 =( NAMED_UNIT ( * ) SI_UNIT ( $, .STERADIAN. ) SOLID_ANGLE_UNIT ( ) );
#403 = CARTESIAN_POINT ( 'NONE',  ( -6.500000000000000888, -4.099999999999997868, 1.500000000000000000 ) ) ;
#404 = STYLED_ITEM ( 'NONE', ( #83 ), #1546 ) ;
#405 = LINE ( 'NONE', #1366, #1657 ) ;
#406 = FACE_OUTER_BOUND ( 'NONE', #346, .T. ) ;
#407 = SURFACE_STYLE_FILL_AREA ( #705 ) ;
#408 = UNCERTAINTY_MEASURE_WITH_UNIT (LENGTH_MEASURE( 1.000000000000000082E-05 ), #962, 'distance_accuracy_value', 'NONE');
#409 = CARTESIAN_POINT ( 'NONE',  ( 4.700000000000001954, -9.499999999999998224, 6.123233995736766282E-16 ) ) ;
#410 =( NAMED_UNIT ( * ) SI_UNIT ( $, .STERADIAN. ) SOLID_ANGLE_UNIT ( ) );
#411 = ORIENTED_EDGE ( 'NONE', *, *, #1110, .F. ) ;
#412 = DIRECTION ( 'NONE',  ( -1.000000000000000000, -1.971276677246371272E-16, 0.000000000000000000 ) ) ;
#413 = UNCERTAINTY_MEASURE_WITH_UNIT (LENGTH_MEASURE( 1.000000000000000082E-05 ), #562, 'distance_accuracy_value', 'NONE');
#414 = EDGE_CURVE ( 'NONE', #1351, #1794, #1783, .T. ) ;
#415 = ORIENTED_EDGE ( 'NONE', *, *, #853, .F. ) ;
#416 = VERTEX_POINT ( 'NONE', #1778 ) ;
#417 =( GEOMETRIC_REPRESENTATION_CONTEXT ( 3 ) GLOBAL_UNCERTAINTY_ASSIGNED_CONTEXT ( ( #612 ) ) GLOBAL_UNIT_ASSIGNED_CONTEXT ( ( #1428, #1251, #664 ) ) REPRESENTATION_CONTEXT ( 'NONE', 'WORKASPACE' ) );
#418 = DIRECTION ( 'NONE',  ( 0.000000000000000000, 0.000000000000000000, 1.000000000000000000 ) ) ;
#419 = CARTESIAN_POINT ( 'NONE',  ( 4.700000000000001954, -9.499999999999998224, 6.123233995736766282E-16 ) ) ;
#420 = MECHANICAL_DESIGN_GEOMETRIC_PRESENTATION_REPRESENTATION (  '', ( #1093 ), #1809 ) ;
#421 = CYLINDRICAL_SURFACE ( 'NONE', #331, 0.2999999999999999334 ) ;
#422 = CARTESIAN_POINT ( 'NONE',  ( 5.999999999999998224, 4.000000000000001776, -1.500000000000000000 ) ) ;
#423 = CYLINDRICAL_SURFACE ( 'NONE', #1808, 0.5000000000000004441 ) ;
#424 = DIRECTION ( 'NONE',  ( 1.000000000000000000, -0.000000000000000000, -0.000000000000000000 ) ) ;
#425 = SURFACE_STYLE_USAGE ( .BOTH. , #578 ) ;
#426 = LINE ( 'NONE', #595, #765 ) ;
#427 =( GEOMETRIC_REPRESENTATION_CONTEXT ( 3 ) GLOBAL_UNCERTAINTY_ASSIGNED_CONTEXT ( ( #1227 ) ) GLOBAL_UNIT_ASSIGNED_CONTEXT ( ( #1530, #1805, #1791 ) ) REPRESENTATION_CONTEXT ( 'NONE', 'WORKASPACE' ) );
#428 =( NAMED_UNIT ( * ) SI_UNIT ( $, .STERADIAN. ) SOLID_ANGLE_UNIT ( ) );
#429 = APPLICATION_CONTEXT ( 'automotive_design' ) ;
#430 = VECTOR ( 'NONE', #648, 1000.000000000000000 ) ;
#431 = MECHANICAL_DESIGN_GEOMETRIC_PRESENTATION_REPRESENTATION (  '', ( #1508 ), #724 ) ;
#432 = FILL_AREA_STYLE_COLOUR ( '', #598 ) ;
#433 = PRESENTATION_STYLE_ASSIGNMENT (( #1298 ) ) ;
#434 = VECTOR ( 'NONE', #1694, 1000.000000000000000 ) ;
#435 = DIRECTION ( 'NONE',  ( 0.000000000000000000, 0.000000000000000000, 1.000000000000000000 ) ) ;
#436 = VERTEX_POINT ( 'NONE', #1196 ) ;
#437 = ORIENTED_EDGE ( 'NONE', *, *, #1562, .T. ) ;
#438 = SURFACE_STYLE_USAGE ( .BOTH. , #1581 ) ;
#439 = ORIENTED_EDGE ( 'NONE', *, *, #383, .F. ) ;
#440 = MECHANICAL_DESIGN_GEOMETRIC_PRESENTATION_REPRESENTATION (  '', ( #1126 ), #965 ) ;
#441 = EDGE_LOOP ( 'NONE', ( #1838, #1049 ) ) ;
#442 = DIRECTION ( 'NONE',  ( -1.334402673828313586E-16, 1.000000000000000000, -0.000000000000000000 ) ) ;
#443 = AXIS2_PLACEMENT_3D ( 'NONE', #956, #227, #522 ) ;
#444 =( NAMED_UNIT ( * ) SI_UNIT ( $, .STERADIAN. ) SOLID_ANGLE_UNIT ( ) );
#445 = ORIENTED_EDGE ( 'NONE', *, *, #360, .F. ) ;
#446 =( NAMED_UNIT ( * ) PLANE_ANGLE_UNIT ( ) SI_UNIT ( $, .RADIAN. ) );
#447 = PRESENTATION_STYLE_ASSIGNMENT (( #181 ) ) ;
#448 = CIRCLE ( 'NONE', #12, 0.2999999999999990452 ) ;
#449 = PRESENTATION_STYLE_ASSIGNMENT (( #856 ) ) ;
#450 = DIRECTION ( 'NONE',  ( -1.334402673828313586E-16, 1.000000000000000000, -0.000000000000000000 ) ) ;
#451 = EDGE_CURVE ( 'NONE', #1537, #682, #1851, .T. ) ;
#452 = LINE ( 'NONE', #1056, #930 ) ;
#453 =( GEOMETRIC_REPRESENTATION_CONTEXT ( 3 ) GLOBAL_UNCERTAINTY_ASSIGNED_CONTEXT ( ( #23 ) ) GLOBAL_UNIT_ASSIGNED_CONTEXT ( ( #1543, #1673, #805 ) ) REPRESENTATION_CONTEXT ( 'NONE', 'WORKASPACE' ) );
#454 =( NAMED_UNIT ( * ) PLANE_ANGLE_UNIT ( ) SI_UNIT ( $, .RADIAN. ) );
#455 = AXIS2_PLACEMENT_3D ( 'NONE', #148, #1729, #1458 ) ;
#456 = LINE ( 'NONE', #1567, #504 ) ;
#457 = ORIENTED_EDGE ( 'NONE', *, *, #315, .T. ) ;
#458 = FILL_AREA_STYLE ('',( #464 ) ) ;
#459 = ORIENTED_EDGE ( 'NONE', *, *, #1816, .T. ) ;
#460 = EDGE_CURVE ( 'NONE', #1730, #637, #1328, .T. ) ;
#461 = ORIENTED_EDGE ( 'NONE', *, *, #1850, .T. ) ;
#462 = FILL_AREA_STYLE_COLOUR ( '', #954 ) ;
#463 = ORIENTED_EDGE ( 'NONE', *, *, #1184, .F. ) ;
#464 = FILL_AREA_STYLE_COLOUR ( '', #789 ) ;
#465 =( GEOMETRIC_REPRESENTATION_CONTEXT ( 3 ) GLOBAL_UNCERTAINTY_ASSIGNED_CONTEXT ( ( #1426 ) ) GLOBAL_UNIT_ASSIGNED_CONTEXT ( ( #1058, #1209, #1638 ) ) REPRESENTATION_CONTEXT ( 'NONE', 'WORKASPACE' ) );
#466 = VECTOR ( 'NONE', #1827, 1000.000000000000000 ) ;
#467 = DIRECTION ( 'NONE',  ( -1.000000000000000000, -1.334402673828313586E-16, 0.000000000000000000 ) ) ;
#468 = FACE_OUTER_BOUND ( 'NONE', #1540, .T. ) ;
#469 = DIRECTION ( 'NONE',  ( -0.000000000000000000, -0.000000000000000000, 1.000000000000000000 ) ) ;
#470 = LINE ( 'NONE', #917, #1221 ) ;
#471 = CYLINDRICAL_SURFACE ( 'NONE', #1330, 0.2999999999999999334 ) ;
#472 = UNCERTAINTY_MEASURE_WITH_UNIT (LENGTH_MEASURE( 1.000000000000000082E-05 ), #1599, 'distance_accuracy_value', 'NONE');
#473 = FILL_AREA_STYLE_COLOUR ( '', #1828 ) ;
#474 = COLOUR_RGB ( '',0.000000000000000000, 0.5294117647058823595, 1.000000000000000000 ) ;
#475 =( NAMED_UNIT ( * ) PLANE_ANGLE_UNIT ( ) SI_UNIT ( $, .RADIAN. ) );
#476 =( LENGTH_UNIT ( ) NAMED_UNIT ( * ) SI_UNIT ( .MILLI., .METRE. ) );
#477 = FACE_OUTER_BOUND ( 'NONE', #209, .T. ) ;
#478 = PLANE ( 'NONE',  #1263 ) ;
#479 = FACE_OUTER_BOUND ( 'NONE', #74, .T. ) ;
#480 = DIRECTION ( 'NONE',  ( 0.000000000000000000, 0.000000000000000000, -1.000000000000000000 ) ) ;
#481 = ORIENTED_EDGE ( 'NONE', *, *, #790, .F. ) ;
#482 = CARTESIAN_POINT ( 'NONE',  ( -3.850000000000000977, -4.499999999999999112, -1.624999999999999334 ) ) ;
#483 = ORIENTED_EDGE ( 'NONE', *, *, #1747, .T. ) ;
#484 = SURFACE_SIDE_STYLE ('',( #1644 ) ) ;
#485 = EDGE_LOOP ( 'NONE', ( #895, #847, #1441, #1035 ) ) ;
#486 = DIRECTION ( 'NONE',  ( -0.7071067811865521247, 0.7071067811865430208, 0.000000000000000000 ) ) ;
#487 = ORIENTED_EDGE ( 'NONE', *, *, #360, .T. ) ;
#488 = EDGE_CURVE ( 'NONE', #688, #1213, #1481, .T. ) ;
#489 = CARTESIAN_POINT ( 'NONE',  ( 6.499999999999999112, -4.499999999999997335, 2.000000000000000000 ) ) ;
#490 = AXIS2_PLACEMENT_3D ( 'NONE', #1017, #1008, #138 ) ;
#491 = DIRECTION ( 'NONE',  ( -1.000000000000000000, -1.971276677246371272E-16, 0.000000000000000000 ) ) ;
#492 =( GEOMETRIC_REPRESENTATION_CONTEXT ( 3 ) GLOBAL_UNCERTAINTY_ASSIGNED_CONTEXT ( ( #890 ) ) GLOBAL_UNIT_ASSIGNED_CONTEXT ( ( #1164, #1143, #410 ) ) REPRESENTATION_CONTEXT ( 'NONE', 'WORKASPACE' ) );
#493 = CARTESIAN_POINT ( 'NONE',  ( 5.999999999999998224, 4.000000000000001776, -2.000000000000000000 ) ) ;
#494 = UNCERTAINTY_MEASURE_WITH_UNIT (LENGTH_MEASURE( 1.000000000000000082E-05 ), #113, 'distance_accuracy_value', 'NONE');
#495 = DIRECTION ( 'NONE',  ( -0.7071067811865516806, -0.7071067811865434649, 1.916616770854206209E-16 ) ) ;
#496 = SURFACE_STYLE_FILL_AREA ( #1411 ) ;
#497 = EDGE_CURVE ( 'NONE', #642, #1537, #931, .T. ) ;
#498 = CARTESIAN_POINT ( 'NONE',  ( -6.000000000000000000, 4.000000000000000000, -1.500000000000000000 ) ) ;
#499 = PRESENTATION_STYLE_ASSIGNMENT (( #36 ) ) ;
#500 = ADVANCED_FACE ( 'NONE', ( #1724 ), #1168, .T. ) ;
#501 = DIRECTION ( 'NONE',  ( -0.7071067811865509034, 0.7071067811865441310, 0.000000000000000000 ) ) ;
#502 = MECHANICAL_DESIGN_GEOMETRIC_PRESENTATION_REPRESENTATION (  '', ( #111 ), #603 ) ;
#503 =( NAMED_UNIT ( * ) PLANE_ANGLE_UNIT ( ) SI_UNIT ( $, .RADIAN. ) );
#504 = VECTOR ( 'NONE', #1006, 1000.000000000000000 ) ;
#505 = DIRECTION ( 'NONE',  ( -1.971276677246371272E-16, 1.000000000000000000, 0.000000000000000000 ) ) ;
#506 = MECHANICAL_DESIGN_GEOMETRIC_PRESENTATION_REPRESENTATION (  '', ( #782 ), #42 ) ;
#507 = EDGE_LOOP ( 'NONE', ( #1583, #1861, #549, #14 ) ) ;
#508 = ORIENTED_EDGE ( 'NONE', *, *, #1758, .F. ) ;
#509 = CARTESIAN_POINT ( 'NONE',  ( 5.999999999999998224, 4.000000000000001776, 1.500000000000000000 ) ) ;
#510 = ORIENTED_EDGE ( 'NONE', *, *, #1625, .F. ) ;
#511 = ADVANCED_FACE ( 'NONE', ( #406 ), #34, .F. ) ;
#512 = ORIENTED_EDGE ( 'NONE', *, *, #618, .T. ) ;
#513 = CARTESIAN_POINT ( 'NONE',  ( 4.250000000000003553, -4.099999999999997868, -2.000000000000000000 ) ) ;
#514 = EDGE_CURVE ( 'NONE', #189, #738, #452, .T. ) ;
#515 = SURFACE_STYLE_USAGE ( .BOTH. , #368 ) ;
#516 = LINE ( 'NONE', #1802, #901 ) ;
#517 = FILL_AREA_STYLE ('',( #1238 ) ) ;
#518 =( GEOMETRIC_REPRESENTATION_CONTEXT ( 3 ) GLOBAL_UNCERTAINTY_ASSIGNED_CONTEXT ( ( #1488 ) ) GLOBAL_UNIT_ASSIGNED_CONTEXT ( ( #1177, #1745, #882 ) ) REPRESENTATION_CONTEXT ( 'NONE', 'WORKASPACE' ) );
#519 = PRESENTATION_STYLE_ASSIGNMENT (( #1854 ) ) ;
#520 = CARTESIAN_POINT ( 'NONE',  ( 2.200000000000002398, -4.099999999999997868, 2.000000000000000000 ) ) ;
#521 = PRESENTATION_STYLE_ASSIGNMENT (( #262 ) ) ;
#522 = DIRECTION ( 'NONE',  ( -1.000000000000000000, 0.000000000000000000, 0.000000000000000000 ) ) ;
#523 = STYLED_ITEM ( 'NONE', ( #519 ), #161 ) ;
#524 = DIRECTION ( 'NONE',  ( -1.000000000000000000, -1.971276677246371272E-16, 0.000000000000000000 ) ) ;
#525 = DIRECTION ( 'NONE',  ( 0.7071067811865516806, 0.7071067811865434649, 1.916616770854206209E-16 ) ) ;
#526 =( NAMED_UNIT ( * ) SI_UNIT ( $, .STERADIAN. ) SOLID_ANGLE_UNIT ( ) );
#527 = LINE ( 'NONE', #784, #335 ) ;
#528 = DIRECTION ( 'NONE',  ( -0.000000000000000000, -0.000000000000000000, 1.000000000000000000 ) ) ;
#529 = PRESENTATION_STYLE_ASSIGNMENT (( #873 ) ) ;
#530 = CARTESIAN_POINT ( 'NONE',  ( -4.250000000000000000, -4.099999999999997868, 2.000000000000000000 ) ) ;
#531 = PRESENTATION_LAYER_ASSIGNMENT (  '', '', ( #1442 ) ) ;
#532 = DIRECTION ( 'NONE',  ( 0.000000000000000000, -1.000000000000000000, -0.000000000000000000 ) ) ;
#533 = ORIENTED_EDGE ( 'NONE', *, *, #914, .F. ) ;
#534 = STYLED_ITEM ( 'NONE', ( #1186 ), #1401 ) ;
#535 = ORIENTED_EDGE ( 'NONE', *, *, #56, .F. ) ;
#536 = ORIENTED_EDGE ( 'NONE', *, *, #1152, .F. ) ;
#537 = DIRECTION ( 'NONE',  ( 1.000000000000000000, 0.000000000000000000, 0.000000000000000000 ) ) ;
#538 = STYLED_ITEM ( 'NONE', ( #1506 ), #361 ) ;
#539 = ADVANCED_FACE ( 'NONE', ( #26 ), #1490, .F. ) ;
#540 = DIRECTION ( 'NONE',  ( -1.000000000000000000, -0.000000000000000000, -0.000000000000000000 ) ) ;
#541 = CARTESIAN_POINT ( 'NONE',  ( -2.600000000000004086, -4.499999999999999112, -2.000000000000000000 ) ) ;
#542 = PRESENTATION_STYLE_ASSIGNMENT (( #1781 ) ) ;
#543 = MECHANICAL_DESIGN_GEOMETRIC_PRESENTATION_REPRESENTATION (  '', ( #1201 ), #634 ) ;
#544 = LINE ( 'NONE', #1680, #430 ) ;
#545 = DIRECTION ( 'NONE',  ( 1.000000000000000000, 0.000000000000000000, 0.000000000000000000 ) ) ;
#546 = CARTESIAN_POINT ( 'NONE',  ( -2.199999999999999289, -4.099999999999998757, -2.000000000000000000 ) ) ;
#547 =( NAMED_UNIT ( * ) PLANE_ANGLE_UNIT ( ) SI_UNIT ( $, .RADIAN. ) );
#548 = EDGE_CURVE ( 'NONE', #637, #10, #405, .T. ) ;
#549 = ORIENTED_EDGE ( 'NONE', *, *, #351, .T. ) ;
#550 = UNCERTAINTY_MEASURE_WITH_UNIT (LENGTH_MEASURE( 1.000000000000000082E-05 ), #1849, 'distance_accuracy_value', 'NONE');
#551 = FILL_AREA_STYLE ('',( #363 ) ) ;
#552 = EDGE_LOOP ( 'NONE', ( #607, #1631, #983, #844 ) ) ;
#553 = CARTESIAN_POINT ( 'NONE',  ( -6.000000000000000000, -4.099999999999997868, 2.000000000000000000 ) ) ;
#554 = UNCERTAINTY_MEASURE_WITH_UNIT (LENGTH_MEASURE( 1.000000000000000082E-05 ), #265, 'distance_accuracy_value', 'NONE');
#555 = PRESENTATION_LAYER_ASSIGNMENT (  '', '', ( #1536 ) ) ;
#556 = ORIENTED_EDGE ( 'NONE', *, *, #383, .T. ) ;
#557 = FILL_AREA_STYLE ('',( #1080 ) ) ;
#558 = ORIENTED_EDGE ( 'NONE', *, *, #1678, .T. ) ;
#559 = FILL_AREA_STYLE ('',( #1604 ) ) ;
#560 = DIRECTION ( 'NONE',  ( -0.7071067811865441310, 0.7071067811865510144, 0.000000000000000000 ) ) ;
#561 = COLOUR_RGB ( '',0.000000000000000000, 0.5294117647058823595, 1.000000000000000000 ) ;
#562 =( LENGTH_UNIT ( ) NAMED_UNIT ( * ) SI_UNIT ( .MILLI., .METRE. ) );
#563 = SURFACE_STYLE_FILL_AREA ( #1220 ) ;
#564 = EDGE_CURVE ( 'NONE', #302, #682, #1619, .T. ) ;
#565 = VECTOR ( 'NONE', #1609, 1000.000000000000000 ) ;
#566 =( GEOMETRIC_REPRESENTATION_CONTEXT ( 3 ) GLOBAL_UNCERTAINTY_ASSIGNED_CONTEXT ( ( #472 ) ) GLOBAL_UNIT_ASSIGNED_CONTEXT ( ( #1599, #1028, #156 ) ) REPRESENTATION_CONTEXT ( 'NONE', 'WORKASPACE' ) );
#567 = VECTOR ( 'NONE', #715, 1000.000000000000000 ) ;
#568 = DIRECTION ( 'NONE',  ( 0.7071067811865509034, 0.7071067811865441310, 0.000000000000000000 ) ) ;
#569 = FACE_OUTER_BOUND ( 'NONE', #1770, .T. ) ;
#570 = PRESENTATION_LAYER_ASSIGNMENT (  '', '', ( #1214 ) ) ;
#571 = SURFACE_STYLE_USAGE ( .BOTH. , #294 ) ;
#572 = CARTESIAN_POINT ( 'NONE',  ( -4.249999999999996447, -4.099999999999997868, 1.625000000000000444 ) ) ;
#573 = SURFACE_STYLE_FILL_AREA ( #693 ) ;
#574 = SURFACE_STYLE_FILL_AREA ( #1642 ) ;
#575 = CARTESIAN_POINT ( 'NONE',  ( 4.250000000000003553, -4.099999999999997868, -2.000000000000000000 ) ) ;
#576 = APPLICATION_PROTOCOL_DEFINITION ( 'draft international standard', 'automotive_design', 1998, #1597 ) ;
#577 = COLOUR_RGB ( '',0.000000000000000000, 0.5294117647058823595, 1.000000000000000000 ) ;
#578 = SURFACE_SIDE_STYLE ('',( #139 ) ) ;
#579 = VECTOR ( 'NONE', #495, 999.9999999999998863 ) ;
#580 = AXIS2_PLACEMENT_3D ( 'NONE', #840, #1433, #396 ) ;
#581 = ORIENTED_EDGE ( 'NONE', *, *, #719, .F. ) ;
#582 = CARTESIAN_POINT ( 'NONE',  ( 6.499999999999999112, 4.000000000000001776, -1.500000000000000000 ) ) ;
#583 = ORIENTED_EDGE ( 'NONE', *, *, #173, .F. ) ;
#584 = AXIS2_PLACEMENT_3D ( 'NONE', #641, #764, #791 ) ;
#585 = CARTESIAN_POINT ( 'NONE',  ( 2.600000000000007194, -4.499999999999998224, -1.624999999999999556 ) ) ;
#586 = FACE_OUTER_BOUND ( 'NONE', #1786, .T. ) ;
#587 = LINE ( 'NONE', #121, #199 ) ;
#588 = SURFACE_STYLE_USAGE ( .BOTH. , #1460 ) ;
#589 = COLOUR_RGB ( '',0.000000000000000000, 0.5294117647058823595, 1.000000000000000000 ) ;
#590 = LINE ( 'NONE', #1307, #834 ) ;
#591 = EDGE_CURVE ( 'NONE', #688, #923, #544, .T. ) ;
#592 = FACE_OUTER_BOUND ( 'NONE', #660, .T. ) ;
#593 = STYLED_ITEM ( 'NONE', ( #378 ), #809 ) ;
#594 = SURFACE_STYLE_FILL_AREA ( #1819 ) ;
#595 = CARTESIAN_POINT ( 'NONE',  ( 6.499999999999999112, -4.499999999999997335, -1.500000000000000000 ) ) ;
#596 = PRESENTATION_LAYER_ASSIGNMENT (  '', '', ( #534 ) ) ;
#597 = CARTESIAN_POINT ( 'NONE',  ( 5.000000000000001776, -9.499999999999998224, 6.123233995736766282E-16 ) ) ;
#598 = COLOUR_RGB ( '',1.000000000000000000, 1.000000000000000000, 1.000000000000000000 ) ;
#599 = FACE_OUTER_BOUND ( 'NONE', #1495, .T. ) ;
#600 = VECTOR ( 'NONE', #773, 1000.000000000000000 ) ;
#601 = PLANE ( 'NONE',  #631 ) ;
#602 = ORIENTED_EDGE ( 'NONE', *, *, #306, .T. ) ;
#603 =( GEOMETRIC_REPRESENTATION_CONTEXT ( 3 ) GLOBAL_UNCERTAINTY_ASSIGNED_CONTEXT ( ( #1086 ) ) GLOBAL_UNIT_ASSIGNED_CONTEXT ( ( #321, #771, #1357 ) ) REPRESENTATION_CONTEXT ( 'NONE', 'WORKASPACE' ) );
#604 = VERTEX_POINT ( 'NONE', #1224 ) ;
#605 = DIRECTION ( 'NONE',  ( -1.000000000000000000, 0.000000000000000000, 0.000000000000000000 ) ) ;
#606 = AXIS2_PLACEMENT_3D ( 'NONE', #1084, #786, #1806 ) ;
#607 = ORIENTED_EDGE ( 'NONE', *, *, #497, .F. ) ;
#608 = LINE ( 'NONE', #1547, #466 ) ;
#609 = COLOUR_RGB ( '',0.000000000000000000, 0.5294117647058823595, 1.000000000000000000 ) ;
#610 = SURFACE_STYLE_FILL_AREA ( #64 ) ;
#611 =( NAMED_UNIT ( * ) PLANE_ANGLE_UNIT ( ) SI_UNIT ( $, .RADIAN. ) );
#612 = UNCERTAINTY_MEASURE_WITH_UNIT (LENGTH_MEASURE( 1.000000000000000082E-05 ), #1428, 'distance_accuracy_value', 'NONE');
#613 = MECHANICAL_DESIGN_GEOMETRIC_PRESENTATION_REPRESENTATION (  '', ( #1070 ), #127 ) ;
#614 =( LENGTH_UNIT ( ) NAMED_UNIT ( * ) SI_UNIT ( .MILLI., .METRE. ) );
#615 = LINE ( 'NONE', #1107, #1119 ) ;
#616 = FILL_AREA_STYLE_COLOUR ( '', #267 ) ;
#617 = VERTEX_POINT ( 'NONE', #70 ) ;
#618 = EDGE_CURVE ( 'NONE', #938, #1842, #1527, .T. ) ;
#619 = DIRECTION ( 'NONE',  ( -0.000000000000000000, -0.000000000000000000, 1.000000000000000000 ) ) ;
#620 = DIRECTION ( 'NONE',  ( 0.000000000000000000, 1.000000000000000000, -2.710505431213760592E-16 ) ) ;
#621 = VERTEX_POINT ( 'NONE', #1243 ) ;
#622 = STYLED_ITEM ( 'NONE', ( #334 ), #783 ) ;
#623 =( NAMED_UNIT ( * ) PLANE_ANGLE_UNIT ( ) SI_UNIT ( $, .RADIAN. ) );
#624 = MECHANICAL_DESIGN_GEOMETRIC_PRESENTATION_REPRESENTATION (  '', ( #1214 ), #658 ) ;
#625 = VECTOR ( 'NONE', #366, 1000.000000000000000 ) ;
#626 = LINE ( 'NONE', #1492, #1774 ) ;
#627 = CARTESIAN_POINT ( 'NONE',  ( 6.500000000000004441, -4.099999999999997868, -1.624999999999999556 ) ) ;
#628 = SURFACE_STYLE_FILL_AREA ( #1073 ) ;
#629 = DIRECTION ( 'NONE',  ( 0.000000000000000000, 0.000000000000000000, 1.000000000000000000 ) ) ;
#630 = SURFACE_STYLE_FILL_AREA ( #140 ) ;
#631 = AXIS2_PLACEMENT_3D ( 'NONE', #1465, #1610, #28 ) ;
#632 = FILL_AREA_STYLE_COLOUR ( '', #787 ) ;
#633 = SURFACE_STYLE_FILL_AREA ( #1744 ) ;
#634 =( GEOMETRIC_REPRESENTATION_CONTEXT ( 3 ) GLOBAL_UNCERTAINTY_ASSIGNED_CONTEXT ( ( #297 ) ) GLOBAL_UNIT_ASSIGNED_CONTEXT ( ( #318, #1617, #165 ) ) REPRESENTATION_CONTEXT ( 'NONE', 'WORKASPACE' ) );
#635 = SURFACE_SIDE_STYLE ('',( #37 ) ) ;
#636 = SURFACE_STYLE_FILL_AREA ( #1264 ) ;
#637 = VERTEX_POINT ( 'NONE', #644 ) ;
#638 = ORIENTED_EDGE ( 'NONE', *, *, #548, .T. ) ;
#639 = VERTEX_POINT ( 'NONE', #1811 ) ;
#640 = ADVANCED_FACE ( 'NONE', ( #1702 ), #727, .T. ) ;
#641 = CARTESIAN_POINT ( 'NONE',  ( 2.200000000000002398, -4.099999999999997868, -2.000000000000000000 ) ) ;
#642 = VERTEX_POINT ( 'NONE', #356 ) ;
#643 = AXIS2_PLACEMENT_3D ( 'NONE', #1534, #1505, #1360 ) ;
#644 = CARTESIAN_POINT ( 'NONE',  ( -3.850000000000004086, -4.499999999999998224, 2.000000000000000000 ) ) ;
#645 = AXIS2_PLACEMENT_3D ( 'NONE', #1666, #940, #352 ) ;
#646 = CIRCLE ( 'NONE', #896, 0.5000000000000000000 ) ;
#647 = STYLED_ITEM ( 'NONE', ( #449 ), #1835 ) ;
#648 = DIRECTION ( 'NONE',  ( -0.000000000000000000, -1.000000000000000000, -0.000000000000000000 ) ) ;
#649 =( NAMED_UNIT ( * ) SI_UNIT ( $, .STERADIAN. ) SOLID_ANGLE_UNIT ( ) );
#650 = VECTOR ( 'NONE', #1756, 1000.000000000000000 ) ;
#651 = PLANE ( 'NONE',  #1765 ) ;
#652 = COLOUR_RGB ( '',0.000000000000000000, 0.5294117647058823595, 1.000000000000000000 ) ;
#653 = EDGE_CURVE ( 'NONE', #1814, #1842, #527, .T. ) ;
#654 = SURFACE_STYLE_USAGE ( .BOTH. , #1111 ) ;
#655 = SURFACE_STYLE_USAGE ( .BOTH. , #1391 ) ;
#656 = SURFACE_SIDE_STYLE ('',( #610 ) ) ;
#657 = ADVANCED_FACE ( 'NONE', ( #136 ), #1378, .T. ) ;
#658 =( GEOMETRIC_REPRESENTATION_CONTEXT ( 3 ) GLOBAL_UNCERTAINTY_ASSIGNED_CONTEXT ( ( #1288 ) ) GLOBAL_UNIT_ASSIGNED_CONTEXT ( ( #370, #503, #1545 ) ) REPRESENTATION_CONTEXT ( 'NONE', 'WORKASPACE' ) );
#659 = DIRECTION ( 'NONE',  ( -0.000000000000000000, -0.000000000000000000, 1.000000000000000000 ) ) ;
#660 = EDGE_LOOP ( 'NONE', ( #1790, #874, #415, #481 ) ) ;
#661 = DIRECTION ( 'NONE',  ( 1.334402673828313586E-16, -1.000000000000000000, 0.000000000000000000 ) ) ;
#662 = CLOSED_SHELL ( 'NONE', ( #1661, #354, #391, #657 ) ) ;
#663 = ORIENTED_EDGE ( 'NONE', *, *, #1574, .F. ) ;
#664 =( NAMED_UNIT ( * ) SI_UNIT ( $, .STERADIAN. ) SOLID_ANGLE_UNIT ( ) );
#665 = ORIENTED_EDGE ( 'NONE', *, *, #1413, .T. ) ;
#666 =( GEOMETRIC_REPRESENTATION_CONTEXT ( 3 ) GLOBAL_UNCERTAINTY_ASSIGNED_CONTEXT ( ( #1570 ) ) GLOBAL_UNIT_ASSIGNED_CONTEXT ( ( #1858, #845, #1162 ) ) REPRESENTATION_CONTEXT ( 'NONE', 'WORKASPACE' ) );
#667 = VECTOR ( 'NONE', #528, 1000.000000000000000 ) ;
#668 = SURFACE_STYLE_USAGE ( .BOTH. , #1141 ) ;
#669 = SURFACE_STYLE_FILL_AREA ( #1652 ) ;
#670 = MECHANICAL_DESIGN_GEOMETRIC_PRESENTATION_REPRESENTATION (  '', ( #907 ), #492 ) ;
#671 = PRESENTATION_STYLE_ASSIGNMENT (( #55 ) ) ;
#672 = CARTESIAN_POINT ( 'NONE',  ( -6.500000000000000888, 4.000000000000000000, 1.500000000000000000 ) ) ;
#673 = CARTESIAN_POINT ( 'NONE',  ( 2.200000000000002398, -4.099999999999997868, -2.000000000000000000 ) ) ;
#674 = LINE ( 'NONE', #1105, #295 ) ;
#675 = FILL_AREA_STYLE ('',( #1513 ) ) ;
#676 = ADVANCED_FACE ( 'NONE', ( #1061 ), #63, .F. ) ;
#677 = SURFACE_STYLE_FILL_AREA ( #813 ) ;
#678 = EDGE_CURVE ( 'NONE', #240, #416, #1394, .T. ) ;
#679 = LINE ( 'NONE', #827, #1146 ) ;
#680 = AXIS2_PLACEMENT_3D ( 'NONE', #94, #1553, #109 ) ;
#681 = CARTESIAN_POINT ( 'NONE',  ( 0.000000000000000000, 0.000000000000000000, -2.000000000000000000 ) ) ;
#682 = VERTEX_POINT ( 'NONE', #1237 ) ;
#683 = DIRECTION ( 'NONE',  ( -1.000000000000000000, -1.334402673828313586E-16, 0.000000000000000000 ) ) ;
#684 = ORIENTED_EDGE ( 'NONE', *, *, #1866, .F. ) ;
#685 = PRESENTATION_LAYER_ASSIGNMENT (  '', '', ( #759 ) ) ;
#686 = ORIENTED_EDGE ( 'NONE', *, *, #653, .F. ) ;
#687 = SURFACE_SIDE_STYLE ('',( #1166 ) ) ;
#688 = VERTEX_POINT ( 'NONE', #493 ) ;
#689 = UNCERTAINTY_MEASURE_WITH_UNIT (LENGTH_MEASURE( 1.000000000000000082E-05 ), #1364, 'distance_accuracy_value', 'NONE');
#690 = CARTESIAN_POINT ( 'NONE',  ( 4.250000000000003553, -4.099999999999997868, -2.000000000000000000 ) ) ;
#691 = EDGE_CURVE ( 'NONE', #1380, #302, #700, .T. ) ;
#692 = PRESENTATION_STYLE_ASSIGNMENT (( #229 ) ) ;
#693 = FILL_AREA_STYLE ('',( #825 ) ) ;
#694 = FILL_AREA_STYLE_COLOUR ( '', #268 ) ;
#695 = CYLINDRICAL_SURFACE ( 'NONE', #355, 0.2999999999999999334 ) ;
#696 = MECHANICAL_DESIGN_GEOMETRIC_PRESENTATION_REPRESENTATION (  '', ( #365 ), #858 ) ;
#697 = CIRCLE ( 'NONE', #490, 0.5000000000000004441 ) ;
#698 = SURFACE_STYLE_FILL_AREA ( #1002 ) ;
#699 = AXIS2_PLACEMENT_3D ( 'NONE', #1018, #1593, #1585 ) ;
#700 = LINE ( 'NONE', #1370, #1807 ) ;
#701 = DIRECTION ( 'NONE',  ( 0.000000000000000000, -1.000000000000000000, 0.000000000000000000 ) ) ;
#702 =( NAMED_UNIT ( * ) SI_UNIT ( $, .STERADIAN. ) SOLID_ANGLE_UNIT ( ) );
#703 = VECTOR ( 'NONE', #619, 1000.000000000000000 ) ;
#704 = CARTESIAN_POINT ( 'NONE',  ( -2.199999999999999289, -4.099999999999998757, 1.625000000000000222 ) ) ;
#705 = FILL_AREA_STYLE ('',( #122 ) ) ;
#706 = EDGE_CURVE ( 'NONE', #343, #1751, #1344, .T. ) ;
#707 = CARTESIAN_POINT ( 'NONE',  ( -6.000000000000000000, 4.000000000000000000, 1.500000000000000000 ) ) ;
#708 = PRODUCT_DEFINITION_CONTEXT ( 'detailed design', #429, 'design' ) ;
#709 =( GEOMETRIC_REPRESENTATION_CONTEXT ( 3 ) GLOBAL_UNCERTAINTY_ASSIGNED_CONTEXT ( ( #1569 ) ) GLOBAL_UNIT_ASSIGNED_CONTEXT ( ( #1390, #1256, #1383 ) ) REPRESENTATION_CONTEXT ( 'NONE', 'WORKASPACE' ) );
#710 = ORIENTED_EDGE ( 'NONE', *, *, #1600, .F. ) ;
#711 = DIRECTION ( 'NONE',  ( 1.000000000000000000, 0.000000000000000000, 0.000000000000000000 ) ) ;
#712 = DIRECTION ( 'NONE',  ( -1.334402673828315311E-16, 1.000000000000000000, 0.000000000000000000 ) ) ;
#713 = EDGE_LOOP ( 'NONE', ( #684, #1753, #367, #1820, #1512, #508, #638, #1097, #1602, #344, #1731, #536 ) ) ;
#714 = ORIENTED_EDGE ( 'NONE', *, *, #184, .T. ) ;
#715 = DIRECTION ( 'NONE',  ( 1.000000000000000000, 1.334402673828313586E-16, 3.616905694837807801E-32 ) ) ;
#716 = FACE_OUTER_BOUND ( 'NONE', #369, .T. ) ;
#717 = CARTESIAN_POINT ( 'NONE',  ( 3.850000000000007638, -4.499999999999998224, -2.000000000000000000 ) ) ;
#718 = LINE ( 'NONE', #155, #1016 ) ;
#719 = EDGE_CURVE ( 'NONE', #829, #240, #135, .T. ) ;
#720 = AXIS2_PLACEMENT_3D ( 'NONE', #53, #337, #191 ) ;
#721 = PRESENTATION_STYLE_ASSIGNMENT (( #1572 ) ) ;
#722 = DIRECTION ( 'NONE',  ( -1.334402673828313586E-16, 1.000000000000000000, 0.000000000000000000 ) ) ;
#723 = LINE ( 'NONE', #252, #1803 ) ;
#724 =( GEOMETRIC_REPRESENTATION_CONTEXT ( 3 ) GLOBAL_UNCERTAINTY_ASSIGNED_CONTEXT ( ( #947 ) ) GLOBAL_UNIT_ASSIGNED_CONTEXT ( ( #374, #1812, #1550 ) ) REPRESENTATION_CONTEXT ( 'NONE', 'WORKASPACE' ) );
#725 = DIRECTION ( 'NONE',  ( -0.000000000000000000, -0.000000000000000000, 1.000000000000000000 ) ) ;
#726 = COLOUR_RGB ( '',0.000000000000000000, 0.5294117647058823595, 1.000000000000000000 ) ;
#727 = CYLINDRICAL_SURFACE ( 'NONE', #645, 0.5000000000000000000 ) ;
#728 =( NAMED_UNIT ( * ) PLANE_ANGLE_UNIT ( ) SI_UNIT ( $, .RADIAN. ) );
#729 = COLOUR_RGB ( '',0.000000000000000000, 0.5294117647058823595, 1.000000000000000000 ) ;
#730 = PLANE ( 'NONE',  #455 ) ;
#731 =( NAMED_UNIT ( * ) PLANE_ANGLE_UNIT ( ) SI_UNIT ( $, .RADIAN. ) );
#732 = VECTOR ( 'NONE', #60, 1000.000000000000000 ) ;
#733 = AXIS2_PLACEMENT_3D ( 'NONE', #1620, #1615, #1182 ) ;
#734 = ORIENTED_EDGE ( 'NONE', *, *, #514, .F. ) ;
#735 = DIRECTION ( 'NONE',  ( 0.000000000000000000, 1.000000000000000000, 0.000000000000000000 ) ) ;
#736 = ORIENTED_EDGE ( 'NONE', *, *, #35, .T. ) ;
#737 = PRESENTATION_LAYER_ASSIGNMENT (  '', '', ( #1201 ) ) ;
#738 = VERTEX_POINT ( 'NONE', #1422 ) ;
#739 = DIRECTION ( 'NONE',  ( 0.000000000000000000, 1.000000000000000000, 0.000000000000000000 ) ) ;
#740 = COLOUR_RGB ( '',1.000000000000000000, 1.000000000000000000, 1.000000000000000000 ) ;
#741 = FILL_AREA_STYLE ('',( #1471 ) ) ;
#742 = STYLED_ITEM ( 'NONE', ( #1121 ), #91 ) ;
#743 = FACE_OUTER_BOUND ( 'NONE', #849, .T. ) ;
#744 = LINE ( 'NONE', #1266, #1320 ) ;
#745 = AXIS2_PLACEMENT_3D ( 'NONE', #1699, #1571, #971 ) ;
#746 = PLANE ( 'NONE',  #1592 ) ;
#747 = MECHANICAL_DESIGN_GEOMETRIC_PRESENTATION_REPRESENTATION (  '', ( #523 ), #1434 ) ;
#748 = DIRECTION ( 'NONE',  ( 1.000000000000000000, 1.334402673828313586E-16, -0.000000000000000000 ) ) ;
#749 = MANIFOLD_SOLID_BREP ( 'Boss-Extrude3[2]', #662 ) ;
#750 = CIRCLE ( 'NONE', #246, 0.5000000000000000000 ) ;
#751 = FACE_OUTER_BOUND ( 'NONE', #779, .T. ) ;
#752 = DIRECTION ( 'NONE',  ( 0.7071067811865521247, -0.7071067811865430208, -1.916616770854204977E-16 ) ) ;
#753 = EDGE_CURVE ( 'NONE', #1416, #233, #674, .T. ) ;
#754 = SURFACE_STYLE_USAGE ( .BOTH. , #1483 ) ;
#755 = ORIENTED_EDGE ( 'NONE', *, *, #1369, .T. ) ;
#756 = STYLED_ITEM ( 'NONE', ( #95 ), #226 ) ;
#757 = EDGE_LOOP ( 'NONE', ( #1468, #65, #263, #411 ) ) ;
#758 = DIRECTION ( 'NONE',  ( -1.000000000000000000, 0.000000000000000000, 0.000000000000000000 ) ) ;
#759 = STYLED_ITEM ( 'NONE', ( #1055 ), #1552 ) ;
#760 = ORIENTED_EDGE ( 'NONE', *, *, #1656, .F. ) ;
#761 = CARTESIAN_POINT ( 'NONE',  ( -3.850000000000004086, -4.499999999999998224, -2.000000000000000000 ) ) ;
#762 = VERTEX_POINT ( 'NONE', #672 ) ;
#763 = SURFACE_STYLE_FILL_AREA ( #214 ) ;
#764 = DIRECTION ( 'NONE',  ( -1.971276677246371272E-16, 1.000000000000000000, 0.000000000000000000 ) ) ;
#765 = VECTOR ( 'NONE', #735, 1000.000000000000000 ) ;
#766 = FILL_AREA_STYLE_COLOUR ( '', #729 ) ;
#767 = AXIS2_PLACEMENT_3D ( 'NONE', #1582, #1420, #712 ) ;
#768 = MECHANICAL_DESIGN_GEOMETRIC_PRESENTATION_REPRESENTATION (  '', ( #1795 ), #1361 ) ;
#769 = DIRECTION ( 'NONE',  ( 0.000000000000000000, 0.000000000000000000, -1.000000000000000000 ) ) ;
#770 = VECTOR ( 'NONE', #1764, 1000.000000000000000 ) ;
#771 =( NAMED_UNIT ( * ) PLANE_ANGLE_UNIT ( ) SI_UNIT ( $, .RADIAN. ) );
#772 = DIRECTION ( 'NONE',  ( -1.000000000000000000, 0.000000000000000000, 0.000000000000000000 ) ) ;
#773 = DIRECTION ( 'NONE',  ( -1.000000000000000000, -0.000000000000000000, -0.000000000000000000 ) ) ;
#774 = VERTEX_POINT ( 'NONE', #112 ) ;
#775 = VERTEX_POINT ( 'NONE', #530 ) ;
#776 = ORIENTED_EDGE ( 'NONE', *, *, #691, .F. ) ;
#777 = CARTESIAN_POINT ( 'NONE',  ( 3.850000000000007194, -4.499999999999999112, 1.625000000000000666 ) ) ;
#778 = DIRECTION ( 'NONE',  ( -0.000000000000000000, -0.000000000000000000, 1.000000000000000000 ) ) ;
#779 = EDGE_LOOP ( 'NONE', ( #384, #463, #665, #457 ) ) ;
#780 = CARTESIAN_POINT ( 'NONE',  ( -2.600000000000004086, -4.499999999999999112, 2.000000000000000000 ) ) ;
#781 = DIRECTION ( 'NONE',  ( 0.000000000000000000, -1.000000000000000000, -2.710505431213760592E-16 ) ) ;
#782 = STYLED_ITEM ( 'NONE', ( #1079 ), #1561 ) ;
#783 = ADVANCED_FACE ( 'NONE', ( #1501 ), #1137, .T. ) ;
#784 = CARTESIAN_POINT ( 'NONE',  ( 2.200000000000002398, -4.099999999999997868, -2.000000000000000000 ) ) ;
#785 = LINE ( 'NONE', #1310, #18 ) ;
#786 = DIRECTION ( 'NONE',  ( -0.000000000000000000, 1.000000000000000000, 0.000000000000000000 ) ) ;
#787 = COLOUR_RGB ( '',0.000000000000000000, 0.5294117647058823595, 1.000000000000000000 ) ;
#788 = VECTOR ( 'NONE', #1423, 1000.000000000000000 ) ;
#789 = COLOUR_RGB ( '',1.000000000000000000, 1.000000000000000000, 1.000000000000000000 ) ;
#790 = EDGE_CURVE ( 'NONE', #1516, #1859, #723, .T. ) ;
#791 = DIRECTION ( 'NONE',  ( -1.000000000000000000, -1.971276677246371272E-16, 0.000000000000000000 ) ) ;
#792 = DIRECTION ( 'NONE',  ( -1.000000000000000000, -1.334402673828313586E-16, 0.000000000000000000 ) ) ;
#793 = FILL_AREA_STYLE_COLOUR ( '', #740 ) ;
#794 = ADVANCED_FACE ( 'NONE', ( #25 ), #1249, .T. ) ;
#795 =( GEOMETRIC_REPRESENTATION_CONTEXT ( 3 ) GLOBAL_UNCERTAINTY_ASSIGNED_CONTEXT ( ( #1755 ) ) GLOBAL_UNIT_ASSIGNED_CONTEXT ( ( #39, #345, #192 ) ) REPRESENTATION_CONTEXT ( 'NONE', 'WORKASPACE' ) );
#796 = DIRECTION ( 'NONE',  ( 1.971276677246371272E-16, -1.000000000000000000, -0.000000000000000000 ) ) ;
#797 = SURFACE_STYLE_USAGE ( .BOTH. , #1075 ) ;
#798 = ORIENTED_EDGE ( 'NONE', *, *, #1396, .F. ) ;
#799 =( GEOMETRIC_REPRESENTATION_CONTEXT ( 3 ) GLOBAL_UNCERTAINTY_ASSIGNED_CONTEXT ( ( #836 ) ) GLOBAL_UNIT_ASSIGNED_CONTEXT ( ( #1862, #1148, #444 ) ) REPRESENTATION_CONTEXT ( 'NONE', 'WORKASPACE' ) );
#800 = EDGE_LOOP ( 'NONE', ( #714, #1280, #1605, #364 ) ) ;
#801 = DIRECTION ( 'NONE',  ( 1.000000000000000000, 1.334402673828313339E-16, -0.000000000000000000 ) ) ;
#802 = ORIENTED_EDGE ( 'NONE', *, *, #66, .F. ) ;
#803 = EDGE_CURVE ( 'NONE', #1375, #393, #998, .T. ) ;
#804 = ADVANCED_FACE ( 'NONE', ( #1088 ), #1260, .F. ) ;
#805 =( NAMED_UNIT ( * ) SI_UNIT ( $, .STERADIAN. ) SOLID_ANGLE_UNIT ( ) );
#806 = ORIENTED_EDGE ( 'NONE', *, *, #110, .F. ) ;
#807 = DIRECTION ( 'NONE',  ( -1.334402673828313586E-16, 1.000000000000000000, -0.000000000000000000 ) ) ;
#808 = CARTESIAN_POINT ( 'NONE',  ( -2.199999999999999289, -4.099999999999998757, -2.000000000000000000 ) ) ;
#809 = MANIFOLD_SOLID_BREP ( 'Fillet1', #283 ) ;
#810 = DIRECTION ( 'NONE',  ( 1.000000000000000000, 0.000000000000000000, 0.000000000000000000 ) ) ;
#811 = VECTOR ( 'NONE', #1659, 1000.000000000000000 ) ;
#812 = LINE ( 'NONE', #999, #565 ) ;
#813 = FILL_AREA_STYLE ('',( #223 ) ) ;
#814 = CARTESIAN_POINT ( 'NONE',  ( 6.499999999999999112, -4.499999999999997335, -2.000000000000000000 ) ) ;
#815 = ADVANCED_FACE ( 'NONE', ( #569 ), #1860, .F. ) ;
#816 = EDGE_CURVE ( 'NONE', #923, #258, #1223, .T. ) ;
#817 = CARTESIAN_POINT ( 'NONE',  ( 5.000000000000001776, -9.499999999999998224, 6.123233995736766282E-16 ) ) ;
#818 = MECHANICAL_DESIGN_GEOMETRIC_PRESENTATION_REPRESENTATION (  '', ( #622 ), #1043 ) ;
#819 = SURFACE_SIDE_STYLE ('',( #1109 ) ) ;
#820 = VECTOR ( 'NONE', #1134, 1000.000000000000000 ) ;
#821 = DIRECTION ( 'NONE',  ( -0.000000000000000000, -0.000000000000000000, 1.000000000000000000 ) ) ;
#822 = MECHANICAL_DESIGN_GEOMETRIC_PRESENTATION_REPRESENTATION (  '', ( #1349 ), #1782 ) ;
#823 = ORIENTED_EDGE ( 'NONE', *, *, #1656, .T. ) ;
#824 = ORIENTED_EDGE ( 'NONE', *, *, #1241, .F. ) ;
#825 = FILL_AREA_STYLE_COLOUR ( '', #1596 ) ;
#826 = ORIENTED_EDGE ( 'NONE', *, *, #205, .T. ) ;
#827 = CARTESIAN_POINT ( 'NONE',  ( 3.850000000000007638, -4.499999999999998224, -1.624999999999999334 ) ) ;
#828 = ORIENTED_EDGE ( 'NONE', *, *, #1300, .T. ) ;
#829 = VERTEX_POINT ( 'NONE', #1435 ) ;
#830 = STYLED_ITEM ( 'NONE', ( #114 ), #391 ) ;
#831 = UNCERTAINTY_MEASURE_WITH_UNIT (LENGTH_MEASURE( 1.000000000000000082E-05 ), #1205, 'distance_accuracy_value', 'NONE');
#832 =( LENGTH_UNIT ( ) NAMED_UNIT ( * ) SI_UNIT ( .MILLI., .METRE. ) );
#833 = STYLED_ITEM ( 'NONE', ( #1472 ), #1373 ) ;
#834 = VECTOR ( 'NONE', #1437, 1000.000000000000000 ) ;
#835 =( LENGTH_UNIT ( ) NAMED_UNIT ( * ) SI_UNIT ( .MILLI., .METRE. ) );
#836 = UNCERTAINTY_MEASURE_WITH_UNIT (LENGTH_MEASURE( 1.000000000000000082E-05 ), #1862, 'distance_accuracy_value', 'NONE');
#837 = COLOUR_RGB ( '',0.000000000000000000, 0.5294117647058823595, 1.000000000000000000 ) ;
#838 = LINE ( 'NONE', #1133, #1525 ) ;
#839 = DIRECTION ( 'NONE',  ( -0.000000000000000000, -0.000000000000000000, -1.000000000000000000 ) ) ;
#840 = CARTESIAN_POINT ( 'NONE',  ( 6.499999999999999112, -4.499999999999997335, 2.000000000000000000 ) ) ;
#841 = EDGE_CURVE ( 'NONE', #604, #1709, #22, .T. ) ;
#842 = CARTESIAN_POINT ( 'NONE',  ( -6.000000000000000000, 4.000000000000000000, 1.500000000000000000 ) ) ;
#843 = DIRECTION ( 'NONE',  ( 0.000000000000000000, 0.000000000000000000, 1.000000000000000000 ) ) ;
#844 = ORIENTED_EDGE ( 'NONE', *, *, #451, .F. ) ;
#845 =( NAMED_UNIT ( * ) PLANE_ANGLE_UNIT ( ) SI_UNIT ( $, .RADIAN. ) );
#846 = MECHANICAL_DESIGN_GEOMETRIC_PRESENTATION_REPRESENTATION (  '', ( #1536 ), #1484 ) ;
#847 = ORIENTED_EDGE ( 'NONE', *, *, #1066, .F. ) ;
#848 = DIRECTION ( 'NONE',  ( 0.000000000000000000, 1.000000000000000000, -0.000000000000000000 ) ) ;
#849 = EDGE_LOOP ( 'NONE', ( #280, #1068, #1277, #824 ) ) ;
#850 = CARTESIAN_POINT ( 'NONE',  ( -6.000000000000000000, 4.500000000000000888, 1.500000000000000000 ) ) ;
#851 = ORIENTED_EDGE ( 'NONE', *, *, #1396, .T. ) ;
#852 =( NAMED_UNIT ( * ) SI_UNIT ( $, .STERADIAN. ) SOLID_ANGLE_UNIT ( ) );
#853 = EDGE_CURVE ( 'NONE', #1859, #762, #697, .T. ) ;
#854 = PRESENTATION_LAYER_ASSIGNMENT (  '', '', ( #865 ) ) ;
#855 = SURFACE_SIDE_STYLE ('',( #1456 ) ) ;
#856 = SURFACE_STYLE_USAGE ( .BOTH. , #2 ) ;
#857 = FACE_OUTER_BOUND ( 'NONE', #800, .T. ) ;
#858 =( GEOMETRIC_REPRESENTATION_CONTEXT ( 3 ) GLOBAL_UNCERTAINTY_ASSIGNED_CONTEXT ( ( #1629 ) ) GLOBAL_UNIT_ASSIGNED_CONTEXT ( ( #1397, #1681, #649 ) ) REPRESENTATION_CONTEXT ( 'NONE', 'WORKASPACE' ) );
#859 = CARTESIAN_POINT ( 'NONE',  ( 2.200000000000002398, -4.099999999999997868, -2.000000000000000000 ) ) ;
#860 = FACE_OUTER_BOUND ( 'NONE', #964, .T. ) ;
#861 = COLOUR_RGB ( '',0.7921568627450980005, 0.8196078431372548767, 0.9333333333333333481 ) ;
#862 =( LENGTH_UNIT ( ) NAMED_UNIT ( * ) SI_UNIT ( .MILLI., .METRE. ) );
#863 = CARTESIAN_POINT ( 'NONE',  ( -2.600000000000004086, -4.499999999999999112, -2.000000000000000000 ) ) ;
#864 = CIRCLE ( 'NONE', #362, 0.2999999999999990452 ) ;
#865 = STYLED_ITEM ( 'NONE', ( #186 ), #216 ) ;
#866 = SURFACE_STYLE_FILL_AREA ( #1144 ) ;
#867 = DIRECTION ( 'NONE',  ( -1.000000000000000000, 0.000000000000000000, 0.000000000000000000 ) ) ;
#868 = STYLED_ITEM ( 'NONE', ( #542 ), #1090 ) ;
#869 = FILL_AREA_STYLE ('',( #1453 ) ) ;
#870 = CIRCLE ( 'NONE', #643, 0.5000000000000004441 ) ;
#871 = EDGE_LOOP ( 'NONE', ( #33, #1072, #1684 ) ) ;
#872 = DIRECTION ( 'NONE',  ( -1.000000000000000000, -1.334402673828313586E-16, 0.000000000000000000 ) ) ;
#873 = SURFACE_STYLE_USAGE ( .BOTH. , #885 ) ;
#874 = ORIENTED_EDGE ( 'NONE', *, *, #5, .F. ) ;
#875 = ORIENTED_EDGE ( 'NONE', *, *, #985, .F. ) ;
#876 =( LENGTH_UNIT ( ) NAMED_UNIT ( * ) SI_UNIT ( .MILLI., .METRE. ) );
#877 = DIRECTION ( 'NONE',  ( -0.000000000000000000, 1.000000000000000000, 0.000000000000000000 ) ) ;
#878 = CARTESIAN_POINT ( 'NONE',  ( 5.999999999999998224, 4.000000000000001776, 1.500000000000000000 ) ) ;
#879 = EDGE_CURVE ( 'NONE', #1730, #169, #293, .T. ) ;
#880 = AXIS2_PLACEMENT_3D ( 'NONE', #707, #848, #435 ) ;
#881 = SURFACE_STYLE_FILL_AREA ( #869 ) ;
#882 =( NAMED_UNIT ( * ) SI_UNIT ( $, .STERADIAN. ) SOLID_ANGLE_UNIT ( ) );
#883 = PRESENTATION_STYLE_ASSIGNMENT (( #1046 ) ) ;
#884 = AXIS2_PLACEMENT_3D ( 'NONE', #1020, #1586, #872 ) ;
#885 = SURFACE_SIDE_STYLE ('',( #911 ) ) ;
#886 = SURFACE_STYLE_FILL_AREA ( #196 ) ;
#887 = CARTESIAN_POINT ( 'NONE',  ( 2.200000000000002398, -4.099999999999997868, -2.000000000000000000 ) ) ;
#888 = EDGE_CURVE ( 'NONE', #307, #10, #1023, .T. ) ;
#889 =( NAMED_UNIT ( * ) SI_UNIT ( $, .STERADIAN. ) SOLID_ANGLE_UNIT ( ) );
#890 = UNCERTAINTY_MEASURE_WITH_UNIT (LENGTH_MEASURE( 1.000000000000000082E-05 ), #1164, 'distance_accuracy_value', 'NONE');
#891 = ORIENTED_EDGE ( 'NONE', *, *, #706, .T. ) ;
#892 = AXIS2_PLACEMENT_3D ( 'NONE', #201, #1683, #1831 ) ;
#893 = UNCERTAINTY_MEASURE_WITH_UNIT (LENGTH_MEASURE( 1.000000000000000082E-05 ), #1381, 'distance_accuracy_value', 'NONE');
#894 = FILL_AREA_STYLE ('',( #1339 ) ) ;
#895 = ORIENTED_EDGE ( 'NONE', *, *, #1406, .F. ) ;
#896 = AXIS2_PLACEMENT_3D ( 'NONE', #509, #1663, #1076 ) ;
#897 = ORIENTED_EDGE ( 'NONE', *, *, #706, .F. ) ;
#898 = SURFACE_STYLE_USAGE ( .BOTH. , #1454 ) ;
#899 = ORIENTED_EDGE ( 'NONE', *, *, #790, .T. ) ;
#900 = DIRECTION ( 'NONE',  ( 1.000000000000000000, 1.334402673828313586E-16, 0.000000000000000000 ) ) ;
#901 = VECTOR ( 'NONE', #220, 999.9999999999998863 ) ;
#902 = LINE ( 'NONE', #224, #1405 ) ;
#903 = SURFACE_SIDE_STYLE ('',( #886 ) ) ;
#904 = PRESENTATION_STYLE_ASSIGNMENT (( #654 ) ) ;
#905 =( GEOMETRIC_REPRESENTATION_CONTEXT ( 3 ) GLOBAL_UNCERTAINTY_ASSIGNED_CONTEXT ( ( #893 ) ) GLOBAL_UNIT_ASSIGNED_CONTEXT ( ( #1381, #1388, #1372 ) ) REPRESENTATION_CONTEXT ( 'NONE', 'WORKASPACE' ) );
#906 = SURFACE_STYLE_FILL_AREA ( #551 ) ;
#907 = STYLED_ITEM ( 'NONE', ( #1054 ), #1384 ) ;
#908 =( NAMED_UNIT ( * ) SI_UNIT ( $, .STERADIAN. ) SOLID_ANGLE_UNIT ( ) );
#909 = DIRECTION ( 'NONE',  ( 0.000000000000000000, -1.000000000000000000, 0.000000000000000000 ) ) ;
#910 = CARTESIAN_POINT ( 'NONE',  ( -2.199999999999999289, -4.099999999999998757, -2.000000000000000000 ) ) ;
#911 = SURFACE_STYLE_FILL_AREA ( #291 ) ;
#912 =( NAMED_UNIT ( * ) SI_UNIT ( $, .STERADIAN. ) SOLID_ANGLE_UNIT ( ) );
#913 = COLOUR_RGB ( '',0.000000000000000000, 0.5294117647058823595, 1.000000000000000000 ) ;
#914 = EDGE_CURVE ( 'NONE', #762, #416, #1653, .T. ) ;
#915 =( NAMED_UNIT ( * ) SI_UNIT ( $, .STERADIAN. ) SOLID_ANGLE_UNIT ( ) );
#916 = LINE ( 'NONE', #75, #579 ) ;
#917 = CARTESIAN_POINT ( 'NONE',  ( -4.250000000000000000, -4.099999999999997868, -2.000000000000000000 ) ) ;
#918 = ORIENTED_EDGE ( 'NONE', *, *, #1787, .T. ) ;
#919 =( GEOMETRIC_REPRESENTATION_CONTEXT ( 3 ) GLOBAL_UNCERTAINTY_ASSIGNED_CONTEXT ( ( #1089 ) ) GLOBAL_UNIT_ASSIGNED_CONTEXT ( ( #386, #1829, #380 ) ) REPRESENTATION_CONTEXT ( 'NONE', 'WORKASPACE' ) );
#920 = ORIENTED_EDGE ( 'NONE', *, *, #1637, .T. ) ;
#921 =( NAMED_UNIT ( * ) SI_UNIT ( $, .STERADIAN. ) SOLID_ANGLE_UNIT ( ) );
#922 = PRESENTATION_LAYER_ASSIGNMENT (  '', '', ( #404 ) ) ;
#923 = VERTEX_POINT ( 'NONE', #1315 ) ;
#924 = CARTESIAN_POINT ( 'NONE',  ( 5.999999999999998224, 4.000000000000001776, -1.500000000000000000 ) ) ;
#925 = FILL_AREA_STYLE_COLOUR ( '', #982 ) ;
#926 = FILL_AREA_STYLE ('',( #616 ) ) ;
#927 = PRESENTATION_LAYER_ASSIGNMENT (  '', '', ( #756 ) ) ;
#928 = DIRECTION ( 'NONE',  ( 0.000000000000000000, -2.710505431213760592E-16, -1.000000000000000000 ) ) ;
#929 =( NAMED_UNIT ( * ) SI_UNIT ( $, .STERADIAN. ) SOLID_ANGLE_UNIT ( ) );
#930 = VECTOR ( 'NONE', #1062, 1000.000000000000000 ) ;
#931 = LINE ( 'NONE', #1208, #228 ) ;
#932 = FILL_AREA_STYLE ('',( #79 ) ) ;
#933 = FILL_AREA_STYLE_COLOUR ( '', #1044 ) ;
#934 = CARTESIAN_POINT ( 'NONE',  ( 6.500000000000004441, -4.099999999999997868, 1.625000000000000444 ) ) ;
#935 = FACE_OUTER_BOUND ( 'NONE', #1447, .T. ) ;
#936 = DIRECTION ( 'NONE',  ( -1.000000000000000000, 0.000000000000000000, 0.000000000000000000 ) ) ;
#937 = PRESENTATION_LAYER_ASSIGNMENT (  '', '', ( #742 ) ) ;
#938 = VERTEX_POINT ( 'NONE', #585 ) ;
#939 = ADVANCED_FACE ( 'NONE', ( #743 ), #1085, .T. ) ;
#940 = DIRECTION ( 'NONE',  ( 0.000000000000000000, 1.000000000000000000, 0.000000000000000000 ) ) ;
#941 = CARTESIAN_POINT ( 'NONE',  ( 6.500000000000004441, -4.899999999999997691, -1.624999999999999334 ) ) ;
#942 = ORIENTED_EDGE ( 'NONE', *, *, #1311, .F. ) ;
#943 = PRESENTATION_LAYER_ASSIGNMENT (  '', '', ( #622 ) ) ;
#944 = ORIENTED_EDGE ( 'NONE', *, *, #1491, .T. ) ;
#945 = DIRECTION ( 'NONE',  ( 1.334402673828313586E-16, -1.000000000000000000, 0.000000000000000000 ) ) ;
#946 = FILL_AREA_STYLE ('',( #793 ) ) ;
#947 = UNCERTAINTY_MEASURE_WITH_UNIT (LENGTH_MEASURE( 1.000000000000000082E-05 ), #374, 'distance_accuracy_value', 'NONE');
#948 = LINE ( 'NONE', #1496, #1387 ) ;
#949 = ADVANCED_FACE ( 'NONE', ( #860 ), #1147, .F. ) ;
#950 = EDGE_CURVE ( 'NONE', #1814, #1380, #1675, .T. ) ;
#951 =( LENGTH_UNIT ( ) NAMED_UNIT ( * ) SI_UNIT ( .MILLI., .METRE. ) );
#952 =( GEOMETRIC_REPRESENTATION_CONTEXT ( 3 ) GLOBAL_UNCERTAINTY_ASSIGNED_CONTEXT ( ( #1157 ) ) GLOBAL_UNIT_ASSIGNED_CONTEXT ( ( #835, #1841, #526 ) ) REPRESENTATION_CONTEXT ( 'NONE', 'WORKASPACE' ) );
#953 = DIRECTION ( 'NONE',  ( -1.000000000000000000, 0.000000000000000000, 0.000000000000000000 ) ) ;
#954 = COLOUR_RGB ( '',0.000000000000000000, 0.5294117647058823595, 1.000000000000000000 ) ;
#955 = MECHANICAL_DESIGN_GEOMETRIC_PRESENTATION_REPRESENTATION (  '', ( #1696 ), #1607 ) ;
#956 = CARTESIAN_POINT ( 'NONE',  ( 5.000000000000000888, -4.099999999999996980, 6.123233995736766282E-16 ) ) ;
#957 = CYLINDRICAL_SURFACE ( 'NONE', #767, 0.4999999999999995559 ) ;
#958 = CARTESIAN_POINT ( 'NONE',  ( 3.850000000000007638, -4.499999999999998224, -2.000000000000000000 ) ) ;
#959 = CIRCLE ( 'NONE', #29, 0.5000000000000004441 ) ;
#960 =( NAMED_UNIT ( * ) PLANE_ANGLE_UNIT ( ) SI_UNIT ( $, .RADIAN. ) );
#961 = ORIENTED_EDGE ( 'NONE', *, *, #1311, .T. ) ;
#962 =( LENGTH_UNIT ( ) NAMED_UNIT ( * ) SI_UNIT ( .MILLI., .METRE. ) );
#963 = EDGE_LOOP ( 'NONE', ( #1748, #1178, #256, #899 ) ) ;
#964 = EDGE_LOOP ( 'NONE', ( #802, #1285, #348, #1601 ) ) ;
#965 =( GEOMETRIC_REPRESENTATION_CONTEXT ( 3 ) GLOBAL_UNCERTAINTY_ASSIGNED_CONTEXT ( ( #413 ) ) GLOBAL_UNIT_ASSIGNED_CONTEXT ( ( #562, #1864, #1733 ) ) REPRESENTATION_CONTEXT ( 'NONE', 'WORKASPACE' ) );
#966 = DIRECTION ( 'NONE',  ( -0.000000000000000000, -0.000000000000000000, 1.000000000000000000 ) ) ;
#967 = ORIENTED_EDGE ( 'NONE', *, *, #1541, .F. ) ;
#968 = CARTESIAN_POINT ( 'NONE',  ( 5.999999999999998224, 4.000000000000001776, 1.500000000000000000 ) ) ;
#969 = PRESENTATION_LAYER_ASSIGNMENT (  '', '', ( #1033 ) ) ;
#970 = ADVANCED_FACE ( 'NONE', ( #158 ), #1334, .F. ) ;
#971 = DIRECTION ( 'NONE',  ( -1.000000000000000000, 0.000000000000000000, 0.000000000000000000 ) ) ;
#972 = DIRECTION ( 'NONE',  ( 0.000000000000000000, 0.000000000000000000, -1.000000000000000000 ) ) ;
#973 = PRESENTATION_STYLE_ASSIGNMENT (( #668 ) ) ;
#974 = ADVANCED_FACE ( 'NONE', ( #1568 ), #471, .T. ) ;
#975 = SURFACE_STYLE_USAGE ( .BOTH. , #687 ) ;
#976 = PRESENTATION_LAYER_ASSIGNMENT (  '', '', ( #1314 ) ) ;
#977 =( NAMED_UNIT ( * ) PLANE_ANGLE_UNIT ( ) SI_UNIT ( $, .RADIAN. ) );
#978 = CIRCLE ( 'NONE', #733, 0.2999999999999999334 ) ;
#979 = DIRECTION ( 'NONE',  ( 0.000000000000000000, 0.000000000000000000, -1.000000000000000000 ) ) ;
#980 = PRODUCT_RELATED_PRODUCT_CATEGORY ( 'part', '', ( #1329 ) ) ;
#981 = LINE ( 'NONE', #808, #143 ) ;
#982 = COLOUR_RGB ( '',0.000000000000000000, 0.5294117647058823595, 1.000000000000000000 ) ;
#983 = ORIENTED_EDGE ( 'NONE', *, *, #564, .T. ) ;
#984 = FILL_AREA_STYLE_COLOUR ( '', #1575 ) ;
#985 = EDGE_CURVE ( 'NONE', #1009, #1128, #426, .T. ) ;
#986 = ORIENTED_EDGE ( 'NONE', *, *, #1528, .F. ) ;
#987 = ORIENTED_EDGE ( 'NONE', *, *, #1279, .F. ) ;
#988 = PRESENTATION_LAYER_ASSIGNMENT (  '', '', ( #830 ) ) ;
#989 = SURFACE_STYLE_USAGE ( .BOTH. , #1306 ) ;
#990 = DIRECTION ( 'NONE',  ( 0.000000000000000000, -0.000000000000000000, 1.000000000000000000 ) ) ;
#991 = MECHANICAL_DESIGN_GEOMETRIC_PRESENTATION_REPRESENTATION (  '', ( #404 ), #795 ) ;
#992 = PLANE ( 'NONE',  #884 ) ;
#993 = CARTESIAN_POINT ( 'NONE',  ( 2.200000000000002398, -4.099999999999997868, -2.000000000000000000 ) ) ;
#994 = COLOUR_RGB ( '',0.000000000000000000, 0.5294117647058823595, 1.000000000000000000 ) ;
#995 = COLOUR_RGB ( '',0.000000000000000000, 0.5294117647058823595, 1.000000000000000000 ) ;
#996 = COLOUR_RGB ( '',0.000000000000000000, 0.5294117647058823595, 1.000000000000000000 ) ;
#997 = CARTESIAN_POINT ( 'NONE',  ( -2.199999999999999289, -4.099999999999998757, 2.000000000000000000 ) ) ;
#998 = LINE ( 'NONE', #1706, #1112 ) ;
#999 = CARTESIAN_POINT ( 'NONE',  ( 6.499999999999999112, -4.099999999999997868, 1.500000000000000000 ) ) ;
#1000 = CARTESIAN_POINT ( 'NONE',  ( 5.999999999999998224, 4.000000000000001776, 2.000000000000000000 ) ) ;
#1001 = VECTOR ( 'NONE', #792, 1000.000000000000000 ) ;
#1002 = FILL_AREA_STYLE ('',( #1158 ) ) ;
#1003 = AXIS2_PLACEMENT_3D ( 'NONE', #1025, #310, #314 ) ;
#1004 = DIRECTION ( 'NONE',  ( -0.000000000000000000, -0.000000000000000000, 1.000000000000000000 ) ) ;
#1005 = DIRECTION ( 'NONE',  ( -1.334402673828313586E-16, 1.000000000000000000, -0.000000000000000000 ) ) ;
#1006 = DIRECTION ( 'NONE',  ( -1.000000000000000000, -0.000000000000000000, -0.000000000000000000 ) ) ;
#1007 = ORIENTED_EDGE ( 'NONE', *, *, #1777, .T. ) ;
#1008 = DIRECTION ( 'NONE',  ( 0.000000000000000000, -0.000000000000000000, 1.000000000000000000 ) ) ;
#1009 = VERTEX_POINT ( 'NONE', #9 ) ;
#1010 = CARTESIAN_POINT ( 'NONE',  ( -2.199999999999999289, -4.099999999999998757, -2.000000000000000000 ) ) ;
#1011 = CARTESIAN_POINT ( 'NONE',  ( 3.850000000000007638, -4.499999999999998224, -2.000000000000000000 ) ) ;
#1012 = EDGE_CURVE ( 'NONE', #775, #343, #1022, .T. ) ;
#1013 = ORIENTED_EDGE ( 'NONE', *, *, #1777, .F. ) ;
#1014 = SURFACE_STYLE_FILL_AREA ( #1448 ) ;
#1015 = PRESENTATION_LAYER_ASSIGNMENT (  '', '', ( #593 ) ) ;
#1016 = VECTOR ( 'NONE', #469, 1000.000000000000000 ) ;
#1017 = CARTESIAN_POINT ( 'NONE',  ( -6.000000000000000000, 4.000000000000000000, 1.500000000000000000 ) ) ;
#1018 = CARTESIAN_POINT ( 'NONE',  ( -4.999999999999998224, -9.499999999999998224, -6.123233995736766282E-16 ) ) ;
#1019 = AXIS2_PLACEMENT_3D ( 'NONE', #1150, #424, #843 ) ;
#1020 = CARTESIAN_POINT ( 'NONE',  ( 6.499999999999999112, -4.499999999999997335, 2.000000000000000000 ) ) ;
#1021 = DIRECTION ( 'NONE',  ( -1.000000000000000000, 0.000000000000000000, 0.000000000000000000 ) ) ;
#1022 = LINE ( 'NONE', #160, #375 ) ;
#1023 = LINE ( 'NONE', #997, #179 ) ;
#1024 = SURFACE_STYLE_FILL_AREA ( #517 ) ;
#1025 = CARTESIAN_POINT ( 'NONE',  ( -3.850000000000004086, -4.499999999999998224, -2.000000000000000000 ) ) ;
#1026 =( LENGTH_UNIT ( ) NAMED_UNIT ( * ) SI_UNIT ( .MILLI., .METRE. ) );
#1027 = FILL_AREA_STYLE ('',( #1217 ) ) ;
#1028 =( NAMED_UNIT ( * ) PLANE_ANGLE_UNIT ( ) SI_UNIT ( $, .RADIAN. ) );
#1029 = COLOUR_RGB ( '',0.000000000000000000, 0.5294117647058823595, 1.000000000000000000 ) ;
#1030 = MECHANICAL_DESIGN_GEOMETRIC_PRESENTATION_REPRESENTATION (  '', ( #151 ), #666 ) ;
#1031 = LINE ( 'NONE', #520, #1305 ) ;
#1032 =( LENGTH_UNIT ( ) NAMED_UNIT ( * ) SI_UNIT ( .MILLI., .METRE. ) );
#1033 = STYLED_ITEM ( 'NONE', ( #671 ), #1124 ) ;
#1034 = EDGE_LOOP ( 'NONE', ( #125, #1155, #1818 ) ) ;
#1035 = ORIENTED_EDGE ( 'NONE', *, *, #414, .F. ) ;
#1036 = DIRECTION ( 'NONE',  ( -1.000000000000000000, 0.000000000000000000, 0.000000000000000000 ) ) ;
#1037 = UNCERTAINTY_MEASURE_WITH_UNIT (LENGTH_MEASURE( 1.000000000000000082E-05 ), #951, 'distance_accuracy_value', 'NONE');
#1038 = VERTEX_POINT ( 'NONE', #1750 ) ;
#1039 = ORIENTED_EDGE ( 'NONE', *, *, #591, .F. ) ;
#1040 = EDGE_LOOP ( 'NONE', ( #1539, #920, #1418, #1308 ) ) ;
#1041 = SPHERICAL_SURFACE ( 'NONE', #1768, 0.5000000000000000000 ) ;
#1042 = VECTOR ( 'NONE', #185, 1000.000000000000000 ) ;
#1043 =( GEOMETRIC_REPRESENTATION_CONTEXT ( 3 ) GLOBAL_UNCERTAINTY_ASSIGNED_CONTEXT ( ( #159 ) ) GLOBAL_UNIT_ASSIGNED_CONTEXT ( ( #1127, #1843, #1848 ) ) REPRESENTATION_CONTEXT ( 'NONE', 'WORKASPACE' ) );
#1044 = COLOUR_RGB ( '',0.000000000000000000, 0.5294117647058823595, 1.000000000000000000 ) ;
#1045 = DIRECTION ( 'NONE',  ( -1.000000000000000000, -1.334402673828313586E-16, 0.000000000000000000 ) ) ;
#1046 = SURFACE_STYLE_USAGE ( .BOTH. , #31 ) ;
#1047 = EDGE_CURVE ( 'NONE', #1335, #1213, #1830, .T. ) ;
#1048 = CARTESIAN_POINT ( 'NONE',  ( 6.499999999999999112, -4.499999999999997335, 2.000000000000000000 ) ) ;
#1049 = ORIENTED_EDGE ( 'NONE', *, *, #1588, .T. ) ;
#1050 = ORIENTED_EDGE ( 'NONE', *, *, #1270, .F. ) ;
#1051 = DIRECTION ( 'NONE',  ( 1.334402673828313586E-16, -1.000000000000000000, 0.000000000000000000 ) ) ;
#1052 = EDGE_LOOP ( 'NONE', ( #1176, #323, #1215, #806 ) ) ;
#1053 = CARTESIAN_POINT ( 'NONE',  ( 6.499999999999999112, 4.000000000000001776, -1.500000000000000000 ) ) ;
#1054 = PRESENTATION_STYLE_ASSIGNMENT (( #438 ) ) ;
#1055 = PRESENTATION_STYLE_ASSIGNMENT (( #1784 ) ) ;
#1056 = CARTESIAN_POINT ( 'NONE',  ( -6.000000000000000000, -0.000000000000000000, -2.000000000000000000 ) ) ;
#1057 = MECHANICAL_DESIGN_GEOMETRIC_PRESENTATION_REPRESENTATION (  '', ( #1167 ), #1455 ) ;
#1058 =( LENGTH_UNIT ( ) NAMED_UNIT ( * ) SI_UNIT ( .MILLI., .METRE. ) );
#1059 = CIRCLE ( 'NONE', #1290, 0.5000000000000004441 ) ;
#1060 = DIRECTION ( 'NONE',  ( 0.000000000000000000, -2.710505431213760592E-16, 1.000000000000000000 ) ) ;
#1061 = FACE_OUTER_BOUND ( 'NONE', #1626, .T. ) ;
#1062 = DIRECTION ( 'NONE',  ( -0.000000000000000000, 1.000000000000000000, 0.000000000000000000 ) ) ;
#1063 = LINE ( 'NONE', #1332, #182 ) ;
#1064 = CARTESIAN_POINT ( 'NONE',  ( -5.337610695313255329E-16, 4.000000000000000888, -2.000000000000000000 ) ) ;
#1065 = LINE ( 'NONE', #347, #434 ) ;
#1066 = EDGE_CURVE ( 'NONE', #1038, #215, #1799, .T. ) ;
#1067 = DIRECTION ( 'NONE',  ( 1.000000000000000000, 1.334402673828313339E-16, -0.000000000000000000 ) ) ;
#1068 = ORIENTED_EDGE ( 'NONE', *, *, #195, .F. ) ;
#1069 = ORIENTED_EDGE ( 'NONE', *, *, #5, .T. ) ;
#1070 = STYLED_ITEM ( 'NONE', ( #1697 ), #939 ) ;
#1071 = CARTESIAN_POINT ( 'NONE',  ( 6.500000000000004441, -4.099999999999997868, 1.500000000000000000 ) ) ;
#1072 = ORIENTED_EDGE ( 'NONE', *, *, #488, .T. ) ;
#1073 = FILL_AREA_STYLE ('',( #473 ) ) ;
#1074 = ORIENTED_EDGE ( 'NONE', *, *, #1588, .F. ) ;
#1075 = SURFACE_SIDE_STYLE ('',( #677 ) ) ;
#1076 = DIRECTION ( 'NONE',  ( 0.000000000000000000, 0.000000000000000000, -1.000000000000000000 ) ) ;
#1077 = DIRECTION ( 'NONE',  ( 1.971276677246371272E-16, -1.000000000000000000, -0.000000000000000000 ) ) ;
#1078 = ADVANCED_FACE ( 'NONE', ( #1473 ), #746, .F. ) ;
#1079 = PRESENTATION_STYLE_ASSIGNMENT (( #204 ) ) ;
#1080 = FILL_AREA_STYLE_COLOUR ( '', #1267 ) ;
#1081 = FACE_OUTER_BOUND ( 'NONE', #713, .T. ) ;
#1082 = CARTESIAN_POINT ( 'NONE',  ( 2.200000000000002398, -4.099999999999997868, -2.000000000000000000 ) ) ;
#1083 = PRESENTATION_LAYER_ASSIGNMENT (  '', '', ( #151 ) ) ;
#1084 = CARTESIAN_POINT ( 'NONE',  ( 5.999999999999998224, 4.000000000000001776, -1.500000000000000000 ) ) ;
#1085 = CYLINDRICAL_SURFACE ( 'NONE', #21, 0.5000000000000000000 ) ;
#1086 = UNCERTAINTY_MEASURE_WITH_UNIT (LENGTH_MEASURE( 1.000000000000000082E-05 ), #321, 'distance_accuracy_value', 'NONE');
#1087 = CARTESIAN_POINT ( 'NONE',  ( -4.250000000000000000, -4.099999999999997868, -2.000000000000000000 ) ) ;
#1088 = FACE_OUTER_BOUND ( 'NONE', #1558, .T. ) ;
#1089 = UNCERTAINTY_MEASURE_WITH_UNIT (LENGTH_MEASURE( 1.000000000000000082E-05 ), #386, 'distance_accuracy_value', 'NONE');
#1090 = ADVANCED_FACE ( 'NONE', ( #1365 ), #478, .F. ) ;
#1091 = SURFACE_STYLE_FILL_AREA ( #1648 ) ;
#1092 = DIRECTION ( 'NONE',  ( -0.7071067811865441310, -0.7071067811865509034, 0.000000000000000000 ) ) ;
#1093 = STYLED_ITEM ( 'NONE', ( #973 ), #1815 ) ;
#1094 = DIRECTION ( 'NONE',  ( 0.000000000000000000, 1.000000000000000000, -2.710505431213760592E-16 ) ) ;
#1095 = CARTESIAN_POINT ( 'NONE',  ( 3.850000000000010303, -4.499999999999997335, 1.625000000000000222 ) ) ;
#1096 = EDGE_CURVE ( 'NONE', #639, #1557, #329, .T. ) ;
#1097 = ORIENTED_EDGE ( 'NONE', *, *, #888, .F. ) ;
#1098 = ORIENTED_EDGE ( 'NONE', *, *, #753, .T. ) ;
#1099 = PRESENTATION_LAYER_ASSIGNMENT (  '', '', ( #1795 ) ) ;
#1100 = CARTESIAN_POINT ( 'NONE',  ( -6.000000000000000000, -4.099999999999997868, -2.000000000000000000 ) ) ;
#1101 = ORIENTED_EDGE ( 'NONE', *, *, #315, .F. ) ;
#1102 = SURFACE_SIDE_STYLE ('',( #763 ) ) ;
#1103 = PRESENTATION_LAYER_ASSIGNMENT (  '', '', ( #1093 ) ) ;
#1104 = VERTEX_POINT ( 'NONE', #1655 ) ;
#1105 = CARTESIAN_POINT ( 'NONE',  ( 6.500000000000004441, -4.099999999999997868, 1.625000000000000444 ) ) ;
#1106 = DIRECTION ( 'NONE',  ( 0.000000000000000000, -2.710505431213760592E-16, -1.000000000000000000 ) ) ;
#1107 = CARTESIAN_POINT ( 'NONE',  ( 6.499999999999999112, 4.000000000000001776, 2.000000000000000000 ) ) ;
#1108 = VECTOR ( 'NONE', #1286, 1000.000000000000000 ) ;
#1109 = SURFACE_STYLE_FILL_AREA ( #381 ) ;
#1110 = EDGE_CURVE ( 'NONE', #233, #1730, #948, .T. ) ;
#1111 = SURFACE_SIDE_STYLE ('',( #1672 ) ) ;
#1112 = VECTOR ( 'NONE', #103, 1000.000000000000000 ) ;
#1113 = ADVANCED_FACE ( 'NONE', ( #586 ), #423, .T. ) ;
#1114 = FILL_AREA_STYLE_COLOUR ( '', #861 ) ;
#1115 = AXIS2_PLACEMENT_3D ( 'NONE', #842, #1712, #545 ) ;
#1116 = DIRECTION ( 'NONE',  ( -1.000000000000000000, -1.334402673828313586E-16, 3.616905694837807801E-32 ) ) ;
#1117 = AXIS2_PLACEMENT_3D ( 'NONE', #58, #661, #1798 ) ;
#1118 = FILL_AREA_STYLE ('',( #394 ) ) ;
#1119 = VECTOR ( 'NONE', #821, 1000.000000000000000 ) ;
#1120 = CARTESIAN_POINT ( 'NONE',  ( -6.000000000000000000, 4.000000000000000000, 2.000000000000000000 ) ) ;
#1121 = PRESENTATION_STYLE_ASSIGNMENT (( #219 ) ) ;
#1122 = FILL_AREA_STYLE_COLOUR ( '', #913 ) ;
#1123 = ORIENTED_EDGE ( 'NONE', *, *, #184, .F. ) ;
#1124 = ADVANCED_FACE ( 'NONE', ( #468 ), #1522, .T. ) ;
#1125 = EDGE_LOOP ( 'NONE', ( #1647, #1353, #961, #828 ) ) ;
#1126 = STYLED_ITEM ( 'NONE', ( #433 ), #244 ) ;
#1127 =( LENGTH_UNIT ( ) NAMED_UNIT ( * ) SI_UNIT ( .MILLI., .METRE. ) );
#1128 = VERTEX_POINT ( 'NONE', #1053 ) ;
#1129 =( NAMED_UNIT ( * ) PLANE_ANGLE_UNIT ( ) SI_UNIT ( $, .RADIAN. ) );
#1130 = MECHANICAL_DESIGN_GEOMETRIC_PRESENTATION_REPRESENTATION (  '', ( #1033 ), #1555 ) ;
#1131 = FACE_OUTER_BOUND ( 'NONE', #1399, .T. ) ;
#1132 = FILL_AREA_STYLE_COLOUR ( '', #1207 ) ;
#1133 = CARTESIAN_POINT ( 'NONE',  ( -3.850000000000004086, -4.499999999999998224, 2.000000000000000000 ) ) ;
#1134 = DIRECTION ( 'NONE',  ( -0.7071067811865441310, -0.7071067811865510144, -0.000000000000000000 ) ) ;
#1135 = PRESENTATION_STYLE_ASSIGNMENT (( #1321 ) ) ;
#1136 = EDGE_CURVE ( 'NONE', #738, #639, #1295, .T. ) ;
#1137 = SPHERICAL_SURFACE ( 'NONE', #1115, 0.5000000000000000000 ) ;
#1138 = COLOUR_RGB ( '',0.000000000000000000, 0.5294117647058823595, 1.000000000000000000 ) ;
#1139 = SURFACE_STYLE_USAGE ( .BOTH. , #855 ) ;
#1140 = MECHANICAL_DESIGN_GEOMETRIC_PRESENTATION_REPRESENTATION (  '', ( #1628 ), #1844 ) ;
#1141 = SURFACE_SIDE_STYLE ('',( #1269 ) ) ;
#1142 = SURFACE_STYLE_FILL_AREA ( #741 ) ;
#1143 =( NAMED_UNIT ( * ) PLANE_ANGLE_UNIT ( ) SI_UNIT ( $, .RADIAN. ) );
#1144 = FILL_AREA_STYLE ('',( #1122 ) ) ;
#1145 = PRESENTATION_LAYER_ASSIGNMENT (  '', '', ( #647 ) ) ;
#1146 = VECTOR ( 'NONE', #90, 1000.000000000000000 ) ;
#1147 = PLANE ( 'NONE',  #1003 ) ;
#1148 =( NAMED_UNIT ( * ) PLANE_ANGLE_UNIT ( ) SI_UNIT ( $, .RADIAN. ) );
#1149 = ORIENTED_EDGE ( 'NONE', *, *, #16, .T. ) ;
#1150 = CARTESIAN_POINT ( 'NONE',  ( -6.000000000000000000, 4.000000000000000000, 1.500000000000000000 ) ) ;
#1151 = DIRECTION ( 'NONE',  ( -0.000000000000000000, -0.000000000000000000, 1.000000000000000000 ) ) ;
#1152 = EDGE_CURVE ( 'NONE', #166, #1713, #221, .T. ) ;
#1153 = VERTEX_POINT ( 'NONE', #1769 ) ;
#1154 = UNCERTAINTY_MEASURE_WITH_UNIT (LENGTH_MEASURE( 1.000000000000000082E-05 ), #862, 'distance_accuracy_value', 'NONE');
#1155 = ORIENTED_EDGE ( 'NONE', *, *, #914, .T. ) ;
#1156 = AXIS2_PLACEMENT_3D ( 'NONE', #1718, #722, #1869 ) ;
#1157 = UNCERTAINTY_MEASURE_WITH_UNIT (LENGTH_MEASURE( 1.000000000000000082E-05 ), #835, 'distance_accuracy_value', 'NONE');
#1158 = FILL_AREA_STYLE_COLOUR ( '', #1478 ) ;
#1159 = FILL_AREA_STYLE_COLOUR ( '', #132 ) ;
#1160 = PRESENTATION_LAYER_ASSIGNMENT (  '', '', ( #1508 ) ) ;
#1161 = CARTESIAN_POINT ( 'NONE',  ( -6.000000000000000000, 4.500000000000000888, -1.500000000000000000 ) ) ;
#1162 =( NAMED_UNIT ( * ) SI_UNIT ( $, .STERADIAN. ) SOLID_ANGLE_UNIT ( ) );
#1163 = SURFACE_STYLE_USAGE ( .BOTH. , #1171 ) ;
#1164 =( LENGTH_UNIT ( ) NAMED_UNIT ( * ) SI_UNIT ( .MILLI., .METRE. ) );
#1165 = DIRECTION ( 'NONE',  ( 0.000000000000000000, 0.000000000000000000, 1.000000000000000000 ) ) ;
#1166 = SURFACE_STYLE_FILL_AREA ( #373 ) ;
#1167 = STYLED_ITEM ( 'NONE', ( #529 ), #354 ) ;
#1168 = CYLINDRICAL_SURFACE ( 'NONE', #210, 0.5000000000000000000 ) ;
#1169 = FILL_AREA_STYLE ('',( #1114 ) ) ;
#1170 = MECHANICAL_DESIGN_GEOMETRIC_PRESENTATION_REPRESENTATION (  '', ( #1419 ), #213 ) ;
#1171 = SURFACE_SIDE_STYLE ('',( #630 ) ) ;
#1172 = FILL_AREA_STYLE_COLOUR ( '', #1424 ) ;
#1173 = LINE ( 'NONE', #1409, #319 ) ;
#1174 =( LENGTH_UNIT ( ) NAMED_UNIT ( * ) SI_UNIT ( .MILLI., .METRE. ) );
#1175 = ORIENTED_EDGE ( 'NONE', *, *, #591, .T. ) ;
#1176 = ORIENTED_EDGE ( 'NONE', *, *, #1850, .F. ) ;
#1177 =( LENGTH_UNIT ( ) NAMED_UNIT ( * ) SI_UNIT ( .MILLI., .METRE. ) );
#1178 = ORIENTED_EDGE ( 'NONE', *, *, #1047, .T. ) ;
#1179 = CARTESIAN_POINT ( 'NONE',  ( 0.000000000000000000, 0.000000000000000000, 0.000000000000000000 ) ) ;
#1180 = VERTEX_POINT ( 'NONE', #1639 ) ;
#1181 = DIRECTION ( 'NONE',  ( -0.000000000000000000, -0.000000000000000000, 1.000000000000000000 ) ) ;
#1182 = DIRECTION ( 'NONE',  ( 1.000000000000000000, 0.000000000000000000, 0.000000000000000000 ) ) ;
#1183 = UNCERTAINTY_MEASURE_WITH_UNIT (LENGTH_MEASURE( 1.000000000000000082E-05 ), #614, 'distance_accuracy_value', 'NONE');
#1184 = EDGE_CURVE ( 'NONE', #1766, #617, #197, .T. ) ;
#1185 = SURFACE_STYLE_USAGE ( .BOTH. , #1611 ) ;
#1186 = PRESENTATION_STYLE_ASSIGNMENT (( #571 ) ) ;
#1187 = PRESENTATION_LAYER_ASSIGNMENT (  '', '', ( #523 ) ) ;
#1188 = PRESENTATION_STYLE_ASSIGNMENT (( #1185 ) ) ;
#1189 = VECTOR ( 'NONE', #1793, 1000.000000000000000 ) ;
#1190 = FILL_AREA_STYLE_COLOUR ( '', #247 ) ;
#1191 = EDGE_CURVE ( 'NONE', #258, #1236, #1693, .T. ) ;
#1192 = CARTESIAN_POINT ( 'NONE',  ( -6.000000000000000000, -4.099999999999997868, 2.000000000000000000 ) ) ;
#1193 = STYLED_ITEM ( 'NONE', ( #499 ), #539 ) ;
#1194 = FILL_AREA_STYLE ('',( #1190 ) ) ;
#1195 = ORIENTED_EDGE ( 'NONE', *, *, #1406, .T. ) ;
#1196 = CARTESIAN_POINT ( 'NONE',  ( -5.299999999999998046, -9.499999999999998224, -6.123233995736766282E-16 ) ) ;
#1197 = ORIENTED_EDGE ( 'NONE', *, *, #618, .F. ) ;
#1198 = ORIENTED_EDGE ( 'NONE', *, *, #1466, .F. ) ;
#1199 = ORIENTED_EDGE ( 'NONE', *, *, #306, .F. ) ;
#1200 = DIRECTION ( 'NONE',  ( -1.000000000000000000, -1.334402673828313586E-16, 3.616905694837807801E-32 ) ) ;
#1201 = STYLED_ITEM ( 'NONE', ( #1246 ), #949 ) ;
#1202 = VECTOR ( 'NONE', #281, 1000.000000000000000 ) ;
#1203 = DIRECTION ( 'NONE',  ( 0.7071067811865430208, 0.7071067811865521247, 0.000000000000000000 ) ) ;
#1204 = PRESENTATION_STYLE_ASSIGNMENT (( #1163 ) ) ;
#1205 =( LENGTH_UNIT ( ) NAMED_UNIT ( * ) SI_UNIT ( .MILLI., .METRE. ) );
#1206 = CARTESIAN_POINT ( 'NONE',  ( -4.699999999999998401, -9.499999999999998224, -5.755839955992559655E-16 ) ) ;
#1207 = COLOUR_RGB ( '',0.000000000000000000, 0.5294117647058823595, 1.000000000000000000 ) ;
#1208 = CARTESIAN_POINT ( 'NONE',  ( 6.499999999999999112, -4.499999999999997335, -1.624999999999999334 ) ) ;
#1209 =( NAMED_UNIT ( * ) PLANE_ANGLE_UNIT ( ) SI_UNIT ( $, .RADIAN. ) );
#1210 = PRESENTATION_LAYER_ASSIGNMENT (  '', '', ( #1628 ) ) ;
#1211 = EDGE_LOOP ( 'NONE', ( #145, #736, #986, #1711 ) ) ;
#1212 = DIRECTION ( 'NONE',  ( 0.000000000000000000, 0.000000000000000000, 1.000000000000000000 ) ) ;
#1213 = VERTEX_POINT ( 'NONE', #194 ) ;
#1214 = STYLED_ITEM ( 'NONE', ( #1669 ), #1670 ) ;
#1215 = ORIENTED_EDGE ( 'NONE', *, *, #1500, .T. ) ;
#1216 = DIRECTION ( 'NONE',  ( 1.000000000000000000, -0.000000000000000000, 0.000000000000000000 ) ) ;
#1217 = FILL_AREA_STYLE_COLOUR ( '', #995 ) ;
#1218 = ORIENTED_EDGE ( 'NONE', *, *, #1500, .F. ) ;
#1219 =( NAMED_UNIT ( * ) SI_UNIT ( $, .STERADIAN. ) SOLID_ANGLE_UNIT ( ) );
#1220 = FILL_AREA_STYLE ('',( #332 ) ) ;
#1221 = VECTOR ( 'NONE', #778, 1000.000000000000000 ) ;
#1222 = STYLED_ITEM ( 'NONE', ( #904 ), #1233 ) ;
#1223 = LINE ( 'NONE', #575, #271 ) ;
#1224 = CARTESIAN_POINT ( 'NONE',  ( -5.299999999999998046, -4.099999999999999645, -6.123233995736766282E-16 ) ) ;
#1225 = UNCERTAINTY_MEASURE_WITH_UNIT (LENGTH_MEASURE( 1.000000000000000082E-05 ), #1275, 'distance_accuracy_value', 'NONE');
#1226 = CARTESIAN_POINT ( 'NONE',  ( 2.200000000000002398, -4.099999999999997868, -2.000000000000000000 ) ) ;
#1227 = UNCERTAINTY_MEASURE_WITH_UNIT (LENGTH_MEASURE( 1.000000000000000082E-05 ), #1530, 'distance_accuracy_value', 'NONE');
#1228 = DIRECTION ( 'NONE',  ( -0.7071067811865441310, -0.7071067811865509034, 0.000000000000000000 ) ) ;
#1229 = ORIENTED_EDGE ( 'NONE', *, *, #1047, .F. ) ;
#1230 = FILL_AREA_STYLE ('',( #217 ) ) ;
#1231 = PRESENTATION_LAYER_ASSIGNMENT (  '', '', ( #59 ) ) ;
#1232 = ORIENTED_EDGE ( 'NONE', *, *, #1413, .F. ) ;
#1233 = ADVANCED_FACE ( 'NONE', ( #1775 ), #1041, .T. ) ;
#1234 = CARTESIAN_POINT ( 'NONE',  ( 4.700000000000001954, -4.099999999999996980, 6.123233995736766282E-16 ) ) ;
#1235 = PRODUCT_DEFINITION_FORMATION_WITH_SPECIFIED_SOURCE ( 'ANY', '', #1329, .NOT_KNOWN. ) ;
#1236 = VERTEX_POINT ( 'NONE', #67 ) ;
#1237 = CARTESIAN_POINT ( 'NONE',  ( -4.249999999999996447, -4.099999999999997868, -1.624999999999999556 ) ) ;
#1238 = FILL_AREA_STYLE_COLOUR ( '', #1247 ) ;
#1239 = DIRECTION ( 'NONE',  ( -0.7071067811865521247, 0.7071067811865430208, -0.000000000000000000 ) ) ;
#1240 = SURFACE_STYLE_FILL_AREA ( #1230 ) ;
#1241 = EDGE_CURVE ( 'NONE', #738, #688, #1289, .T. ) ;
#1242 = CARTESIAN_POINT ( 'NONE',  ( 3.850000000000007638, -4.499999999999998224, -2.000000000000000000 ) ) ;
#1243 = CARTESIAN_POINT ( 'NONE',  ( 2.200000000000002398, -4.099999999999997868, 2.000000000000000000 ) ) ;
#1244 = PRESENTATION_LAYER_ASSIGNMENT (  '', '', ( #1780 ) ) ;
#1245 = PLANE ( 'NONE',  #1117 ) ;
#1246 = PRESENTATION_STYLE_ASSIGNMENT (( #152 ) ) ;
#1247 = COLOUR_RGB ( '',0.000000000000000000, 0.5294117647058823595, 1.000000000000000000 ) ;
#1248 = CARTESIAN_POINT ( 'NONE',  ( 2.600000000000007638, -4.499999999999998224, 1.625000000000000222 ) ) ;
#1249 = SPHERICAL_SURFACE ( 'NONE', #680, 0.5000000000000000000 ) ;
#1250 = AXIS2_PLACEMENT_3D ( 'NONE', #941, #1106, #1094 ) ;
#1251 =( NAMED_UNIT ( * ) PLANE_ANGLE_UNIT ( ) SI_UNIT ( $, .RADIAN. ) );
#1252 = CARTESIAN_POINT ( 'NONE',  ( 5.999999999999998224, 4.500000000000002665, 2.000000000000000000 ) ) ;
#1253 = SURFACE_SIDE_STYLE ('',( #1024 ) ) ;
#1254 =( NAMED_UNIT ( * ) PLANE_ANGLE_UNIT ( ) SI_UNIT ( $, .RADIAN. ) );
#1255 = SURFACE_STYLE_FILL_AREA ( #675 ) ;
#1256 =( NAMED_UNIT ( * ) PLANE_ANGLE_UNIT ( ) SI_UNIT ( $, .RADIAN. ) );
#1257 = ORIENTED_EDGE ( 'NONE', *, *, #134, .T. ) ;
#1258 = AXIS2_PLACEMENT_3D ( 'NONE', #82, #1834, #953 ) ;
#1259 = ORIENTED_EDGE ( 'NONE', *, *, #1528, .T. ) ;
#1260 = PLANE ( 'NONE',  #1156 ) ;
#1261 = FILL_AREA_STYLE_COLOUR ( '', #837 ) ;
#1262 = ORIENTED_EDGE ( 'NONE', *, *, #1279, .T. ) ;
#1263 = AXIS2_PLACEMENT_3D ( 'NONE', #1645, #1203, #486 ) ;
#1264 = FILL_AREA_STYLE ('',( #1701 ) ) ;
#1265 = SURFACE_STYLE_USAGE ( .BOTH. , #248 ) ;
#1266 = CARTESIAN_POINT ( 'NONE',  ( 6.499999999999999112, -4.499999999999997335, -1.624999999999999334 ) ) ;
#1267 = COLOUR_RGB ( '',0.000000000000000000, 0.5294117647058823595, 1.000000000000000000 ) ;
#1268 = CARTESIAN_POINT ( 'NONE',  ( -2.600000000000003197, -4.499999999999999112, 1.625000000000000666 ) ) ;
#1269 = SURFACE_STYLE_FILL_AREA ( #119 ) ;
#1270 = EDGE_CURVE ( 'NONE', #774, #1713, #1544, .T. ) ;
#1271 = CYLINDRICAL_SURFACE ( 'NONE', #292, 0.5000000000000004441 ) ;
#1272 = SURFACE_SIDE_STYLE ('',( #496 ) ) ;
#1273 =( NAMED_UNIT ( * ) SI_UNIT ( $, .STERADIAN. ) SOLID_ANGLE_UNIT ( ) );
#1274 = FILL_AREA_STYLE ('',( #984 ) ) ;
#1275 =( LENGTH_UNIT ( ) NAMED_UNIT ( * ) SI_UNIT ( .MILLI., .METRE. ) );
#1276 = CARTESIAN_POINT ( 'NONE',  ( -3.850000000000000977, -4.499999999999999112, 1.625000000000000222 ) ) ;
#1277 = ORIENTED_EDGE ( 'NONE', *, *, #488, .F. ) ;
#1278 = CARTESIAN_POINT ( 'NONE',  ( 3.850000000000010303, -4.499999999999997335, -1.624999999999999334 ) ) ;
#1279 = EDGE_CURVE ( 'NONE', #1557, #189, #1847, .T. ) ;
#1280 = ORIENTED_EDGE ( 'NONE', *, *, #1466, .T. ) ;
#1281 = MECHANICAL_DESIGN_GEOMETRIC_PRESENTATION_REPRESENTATION (  '', ( #86 ), #1761 ) ;
#1282 = ORIENTED_EDGE ( 'NONE', *, *, #66, .T. ) ;
#1283 = DIRECTION ( 'NONE',  ( -0.7071067811865433539, 0.7071067811865516806, 0.000000000000000000 ) ) ;
#1284 = MECHANICAL_DESIGN_GEOMETRIC_PRESENTATION_REPRESENTATION (  '', ( #534 ), #1825 ) ;
#1285 = ORIENTED_EDGE ( 'NONE', *, *, #1110, .T. ) ;
#1286 = DIRECTION ( 'NONE',  ( -0.000000000000000000, -0.000000000000000000, 1.000000000000000000 ) ) ;
#1287 = CARTESIAN_POINT ( 'NONE',  ( -2.199999999999999289, -4.099999999999998757, 2.000000000000000000 ) ) ;
#1288 = UNCERTAINTY_MEASURE_WITH_UNIT (LENGTH_MEASURE( 1.000000000000000082E-05 ), #370, 'distance_accuracy_value', 'NONE');
#1289 = LINE ( 'NONE', #1064, #625 ) ;
#1290 = AXIS2_PLACEMENT_3D ( 'NONE', #422, #1004, #1720 ) ;
#1291 = CIRCLE ( 'NONE', #606, 0.5000000000000000000 ) ;
#1292 = UNCERTAINTY_MEASURE_WITH_UNIT (LENGTH_MEASURE( 1.000000000000000082E-05 ), #304, 'distance_accuracy_value', 'NONE');
#1293 = DIRECTION ( 'NONE',  ( -0.7071067811865516806, -0.7071067811865434649, 0.000000000000000000 ) ) ;
#1294 = APPLICATION_PROTOCOL_DEFINITION ( 'draft international standard', 'automotive_design', 1998, #429 ) ;
#1295 = CIRCLE ( 'NONE', #1457, 0.5000000000000000000 ) ;
#1296 = VECTOR ( 'NONE', #1181, 1000.000000000000000 ) ;
#1297 =( NAMED_UNIT ( * ) PLANE_ANGLE_UNIT ( ) SI_UNIT ( $, .RADIAN. ) );
#1298 = SURFACE_STYLE_USAGE ( .BOTH. , #1726 ) ;
#1299 = LINE ( 'NONE', #814, #1189 ) ;
#1300 = EDGE_CURVE ( 'NONE', #774, #621, #516, .T. ) ;
#1301 = PRESENTATION_STYLE_ASSIGNMENT (( #1402 ) ) ;
#1302 =( NAMED_UNIT ( * ) PLANE_ANGLE_UNIT ( ) SI_UNIT ( $, .RADIAN. ) );
#1303 =( GEOMETRIC_REPRESENTATION_CONTEXT ( 3 ) GLOBAL_UNCERTAINTY_ASSIGNED_CONTEXT ( ( #1813 ) ) GLOBAL_UNIT_ASSIGNED_CONTEXT ( ( #876, #1302, #1606 ) ) REPRESENTATION_CONTEXT ( 'NONE', 'WORKASPACE' ) );
#1304 = LINE ( 'NONE', #717, #820 ) ;
#1305 = VECTOR ( 'NONE', #412, 1000.000000000000000 ) ;
#1306 = SURFACE_SIDE_STYLE ('',( #698 ) ) ;
#1307 = CARTESIAN_POINT ( 'NONE',  ( 4.250000000000003553, -4.099999999999997868, 2.000000000000000000 ) ) ;
#1308 = ORIENTED_EDGE ( 'NONE', *, *, #888, .T. ) ;
#1309 = ORIENTED_EDGE ( 'NONE', *, *, #257, .T. ) ;
#1310 = CARTESIAN_POINT ( 'NONE',  ( -3.850000000000004086, -4.499999999999998224, -2.000000000000000000 ) ) ;
#1311 = EDGE_CURVE ( 'NONE', #215, #774, #242, .T. ) ;
#1312 = EDGE_LOOP ( 'NONE', ( #77, #1175, #117, #602, #663, #826, #1664, #1823, #385, #1789, #1608, #322 ) ) ;
#1313 = EDGE_LOOP ( 'NONE', ( #106, #1257, #1687 ) ) ;
#1314 = STYLED_ITEM ( 'NONE', ( #1594 ), #815 ) ;
#1315 = CARTESIAN_POINT ( 'NONE',  ( 5.999999999999998224, -4.099999999999997868, -2.000000000000000000 ) ) ;
#1316 = CARTESIAN_POINT ( 'NONE',  ( 2.200000000000004174, -4.099999999999997868, -1.624999999999999556 ) ) ;
#1317 = CARTESIAN_POINT ( 'NONE',  ( 3.850000000000007638, -4.499999999999998224, -2.000000000000000000 ) ) ;
#1318 = DIRECTION ( 'NONE',  ( 1.971276677246371272E-16, -1.000000000000000000, -0.000000000000000000 ) ) ;
#1319 = VECTOR ( 'NONE', #752, 999.9999999999998863 ) ;
#1320 = VECTOR ( 'NONE', #1116, 1000.000000000000000 ) ;
#1321 = SURFACE_STYLE_USAGE ( .BOTH. , #15 ) ;
#1322 = PRODUCT_CONTEXT ( 'NONE', #1597, 'mechanical' ) ;
#1323 = PRESENTATION_STYLE_ASSIGNMENT (( #1674 ) ) ;
#1324 = EDGE_CURVE ( 'NONE', #1009, #69, #608, .T. ) ;
#1325 = PLANE ( 'NONE',  #1326 ) ;
#1326 = AXIS2_PLACEMENT_3D ( 'NONE', #17, #168, #1045 ) ;
#1327 = DIRECTION ( 'NONE',  ( 1.334402673828313586E-16, -1.000000000000000000, 0.000000000000000000 ) ) ;
#1328 = LINE ( 'NONE', #761, #703 ) ;
#1329 = PRODUCT ( 'B32921C3103M189', 'B32921C3103M189', '', ( #1322 ) ) ;
#1330 = AXIS2_PLACEMENT_3D ( 'NONE', #1486, #442, #605 ) ;
#1331 = FACE_OUTER_BOUND ( 'NONE', #1125, .T. ) ;
#1332 = CARTESIAN_POINT ( 'NONE',  ( 6.499999999999999112, 4.500000000000002665, 1.500000000000000000 ) ) ;
#1333 = ORIENTED_EDGE ( 'NONE', *, *, #1382, .T. ) ;
#1334 = PLANE ( 'NONE',  #225 ) ;
#1335 = VERTEX_POINT ( 'NONE', #78 ) ;
#1336 = VERTEX_POINT ( 'NONE', #1234 ) ;
#1337 = CARTESIAN_POINT ( 'NONE',  ( 5.000000000000000888, -4.099999999999996980, 6.123233995736766282E-16 ) ) ;
#1338 =( GEOMETRIC_REPRESENTATION_CONTEXT ( 3 ) GLOBAL_UNCERTAINTY_ASSIGNED_CONTEXT ( ( #831 ) ) GLOBAL_UNIT_ASSIGNED_CONTEXT ( ( #1205, #475, #915 ) ) REPRESENTATION_CONTEXT ( 'NONE', 'WORKASPACE' ) );
#1339 = FILL_AREA_STYLE_COLOUR ( '', #609 ) ;
#1340 = LINE ( 'NONE', #1317, #1404 ) ;
#1341 = DIRECTION ( 'NONE',  ( 0.000000000000000000, 0.000000000000000000, -1.000000000000000000 ) ) ;
#1342 = PRESENTATION_STYLE_ASSIGNMENT (( #1265 ) ) ;
#1343 = FILL_AREA_STYLE ('',( #171 ) ) ;
#1344 = CIRCLE ( 'NONE', #745, 0.5000000000000004441 ) ;
#1345 = DIRECTION ( 'NONE',  ( -1.334402673828313586E-16, 1.000000000000000000, 0.000000000000000000 ) ) ;
#1346 = CARTESIAN_POINT ( 'NONE',  ( 6.500000000000004441, -4.899999999999997691, -1.624999999999999334 ) ) ;
#1347 = MECHANICAL_DESIGN_GEOMETRIC_PRESENTATION_REPRESENTATION (  '', ( #1430 ), #427 ) ;
#1348 =( NAMED_UNIT ( * ) PLANE_ANGLE_UNIT ( ) SI_UNIT ( $, .RADIAN. ) );
#1349 = STYLED_ITEM ( 'NONE', ( #521 ), #1698 ) ;
#1350 =( NAMED_UNIT ( * ) SI_UNIT ( $, .STERADIAN. ) SOLID_ANGLE_UNIT ( ) );
#1351 = VERTEX_POINT ( 'NONE', #1095 ) ;
#1352 = CARTESIAN_POINT ( 'NONE',  ( -6.500000000000000888, -4.099999999999997868, -1.500000000000000000 ) ) ;
#1353 = ORIENTED_EDGE ( 'NONE', *, *, #1066, .T. ) ;
#1354 = ORIENTED_EDGE ( 'NONE', *, *, #1614, .F. ) ;
#1355 = PRODUCT_DEFINITION_SHAPE ( 'NONE', 'NONE',  #1497 ) ;
#1356 =( NAMED_UNIT ( * ) PLANE_ANGLE_UNIT ( ) SI_UNIT ( $, .RADIAN. ) );
#1357 =( NAMED_UNIT ( * ) SI_UNIT ( $, .STERADIAN. ) SOLID_ANGLE_UNIT ( ) );
#1358 =( GEOMETRIC_REPRESENTATION_CONTEXT ( 3 ) GLOBAL_UNCERTAINTY_ASSIGNED_CONTEXT ( ( #1810 ) ) GLOBAL_UNIT_ASSIGNED_CONTEXT ( ( #1439, #547, #852 ) ) REPRESENTATION_CONTEXT ( 'NONE', 'WORKASPACE' ) );
#1359 = PLANE ( 'NONE',  #1641 ) ;
#1360 = DIRECTION ( 'NONE',  ( -1.000000000000000000, 0.000000000000000000, 0.000000000000000000 ) ) ;
#1361 =( GEOMETRIC_REPRESENTATION_CONTEXT ( 3 ) GLOBAL_UNCERTAINTY_ASSIGNED_CONTEXT ( ( #1703 ) ) GLOBAL_UNIT_ASSIGNED_CONTEXT ( ( #1032, #298, #1474 ) ) REPRESENTATION_CONTEXT ( 'NONE', 'WORKASPACE' ) );
#1362 = VECTOR ( 'NONE', #659, 1000.000000000000000 ) ;
#1363 = VECTOR ( 'NONE', #1595, 1000.000000000000000 ) ;
#1364 =( LENGTH_UNIT ( ) NAMED_UNIT ( * ) SI_UNIT ( .MILLI., .METRE. ) );
#1365 = FACE_OUTER_BOUND ( 'NONE', #1627, .T. ) ;
#1366 = CARTESIAN_POINT ( 'NONE',  ( 6.499999999999999112, -4.499999999999997335, 2.000000000000000000 ) ) ;
#1367 = CARTESIAN_POINT ( 'NONE',  ( 6.500000000000004441, -4.899999999999997691, 1.625000000000000222 ) ) ;
#1368 = PRESENTATION_STYLE_ASSIGNMENT (( #515 ) ) ;
#1369 = EDGE_CURVE ( 'NONE', #149, #1336, #80, .T. ) ;
#1370 = CARTESIAN_POINT ( 'NONE',  ( -2.199999999999999289, -4.099999999999998757, -2.000000000000000000 ) ) ;
#1371 = PLANE ( 'NONE',  #76 ) ;
#1372 =( NAMED_UNIT ( * ) SI_UNIT ( $, .STERADIAN. ) SOLID_ANGLE_UNIT ( ) );
#1373 = ADVANCED_FACE ( 'NONE', ( #1867 ), #92, .F. ) ;
#1374 = VECTOR ( 'NONE', #1526, 1000.000000000000000 ) ;
#1375 = VERTEX_POINT ( 'NONE', #1676 ) ;
#1376 = AXIS2_PLACEMENT_3D ( 'NONE', #1179, #418, #1737 ) ;
#1377 = ORIENTED_EDGE ( 'NONE', *, *, #1012, .T. ) ;
#1378 = PLANE ( 'NONE',  #1504 ) ;
#1379 = SURFACE_STYLE_USAGE ( .BOTH. , #1253 ) ;
#1380 = VERTEX_POINT ( 'NONE', #1010 ) ;
#1381 =( LENGTH_UNIT ( ) NAMED_UNIT ( * ) SI_UNIT ( .MILLI., .METRE. ) );
#1382 = EDGE_CURVE ( 'NONE', #1351, #1713, #1340, .T. ) ;
#1383 =( NAMED_UNIT ( * ) SI_UNIT ( $, .STERADIAN. ) SOLID_ANGLE_UNIT ( ) );
#1384 = ADVANCED_FACE ( 'NONE', ( #716 ), #992, .F. ) ;
#1385 = DIRECTION ( 'NONE',  ( -0.000000000000000000, -0.000000000000000000, 1.000000000000000000 ) ) ;
#1386 = PRESENTATION_LAYER_ASSIGNMENT (  '', '', ( #538 ) ) ;
#1387 = VECTOR ( 'NONE', #1515, 1000.000000000000000 ) ;
#1388 =( NAMED_UNIT ( * ) PLANE_ANGLE_UNIT ( ) SI_UNIT ( $, .RADIAN. ) );
#1389 = LINE ( 'NONE', #863, #1296 ) ;
#1390 =( LENGTH_UNIT ( ) NAMED_UNIT ( * ) SI_UNIT ( .MILLI., .METRE. ) );
#1391 = SURFACE_SIDE_STYLE ('',( #594 ) ) ;
#1392 = MECHANICAL_DESIGN_GEOMETRIC_PRESENTATION_REPRESENTATION (  '', ( #647 ), #1303 ) ;
#1393 = PLANE ( 'NONE',  #1410 ) ;
#1394 = LINE ( 'NONE', #1538, #1001 ) ;
#1395 = SURFACE_STYLE_USAGE ( .BOTH. , #107 ) ;
#1396 = EDGE_CURVE ( 'NONE', #1375, #1537, #785, .T. ) ;
#1397 =( LENGTH_UNIT ( ) NAMED_UNIT ( * ) SI_UNIT ( .MILLI., .METRE. ) );
#1398 = SURFACE_STYLE_USAGE ( .BOTH. , #238 ) ;
#1399 = EDGE_LOOP ( 'NONE', ( #487, #461 ) ) ;
#1400 = ORIENTED_EDGE ( 'NONE', *, *, #284, .F. ) ;
#1401 = ADVANCED_FACE ( 'NONE', ( #1773 ), #269, .F. ) ;
#1402 = SURFACE_STYLE_USAGE ( .BOTH. , #87 ) ;
#1403 = CARTESIAN_POINT ( 'NONE',  ( -6.000000000000000000, -4.499999999999999112, -1.500000000000000000 ) ) ;
#1404 = VECTOR ( 'NONE', #1438, 1000.000000000000000 ) ;
#1405 = VECTOR ( 'NONE', #525, 999.9999999999998863 ) ;
#1406 = EDGE_CURVE ( 'NONE', #215, #1351, #1589, .T. ) ;
#1407 = DIRECTION ( 'NONE',  ( 0.000000000000000000, 1.000000000000000000, 0.000000000000000000 ) ) ;
#1408 = MECHANICAL_DESIGN_GEOMETRIC_PRESENTATION_REPRESENTATION (  '', ( #1780 ), #1691 ) ;
#1409 = CARTESIAN_POINT ( 'NONE',  ( 2.200000000000002398, -4.099999999999997868, -2.000000000000000000 ) ) ;
#1410 = AXIS2_PLACEMENT_3D ( 'NONE', #546, #1283, #249 ) ;
#1411 = FILL_AREA_STYLE ('',( #1132 ) ) ;
#1412 = CARTESIAN_POINT ( 'NONE',  ( 4.250000000000003553, -4.099999999999997868, 1.625000000000000666 ) ) ;
#1413 = EDGE_CURVE ( 'NONE', #1766, #1336, #1695, .T. ) ;
#1414 = ORIENTED_EDGE ( 'NONE', *, *, #841, .F. ) ;
#1415 = STYLED_ITEM ( 'NONE', ( #316 ), #500 ) ;
#1416 = VERTEX_POINT ( 'NONE', #704 ) ;
#1417 = CARTESIAN_POINT ( 'NONE',  ( 3.850000000000007638, -4.499999999999998224, 2.000000000000000000 ) ) ;
#1418 = ORIENTED_EDGE ( 'NONE', *, *, #1614, .T. ) ;
#1419 = STYLED_ITEM ( 'NONE', ( #447 ), #1113 ) ;
#1420 = DIRECTION ( 'NONE',  ( 1.000000000000000000, 1.334402673828313586E-16, 0.000000000000000000 ) ) ;
#1421 = ORIENTED_EDGE ( 'NONE', *, *, #284, .T. ) ;
#1422 = CARTESIAN_POINT ( 'NONE',  ( -6.000000000000000000, 4.000000000000000000, -2.000000000000000000 ) ) ;
#1423 = DIRECTION ( 'NONE',  ( -0.000000000000000000, -0.000000000000000000, 1.000000000000000000 ) ) ;
#1424 = COLOUR_RGB ( '',0.000000000000000000, 0.5294117647058823595, 1.000000000000000000 ) ;
#1425 = LINE ( 'NONE', #1206, #1042 ) ;
#1426 = UNCERTAINTY_MEASURE_WITH_UNIT (LENGTH_MEASURE( 1.000000000000000082E-05 ), #1058, 'distance_accuracy_value', 'NONE');
#1427 = EDGE_CURVE ( 'NONE', #1859, #416, #1635, .T. ) ;
#1428 =( LENGTH_UNIT ( ) NAMED_UNIT ( * ) SI_UNIT ( .MILLI., .METRE. ) );
#1429 = CARTESIAN_POINT ( 'NONE',  ( -4.999999999999999112, -4.099999999999999645, -6.123233995736766282E-16 ) ) ;
#1430 = STYLED_ITEM ( 'NONE', ( #1503 ), #657 ) ;
#1431 = FILL_AREA_STYLE_COLOUR ( '', #1759 ) ;
#1432 = DIRECTION ( 'NONE',  ( -0.000000000000000000, -0.000000000000000000, 1.000000000000000000 ) ) ;
#1433 = DIRECTION ( 'NONE',  ( -1.334402673828313586E-16, 1.000000000000000000, 0.000000000000000000 ) ) ;
#1434 =( GEOMETRIC_REPRESENTATION_CONTEXT ( 3 ) GLOBAL_UNCERTAINTY_ASSIGNED_CONTEXT ( ( #1705 ) ) GLOBAL_UNIT_ASSIGNED_CONTEXT ( ( #1026, #1463, #702 ) ) REPRESENTATION_CONTEXT ( 'NONE', 'WORKASPACE' ) );
#1435 = CARTESIAN_POINT ( 'NONE',  ( 5.999999999999998224, -4.099999999999997868, 2.000000000000000000 ) ) ;
#1436 = LINE ( 'NONE', #1746, #6 ) ;
#1437 = DIRECTION ( 'NONE',  ( -1.000000000000000000, -0.000000000000000000, -0.000000000000000000 ) ) ;
#1438 = DIRECTION ( 'NONE',  ( -0.000000000000000000, -0.000000000000000000, 1.000000000000000000 ) ) ;
#1439 =( LENGTH_UNIT ( ) NAMED_UNIT ( * ) SI_UNIT ( .MILLI., .METRE. ) );
#1440 = EDGE_CURVE ( 'NONE', #1557, #1751, #587, .T. ) ;
#1441 = ORIENTED_EDGE ( 'NONE', *, *, #16, .F. ) ;
#1442 = STYLED_ITEM ( 'NONE', ( #89 ), #676 ) ;
#1443 =( LENGTH_UNIT ( ) NAMED_UNIT ( * ) SI_UNIT ( .MILLI., .METRE. ) );
#1444 = EDGE_LOOP ( 'NONE', ( #710, #445, #303, #1734 ) ) ;
#1445 =( NAMED_UNIT ( * ) PLANE_ANGLE_UNIT ( ) SI_UNIT ( $, .RADIAN. ) );
#1446 = PRESENTATION_LAYER_ASSIGNMENT (  '', '', ( #1349 ) ) ;
#1447 = EDGE_LOOP ( 'NONE', ( #170, #1665, #1650, #305, #1149, #101, #1514, #1354, #1098, #1282, #1377, #891, #172, #1262, #190, #99, #1863, #776, #32, #1662, #104, #1735, #1489, #1685 ) ) ;
#1448 = FILL_AREA_STYLE ('',( #1172 ) ) ;
#1449 = DIRECTION ( 'NONE',  ( 0.000000000000000000, -1.000000000000000000, -0.000000000000000000 ) ) ;
#1450 = VERTEX_POINT ( 'NONE', #142 ) ;
#1451 = SURFACE_STYLE_FILL_AREA ( #4 ) ;
#1452 =( NAMED_UNIT ( * ) PLANE_ANGLE_UNIT ( ) SI_UNIT ( $, .RADIAN. ) );
#1453 = FILL_AREA_STYLE_COLOUR ( '', #313 ) ;
#1454 = SURFACE_SIDE_STYLE ('',( #633 ) ) ;
#1455 =( GEOMETRIC_REPRESENTATION_CONTEXT ( 3 ) GLOBAL_UNCERTAINTY_ASSIGNED_CONTEXT ( ( #218 ) ) GLOBAL_UNIT_ASSIGNED_CONTEXT ( ( #1174, #446, #889 ) ) REPRESENTATION_CONTEXT ( 'NONE', 'WORKASPACE' ) );
#1456 = SURFACE_STYLE_FILL_AREA ( #1169 ) ;
#1457 = AXIS2_PLACEMENT_3D ( 'NONE', #498, #44, #1212 ) ;
#1458 = DIRECTION ( 'NONE',  ( 1.000000000000000000, 0.000000000000000000, -0.000000000000000000 ) ) ;
#1459 =( NAMED_UNIT ( * ) SI_UNIT ( $, .STERADIAN. ) SOLID_ANGLE_UNIT ( ) );
#1460 = SURFACE_SIDE_STYLE ('',( #1142 ) ) ;
#1461 = FACE_OUTER_BOUND ( 'NONE', #1040, .T. ) ;
#1462 = CARTESIAN_POINT ( 'NONE',  ( 5.999999999999998224, 4.500000000000002665, 2.000000000000000000 ) ) ;
#1463 =( NAMED_UNIT ( * ) PLANE_ANGLE_UNIT ( ) SI_UNIT ( $, .RADIAN. ) );
#1464 = ORIENTED_EDGE ( 'NONE', *, *, #273, .F. ) ;
#1465 = CARTESIAN_POINT ( 'NONE',  ( -2.199999999999999289, -4.099999999999998757, -2.000000000000000000 ) ) ;
#1466 = EDGE_CURVE ( 'NONE', #1180, #69, #812, .T. ) ;
#1467 = ORIENTED_EDGE ( 'NONE', *, *, #1491, .F. ) ;
#1468 = ORIENTED_EDGE ( 'NONE', *, *, #753, .F. ) ;
#1469 = PRESENTATION_LAYER_ASSIGNMENT (  '', '', ( #296 ) ) ;
#1470 = DIRECTION ( 'NONE',  ( 0.000000000000000000, 0.000000000000000000, -1.000000000000000000 ) ) ;
#1471 = FILL_AREA_STYLE_COLOUR ( '', #1029 ) ;
#1472 = PRESENTATION_STYLE_ASSIGNMENT (( #61 ) ) ;
#1473 = FACE_OUTER_BOUND ( 'NONE', #757, .T. ) ;
#1474 =( NAMED_UNIT ( * ) SI_UNIT ( $, .STERADIAN. ) SOLID_ANGLE_UNIT ( ) );
#1475 = COLOUR_RGB ( '',0.000000000000000000, 0.5294117647058823595, 1.000000000000000000 ) ;
#1476 = EDGE_CURVE ( 'NONE', #617, #149, #1613, .T. ) ;
#1477 =( NAMED_UNIT ( * ) SI_UNIT ( $, .STERADIAN. ) SOLID_ANGLE_UNIT ( ) );
#1478 = COLOUR_RGB ( '',0.000000000000000000, 0.5294117647058823595, 1.000000000000000000 ) ;
#1479 = PRESENTATION_LAYER_ASSIGNMENT (  '', '', ( #86 ) ) ;
#1480 = SURFACE_STYLE_FILL_AREA ( #932 ) ;
#1481 = CIRCLE ( 'NONE', #399, 0.5000000000000000000 ) ;
#1482 = PRESENTATION_STYLE_ASSIGNMENT (( #425 ) ) ;
#1483 = SURFACE_SIDE_STYLE ('',( #1091 ) ) ;
#1484 =( GEOMETRIC_REPRESENTATION_CONTEXT ( 3 ) GLOBAL_UNCERTAINTY_ASSIGNED_CONTEXT ( ( #1154 ) ) GLOBAL_UNIT_ASSIGNED_CONTEXT ( ( #862, #1445, #128 ) ) REPRESENTATION_CONTEXT ( 'NONE', 'WORKASPACE' ) );
#1485 = UNCERTAINTY_MEASURE_WITH_UNIT (LENGTH_MEASURE( 1.000000000000000082E-05 ), #1839, 'distance_accuracy_value', 'NONE');
#1486 = CARTESIAN_POINT ( 'NONE',  ( -4.999999999999998224, -9.499999999999998224, -6.123233995736766282E-16 ) ) ;
#1487 = EDGE_LOOP ( 'NONE', ( #1101, #1771 ) ) ;
#1488 = UNCERTAINTY_MEASURE_WITH_UNIT (LENGTH_MEASURE( 1.000000000000000082E-05 ), #1177, 'distance_accuracy_value', 'NONE');
#1489 = ORIENTED_EDGE ( 'NONE', *, *, #816, .F. ) ;
#1490 = PLANE ( 'NONE',  #720 ) ;
#1491 = EDGE_CURVE ( 'NONE', #289, #324, #40, .T. ) ;
#1492 = CARTESIAN_POINT ( 'NONE',  ( 6.499999999999999112, -4.499999999999997335, -2.000000000000000000 ) ) ;
#1493 = EDGE_LOOP ( 'NONE', ( #212, #1039, #510, #875 ) ) ;
#1494 = STYLED_ITEM ( 'NONE', ( #1188 ), #1078 ) ;
#1495 = EDGE_LOOP ( 'NONE', ( #823, #556, #46 ) ) ;
#1496 = CARTESIAN_POINT ( 'NONE',  ( -3.850000000000003642, -4.499999999999999112, 1.625000000000000666 ) ) ;
#1497 = PRODUCT_DEFINITION ( 'UNKNOWN', '', #1235, #708 ) ;
#1498 = DIRECTION ( 'NONE',  ( -0.7071067811865441310, 0.7071067811865507924, -1.916616770854226424E-16 ) ) ;
#1499 = CARTESIAN_POINT ( 'NONE',  ( 5.000000000000001776, -9.499999999999998224, 6.123233995736766282E-16 ) ) ;
#1500 = EDGE_CURVE ( 'NONE', #1709, #604, #448, .T. ) ;
#1501 = FACE_OUTER_BOUND ( 'NONE', #1034, .T. ) ;
#1502 = SURFACE_SIDE_STYLE ('',( #669 ) ) ;
#1503 = PRESENTATION_STYLE_ASSIGNMENT (( #797 ) ) ;
#1504 = AXIS2_PLACEMENT_3D ( 'NONE', #1082, #203, #524 ) ;
#1505 = DIRECTION ( 'NONE',  ( 1.971276677246371272E-16, -1.000000000000000000, -0.000000000000000000 ) ) ;
#1506 = PRESENTATION_STYLE_ASSIGNMENT (( #588 ) ) ;
#1507 = DIRECTION ( 'NONE',  ( -1.000000000000000000, 0.000000000000000000, 0.000000000000000000 ) ) ;
#1508 = STYLED_ITEM ( 'NONE', ( #272 ), #1689 ) ;
#1509 = FACE_OUTER_BOUND ( 'NONE', #1840, .T. ) ;
#1510 = LINE ( 'NONE', #1800, #732 ) ;
#1511 = DIRECTION ( 'NONE',  ( 0.000000000000000000, 0.000000000000000000, 1.000000000000000000 ) ) ;
#1512 = ORIENTED_EDGE ( 'NONE', *, *, #1012, .F. ) ;
#1513 = FILL_AREA_STYLE_COLOUR ( '', #1535 ) ;
#1514 = ORIENTED_EDGE ( 'NONE', *, *, #222, .T. ) ;
#1515 = DIRECTION ( 'NONE',  ( 0.7071067811865441310, -0.7071067811865507924, -1.916616770854226424E-16 ) ) ;
#1516 = VERTEX_POINT ( 'NONE', #1161 ) ;
#1517 =( NAMED_UNIT ( * ) PLANE_ANGLE_UNIT ( ) SI_UNIT ( $, .RADIAN. ) );
#1518 = PRESENTATION_LAYER_ASSIGNMENT (  '', '', ( #1415 ) ) ;
#1519 = CARTESIAN_POINT ( 'NONE',  ( -6.000000000000000000, 0.000000000000000000, 1.500000000000000000 ) ) ;
#1520 = AXIS2_PLACEMENT_3D ( 'NONE', #817, #945, #1542 ) ;
#1521 = FACE_OUTER_BOUND ( 'NONE', #552, .T. ) ;
#1522 = PLANE ( 'NONE',  #584 ) ;
#1523 = SURFACE_STYLE_USAGE ( .BOTH. , #353 ) ;
#1524 = SURFACE_STYLE_FILL_AREA ( #1194 ) ;
#1525 = VECTOR ( 'NONE', #560, 1000.000000000000000 ) ;
#1526 = DIRECTION ( 'NONE',  ( -0.000000000000000000, -0.000000000000000000, 1.000000000000000000 ) ) ;
#1527 = LINE ( 'NONE', #1797, #3 ) ;
#1528 = EDGE_CURVE ( 'NONE', #1104, #642, #1389, .T. ) ;
#1529 = FACE_OUTER_BOUND ( 'NONE', #441, .T. ) ;
#1530 =( LENGTH_UNIT ( ) NAMED_UNIT ( * ) SI_UNIT ( .MILLI., .METRE. ) );
#1531 = SURFACE_SIDE_STYLE ('',( #1240 ) ) ;
#1532 = LINE ( 'NONE', #1573, #1853 ) ;
#1533 = MECHANICAL_DESIGN_GEOMETRIC_PRESENTATION_REPRESENTATION (  '', ( #296 ), #41 ) ;
#1534 = CARTESIAN_POINT ( 'NONE',  ( 5.999999999999998224, -4.099999999999996980, 1.500000000000000000 ) ) ;
#1535 = COLOUR_RGB ( '',0.000000000000000000, 0.5294117647058823595, 1.000000000000000000 ) ;
#1536 = STYLED_ITEM ( 'NONE', ( #1204 ), #1837 ) ;
#1537 = VERTEX_POINT ( 'NONE', #482 ) ;
#1538 = CARTESIAN_POINT ( 'NONE',  ( -6.500000000000000888, 4.000000000000000000, 2.000000000000000000 ) ) ;
#1539 = ORIENTED_EDGE ( 'NONE', *, *, #1787, .F. ) ;
#1540 = EDGE_LOOP ( 'NONE', ( #1414, #1218 ) ) ;
#1541 = EDGE_CURVE ( 'NONE', #393, #682, #470, .T. ) ;
#1542 = DIRECTION ( 'NONE',  ( -1.000000000000000000, 0.000000000000000000, 0.000000000000000000 ) ) ;
#1543 =( LENGTH_UNIT ( ) NAMED_UNIT ( * ) SI_UNIT ( .MILLI., .METRE. ) );
#1544 = LINE ( 'NONE', #231, #290 ) ;
#1545 =( NAMED_UNIT ( * ) SI_UNIT ( $, .STERADIAN. ) SOLID_ANGLE_UNIT ( ) );
#1546 = ADVANCED_FACE ( 'NONE', ( #857 ), #1371, .F. ) ;
#1547 = CARTESIAN_POINT ( 'NONE',  ( 6.500000000000004441, -4.099999999999997868, -2.000000000000000000 ) ) ;
#1548 = PRESENTATION_STYLE_ASSIGNMENT (( #259 ) ) ;
#1549 =( NAMED_UNIT ( * ) PLANE_ANGLE_UNIT ( ) SI_UNIT ( $, .RADIAN. ) );
#1550 =( NAMED_UNIT ( * ) SI_UNIT ( $, .STERADIAN. ) SOLID_ANGLE_UNIT ( ) );
#1551 =( GEOMETRIC_REPRESENTATION_CONTEXT ( 3 ) GLOBAL_UNCERTAINTY_ASSIGNED_CONTEXT ( ( #133 ) ) GLOBAL_UNIT_ASSIGNED_CONTEXT ( ( #24, #1754, #1477 ) ) REPRESENTATION_CONTEXT ( 'NONE', 'WORKASPACE' ) );
#1552 = ADVANCED_FACE ( 'NONE', ( #1521 ), #1359, .F. ) ;
#1553 = DIRECTION ( 'NONE',  ( 0.000000000000000000, 1.000000000000000000, 0.000000000000000000 ) ) ;
#1554 =( NAMED_UNIT ( * ) SI_UNIT ( $, .STERADIAN. ) SOLID_ANGLE_UNIT ( ) );
#1555 =( GEOMETRIC_REPRESENTATION_CONTEXT ( 3 ) GLOBAL_UNCERTAINTY_ASSIGNED_CONTEXT ( ( #350 ) ) GLOBAL_UNIT_ASSIGNED_CONTEXT ( ( #349, #1348, #921 ) ) REPRESENTATION_CONTEXT ( 'NONE', 'WORKASPACE' ) );
#1556 = ORIENTED_EDGE ( 'NONE', *, *, #1096, .T. ) ;
#1557 = VERTEX_POINT ( 'NONE', #1352 ) ;
#1558 = EDGE_LOOP ( 'NONE', ( #942, #1195, #1333, #1050 ) ) ;
#1559 =( NAMED_UNIT ( * ) PLANE_ANGLE_UNIT ( ) SI_UNIT ( $, .RADIAN. ) );
#1560 = CARTESIAN_POINT ( 'NONE',  ( 5.299999999999999822, -4.099999999999996980, 6.490628035480970938E-16 ) ) ;
#1561 = ADVANCED_FACE ( 'NONE', ( #1868 ), #1738, .T. ) ;
#1562 = EDGE_CURVE ( 'NONE', #1153, #938, #718, .T. ) ;
#1563 = VECTOR ( 'NONE', #1772, 1000.000000000000000 ) ;
#1564 =( LENGTH_UNIT ( ) NAMED_UNIT ( * ) SI_UNIT ( .MILLI., .METRE. ) );
#1565 = MECHANICAL_DESIGN_GEOMETRIC_PRESENTATION_REPRESENTATION (  '', ( #59 ), #919 ) ;
#1566 = FACE_OUTER_BOUND ( 'NONE', #1312, .T. ) ;
#1567 = CARTESIAN_POINT ( 'NONE',  ( 6.500000000000004441, -4.099999999999997868, -1.624999999999999556 ) ) ;
#1568 = FACE_OUTER_BOUND ( 'NONE', #1444, .T. ) ;
#1569 = UNCERTAINTY_MEASURE_WITH_UNIT (LENGTH_MEASURE( 1.000000000000000082E-05 ), #1390, 'distance_accuracy_value', 'NONE');
#1570 = UNCERTAINTY_MEASURE_WITH_UNIT (LENGTH_MEASURE( 1.000000000000000082E-05 ), #1858, 'distance_accuracy_value', 'NONE');
#1571 = DIRECTION ( 'NONE',  ( 1.971276677246371272E-16, -1.000000000000000000, -0.000000000000000000 ) ) ;
#1572 = SURFACE_STYLE_USAGE ( .BOTH. , #819 ) ;
#1573 = CARTESIAN_POINT ( 'NONE',  ( -6.500000000000000888, 4.500000000000000888, 1.500000000000000000 ) ) ;
#1574 = EDGE_CURVE ( 'NONE', #1153, #289, #626, .T. ) ;
#1575 = COLOUR_RGB ( '',0.000000000000000000, 0.5294117647058823595, 1.000000000000000000 ) ;
#1576 = LINE ( 'NONE', #934, #600 ) ;
#1577 = MECHANICAL_DESIGN_GEOMETRIC_PRESENTATION_REPRESENTATION (  '', ( #756 ), #1358 ) ;
#1578 = SURFACE_STYLE_USAGE ( .BOTH. , #286 ) ;
#1579 = ORIENTED_EDGE ( 'NONE', *, *, #1427, .T. ) ;
#1580 = AXIS2_PLACEMENT_3D ( 'NONE', #1598, #711, #1856 ) ;
#1581 = SURFACE_SIDE_STYLE ('',( #1451 ) ) ;
#1582 = CARTESIAN_POINT ( 'NONE',  ( -5.337610695313255329E-16, 4.000000000000000888, 1.500000000000000000 ) ) ;
#1583 = ORIENTED_EDGE ( 'NONE', *, *, #1382, .F. ) ;
#1584 = ORIENTED_EDGE ( 'NONE', *, *, #173, .T. ) ;
#1585 = DIRECTION ( 'NONE',  ( 1.000000000000000000, 0.000000000000000000, 0.000000000000000000 ) ) ;
#1586 = DIRECTION ( 'NONE',  ( -1.334402673828313586E-16, 1.000000000000000000, 0.000000000000000000 ) ) ;
#1587 = SURFACE_SIDE_STYLE ('',( #866 ) ) ;
#1588 = EDGE_CURVE ( 'NONE', #617, #1766, #131, .T. ) ;
#1589 = LINE ( 'NONE', #1716, #1202 ) ;
#1590 = CIRCLE ( 'NONE', #699, 0.2999999999999999334 ) ;
#1591 = DIRECTION ( 'NONE',  ( -1.000000000000000000, -0.000000000000000000, -0.000000000000000000 ) ) ;
#1592 = AXIS2_PLACEMENT_3D ( 'NONE', #1367, #1060, #781 ) ;
#1593 = DIRECTION ( 'NONE',  ( 1.334402673828313586E-16, -1.000000000000000000, 0.000000000000000000 ) ) ;
#1594 = PRESENTATION_STYLE_ASSIGNMENT (( #989 ) ) ;
#1595 = DIRECTION ( 'NONE',  ( -1.334402673828313586E-16, 1.000000000000000000, -0.000000000000000000 ) ) ;
#1596 = COLOUR_RGB ( '',0.7921568627450980005, 0.8196078431372548767, 0.9333333333333333481 ) ;
#1597 = APPLICATION_CONTEXT ( 'automotive_design' ) ;
#1598 = CARTESIAN_POINT ( 'NONE',  ( -6.500000000000000888, -4.499999999999999112, 2.000000000000000000 ) ) ;
#1599 =( LENGTH_UNIT ( ) NAMED_UNIT ( * ) SI_UNIT ( .MILLI., .METRE. ) );
#1600 = EDGE_CURVE ( 'NONE', #1450, #1709, #1425, .T. ) ;
#1601 = ORIENTED_EDGE ( 'NONE', *, *, #1758, .T. ) ;
#1602 = ORIENTED_EDGE ( 'NONE', *, *, #222, .F. ) ;
#1603 =( GEOMETRIC_REPRESENTATION_CONTEXT ( 3 ) GLOBAL_UNCERTAINTY_ASSIGNED_CONTEXT ( ( #554 ) ) GLOBAL_UNIT_ASSIGNED_CONTEXT ( ( #265, #279, #428 ) ) REPRESENTATION_CONTEXT ( 'NONE', 'WORKASPACE' ) );
#1604 = FILL_AREA_STYLE_COLOUR ( '', #1475 ) ;
#1605 = ORIENTED_EDGE ( 'NONE', *, *, #1324, .F. ) ;
#1606 =( NAMED_UNIT ( * ) SI_UNIT ( $, .STERADIAN. ) SOLID_ANGLE_UNIT ( ) );
#1607 =( GEOMETRIC_REPRESENTATION_CONTEXT ( 3 ) GLOBAL_UNCERTAINTY_ASSIGNED_CONTEXT ( ( #278 ) ) GLOBAL_UNIT_ASSIGNED_CONTEXT ( ( #1822, #960, #88 ) ) REPRESENTATION_CONTEXT ( 'NONE', 'WORKASPACE' ) );
#1608 = ORIENTED_EDGE ( 'NONE', *, *, #325, .T. ) ;
#1609 = DIRECTION ( 'NONE',  ( -0.000000000000000000, -1.000000000000000000, -0.000000000000000000 ) ) ;
#1610 = DIRECTION ( 'NONE',  ( -0.7071067811865433539, 0.7071067811865516806, 0.000000000000000000 ) ) ;
#1611 = SURFACE_SIDE_STYLE ('',( #157 ) ) ;
#1612 = SHAPE_DEFINITION_REPRESENTATION ( #1355, #161 ) ;
#1613 = LINE ( 'NONE', #129, #1760 ) ;
#1614 = EDGE_CURVE ( 'NONE', #1416, #307, #176, .T. ) ;
#1615 = DIRECTION ( 'NONE',  ( 1.334402673828313586E-16, -1.000000000000000000, 0.000000000000000000 ) ) ;
#1616 = PRESENTATION_LAYER_ASSIGNMENT (  '', '', ( #1167 ) ) ;
#1617 =( NAMED_UNIT ( * ) PLANE_ANGLE_UNIT ( ) SI_UNIT ( $, .RADIAN. ) );
#1618 = PRESENTATION_LAYER_ASSIGNMENT (  '', '', ( #868 ) ) ;
#1619 = LINE ( 'NONE', #627, #770 ) ;
#1620 = CARTESIAN_POINT ( 'NONE',  ( -4.999999999999998224, -9.499999999999998224, -6.123233995736766282E-16 ) ) ;
#1621 = COLOUR_RGB ( '',1.000000000000000000, 1.000000000000000000, 1.000000000000000000 ) ;
#1622 = CARTESIAN_POINT ( 'NONE',  ( 2.200000000000002842, -4.099999999999998757, 1.625000000000000222 ) ) ;
#1623 = ORIENTED_EDGE ( 'NONE', *, *, #205, .F. ) ;
#1624 = CARTESIAN_POINT ( 'NONE',  ( -4.250000000000000000, -4.099999999999999645, -2.000000000000000000 ) ) ;
#1625 = EDGE_CURVE ( 'NONE', #1128, #688, #1291, .T. ) ;
#1626 = EDGE_LOOP ( 'NONE', ( #120, #1584, #1467, #1199 ) ) ;
#1627 = EDGE_LOOP ( 'NONE', ( #437, #512, #686, #1623 ) ) ;
#1628 = STYLED_ITEM ( 'NONE', ( #1548 ), #794 ) ;
#1629 = UNCERTAINTY_MEASURE_WITH_UNIT (LENGTH_MEASURE( 1.000000000000000082E-05 ), #1397, 'distance_accuracy_value', 'NONE');
#1630 = SURFACE_SIDE_STYLE ('',( #1524 ) ) ;
#1631 = ORIENTED_EDGE ( 'NONE', *, *, #35, .F. ) ;
#1632 = UNCERTAINTY_MEASURE_WITH_UNIT (LENGTH_MEASURE( 1.000000000000000082E-05 ), #275, 'distance_accuracy_value', 'NONE');
#1633 = CARTESIAN_POINT ( 'NONE',  ( 5.999999999999998224, 0.000000000000000000, 1.500000000000000000 ) ) ;
#1634 = FACE_OUTER_BOUND ( 'NONE', #13, .T. ) ;
#1635 = CIRCLE ( 'NONE', #1019, 0.5000000000000000000 ) ;
#1636 = CARTESIAN_POINT ( 'NONE',  ( 6.499999999999999112, 4.500000000000002665, 2.000000000000000000 ) ) ;
#1637 = EDGE_CURVE ( 'NONE', #169, #1416, #902, .T. ) ;
#1638 =( NAMED_UNIT ( * ) SI_UNIT ( $, .STERADIAN. ) SOLID_ANGLE_UNIT ( ) );
#1639 = CARTESIAN_POINT ( 'NONE',  ( 6.499999999999999112, 4.000000000000001776, 1.500000000000000000 ) ) ;
#1640 = COLOUR_RGB ( '',1.000000000000000000, 1.000000000000000000, 1.000000000000000000 ) ;
#1641 = AXIS2_PLACEMENT_3D ( 'NONE', #1346, #928, #620 ) ;
#1642 = FILL_AREA_STYLE ('',( #766 ) ) ;
#1643 = CARTESIAN_POINT ( 'NONE',  ( -4.999999999999999112, -4.099999999999999645, -6.123233995736766282E-16 ) ) ;
#1644 = SURFACE_STYLE_FILL_AREA ( #49 ) ;
#1645 = CARTESIAN_POINT ( 'NONE',  ( 2.200000000000002398, -4.099999999999997868, -2.000000000000000000 ) ) ;
#1646 = ORIENTED_EDGE ( 'NONE', *, *, #1476, .T. ) ;
#1647 = ORIENTED_EDGE ( 'NONE', *, *, #230, .F. ) ;
#1648 = FILL_AREA_STYLE ('',( #462 ) ) ;
#1649 = PRESENTATION_LAYER_ASSIGNMENT (  '', '', ( #1126 ) ) ;
#1650 = ORIENTED_EDGE ( 'NONE', *, *, #1866, .T. ) ;
#1651 = DIRECTION ( 'NONE',  ( -0.7071067811865441310, -0.7071067811865510144, -0.000000000000000000 ) ) ;
#1652 = FILL_AREA_STYLE ('',( #632 ) ) ;
#1653 = CIRCLE ( 'NONE', #880, 0.5000000000000000000 ) ;
#1654 = CIRCLE ( 'NONE', #299, 0.5000000000000004441 ) ;
#1655 = CARTESIAN_POINT ( 'NONE',  ( -2.600000000000004086, -4.499999999999999112, -2.000000000000000000 ) ) ;
#1656 = EDGE_CURVE ( 'NONE', #1335, #240, #646, .T. ) ;
#1657 = VECTOR ( 'NONE', #1067, 1000.000000000000000 ) ;
#1658 = CARTESIAN_POINT ( 'NONE',  ( 5.999999999999998224, -4.099999999999996980, -1.500000000000000000 ) ) ;
#1659 = DIRECTION ( 'NONE',  ( 0.000000000000000000, -1.000000000000000000, -0.000000000000000000 ) ) ;
#1660 = VECTOR ( 'NONE', #1021, 1000.000000000000000 ) ;
#1661 = ADVANCED_FACE ( 'NONE', ( #1634 ), #421, .T. ) ;
#1662 = ORIENTED_EDGE ( 'NONE', *, *, #653, .T. ) ;
#1663 = DIRECTION ( 'NONE',  ( 1.000000000000000000, 0.000000000000000000, 0.000000000000000000 ) ) ;
#1664 = ORIENTED_EDGE ( 'NONE', *, *, #950, .T. ) ;
#1665 = ORIENTED_EDGE ( 'NONE', *, *, #56, .T. ) ;
#1666 = CARTESIAN_POINT ( 'NONE',  ( 5.999999999999998224, -4.499999999999997335, -1.500000000000000000 ) ) ;
#1667 = ORIENTED_EDGE ( 'NONE', *, *, #1440, .T. ) ;
#1668 = AXIS2_PLACEMENT_3D ( 'NONE', #1403, #532, #979 ) ;
#1669 = PRESENTATION_STYLE_ASSIGNMENT (( #1523 ) ) ;
#1670 = ADVANCED_FACE ( 'NONE', ( #1131 ), #1245, .T. ) ;
#1671 = CARTESIAN_POINT ( 'NONE',  ( 2.600000000000007638, -4.499999999999998224, -2.000000000000000000 ) ) ;
#1672 = SURFACE_STYLE_FILL_AREA ( #557 ) ;
#1673 =( NAMED_UNIT ( * ) PLANE_ANGLE_UNIT ( ) SI_UNIT ( $, .RADIAN. ) );
#1674 = SURFACE_STYLE_USAGE ( .BOTH. , #656 ) ;
#1675 = LINE ( 'NONE', #887, #650 ) ;
#1676 = CARTESIAN_POINT ( 'NONE',  ( -3.850000000000004086, -4.499999999999998224, -2.000000000000000000 ) ) ;
#1677 = VECTOR ( 'NONE', #1407, 1000.000000000000000 ) ;
#1678 = EDGE_CURVE ( 'NONE', #1375, #1104, #1299, .T. ) ;
#1679 = ADVANCED_FACE ( 'NONE', ( #401 ), #72, .F. ) ;
#1680 = CARTESIAN_POINT ( 'NONE',  ( 5.999999999999998224, 0.000000000000000000, -2.000000000000000000 ) ) ;
#1681 =( NAMED_UNIT ( * ) PLANE_ANGLE_UNIT ( ) SI_UNIT ( $, .RADIAN. ) );
#1682 = MECHANICAL_DESIGN_GEOMETRIC_PRESENTATION_REPRESENTATION (  '', ( #1222 ), #709 ) ;
#1683 = DIRECTION ( 'NONE',  ( 0.000000000000000000, 1.000000000000000000, 0.000000000000000000 ) ) ;
#1684 = ORIENTED_EDGE ( 'NONE', *, *, #1816, .F. ) ;
#1685 = ORIENTED_EDGE ( 'NONE', *, *, #100, .T. ) ;
#1686 = FILL_AREA_STYLE_COLOUR ( '', #726 ) ;
#1687 = ORIENTED_EDGE ( 'NONE', *, *, #124, .F. ) ;
#1688 =( NAMED_UNIT ( * ) SI_UNIT ( $, .STERADIAN. ) SOLID_ANGLE_UNIT ( ) );
#1689 = ADVANCED_FACE ( 'NONE', ( #1801 ), #1393, .F. ) ;
#1690 = DIRECTION ( 'NONE',  ( -0.000000000000000000, -0.000000000000000000, 1.000000000000000000 ) ) ;
#1691 =( GEOMETRIC_REPRESENTATION_CONTEXT ( 3 ) GLOBAL_UNCERTAINTY_ASSIGNED_CONTEXT ( ( #1037 ) ) GLOBAL_UNIT_ASSIGNED_CONTEXT ( ( #951, #1517, #1219 ) ) REPRESENTATION_CONTEXT ( 'NONE', 'WORKASPACE' ) );
#1692 =( NAMED_UNIT ( * ) SI_UNIT ( $, .STERADIAN. ) SOLID_ANGLE_UNIT ( ) );
#1693 = LINE ( 'NONE', #513, #1362 ) ;
#1694 = DIRECTION ( 'NONE',  ( -1.334402673828313586E-16, 1.000000000000000000, -0.000000000000000000 ) ) ;
#1695 = LINE ( 'NONE', #419, #1363 ) ;
#1696 = STYLED_ITEM ( 'NONE', ( #1323 ), #1679 ) ;
#1697 = PRESENTATION_STYLE_ASSIGNMENT (( #1578 ) ) ;
#1698 = ADVANCED_FACE ( 'NONE', ( #592 ), #1271, .T. ) ;
#1699 = CARTESIAN_POINT ( 'NONE',  ( -6.000000000000000000, -4.099999999999999645, 1.500000000000000000 ) ) ;
#1700 = DIRECTION ( 'NONE',  ( 1.000000000000000000, 0.000000000000000000, -0.000000000000000000 ) ) ;
#1701 = FILL_AREA_STYLE_COLOUR ( '', #577 ) ;
#1702 = FACE_OUTER_BOUND ( 'NONE', #1493, .T. ) ;
#1703 = UNCERTAINTY_MEASURE_WITH_UNIT (LENGTH_MEASURE( 1.000000000000000082E-05 ), #1032, 'distance_accuracy_value', 'NONE');
#1704 = MECHANICAL_DESIGN_GEOMETRIC_PRESENTATION_REPRESENTATION (  '', ( #830 ), #566 ) ;
#1705 = UNCERTAINTY_MEASURE_WITH_UNIT (LENGTH_MEASURE( 1.000000000000000082E-05 ), #1026, 'distance_accuracy_value', 'NONE');
#1706 = CARTESIAN_POINT ( 'NONE',  ( -3.850000000000004086, -4.499999999999998224, -2.000000000000000000 ) ) ;
#1707 = CARTESIAN_POINT ( 'NONE',  ( -4.999999999999998224, -9.499999999999998224, -6.123233995736766282E-16 ) ) ;
#1708 = MECHANICAL_DESIGN_GEOMETRIC_PRESENTATION_REPRESENTATION (  '', ( #1494 ), #1833 ) ;
#1709 = VERTEX_POINT ( 'NONE', #253 ) ;
#1710 = PLANE ( 'NONE',  #580 ) ;
#1711 = ORIENTED_EDGE ( 'NONE', *, *, #162, .F. ) ;
#1712 = DIRECTION ( 'NONE',  ( 0.000000000000000000, 1.000000000000000000, 0.000000000000000000 ) ) ;
#1713 = VERTEX_POINT ( 'NONE', #1417 ) ;
#1714 =( NAMED_UNIT ( * ) PLANE_ANGLE_UNIT ( ) SI_UNIT ( $, .RADIAN. ) );
#1715 = ORIENTED_EDGE ( 'NONE', *, *, #397, .F. ) ;
#1716 = CARTESIAN_POINT ( 'NONE',  ( 6.499999999999999112, -4.499999999999997335, 1.625000000000000222 ) ) ;
#1717 = MECHANICAL_DESIGN_GEOMETRIC_PRESENTATION_REPRESENTATION (  '', ( #742 ), #905 ) ;
#1718 = CARTESIAN_POINT ( 'NONE',  ( 6.499999999999999112, -4.499999999999997335, 2.000000000000000000 ) ) ;
#1719 = STYLED_ITEM ( 'NONE', ( #883 ), #970 ) ;
#1720 = DIRECTION ( 'NONE',  ( -1.000000000000000000, 0.000000000000000000, 0.000000000000000000 ) ) ;
#1721 = DIRECTION ( 'NONE',  ( -0.000000000000000000, -0.000000000000000000, 1.000000000000000000 ) ) ;
#1722 = SURFACE_STYLE_FILL_AREA ( #894 ) ;
#1723 =( NAMED_UNIT ( * ) SI_UNIT ( $, .STERADIAN. ) SOLID_ANGLE_UNIT ( ) );
#1724 = FACE_OUTER_BOUND ( 'NONE', #97, .T. ) ;
#1725 = FILL_AREA_STYLE_COLOUR ( '', #1826 ) ;
#1726 = SURFACE_SIDE_STYLE ('',( #407 ) ) ;
#1727 = LINE ( 'NONE', #993, #183 ) ;
#1728 = AXIS2_PLACEMENT_3D ( 'NONE', #958, #501, #1092 ) ;
#1729 = DIRECTION ( 'NONE',  ( 0.000000000000000000, -0.000000000000000000, 1.000000000000000000 ) ) ;
#1730 = VERTEX_POINT ( 'NONE', #1276 ) ;
#1731 = ORIENTED_EDGE ( 'NONE', *, *, #1270, .T. ) ;
#1732 = CARTESIAN_POINT ( 'NONE',  ( 3.850000000000007638, -4.499999999999998224, -2.000000000000000000 ) ) ;
#1733 =( NAMED_UNIT ( * ) SI_UNIT ( $, .STERADIAN. ) SOLID_ANGLE_UNIT ( ) );
#1734 = ORIENTED_EDGE ( 'NONE', *, *, #841, .T. ) ;
#1735 = ORIENTED_EDGE ( 'NONE', *, *, #1191, .F. ) ;
#1736 = DIRECTION ( 'NONE',  ( -0.7071067811865441310, 0.7071067811865509034, 0.000000000000000000 ) ) ;
#1737 = DIRECTION ( 'NONE',  ( 1.000000000000000000, 0.000000000000000000, 0.000000000000000000 ) ) ;
#1738 = CYLINDRICAL_SURFACE ( 'NONE', #202, 0.5000000000000000000 ) ;
#1739 = FACE_OUTER_BOUND ( 'NONE', #1052, .T. ) ;
#1740 =( NAMED_UNIT ( * ) SI_UNIT ( $, .STERADIAN. ) SOLID_ANGLE_UNIT ( ) );
#1741 = PRESENTATION_LAYER_ASSIGNMENT (  '', '', ( #1222 ) ) ;
#1742 = SURFACE_SIDE_STYLE ('',( #38 ) ) ;
#1743 = DIRECTION ( 'NONE',  ( -1.000000000000000000, 0.000000000000000000, 0.000000000000000000 ) ) ;
#1744 = FILL_AREA_STYLE ('',( #432 ) ) ;
#1745 =( NAMED_UNIT ( * ) PLANE_ANGLE_UNIT ( ) SI_UNIT ( $, .RADIAN. ) );
#1746 = CARTESIAN_POINT ( 'NONE',  ( 4.250000000000003553, -4.099999999999997868, -2.000000000000000000 ) ) ;
#1747 = EDGE_CURVE ( 'NONE', #1335, #1180, #1654, .T. ) ;
#1748 = ORIENTED_EDGE ( 'NONE', *, *, #397, .T. ) ;
#1749 = MECHANICAL_DESIGN_GEOMETRIC_PRESENTATION_REPRESENTATION (  '', ( #593 ), #1603 ) ;
#1750 = CARTESIAN_POINT ( 'NONE',  ( 2.200000000000002398, -4.099999999999997868, 1.625000000000000222 ) ) ;
#1751 = VERTEX_POINT ( 'NONE', #403 ) ;
#1752 = AXIS2_PLACEMENT_3D ( 'NONE', #681, #990, #1700 ) ;
#1753 = ORIENTED_EDGE ( 'NONE', *, *, #719, .T. ) ;
#1754 =( NAMED_UNIT ( * ) PLANE_ANGLE_UNIT ( ) SI_UNIT ( $, .RADIAN. ) );
#1755 = UNCERTAINTY_MEASURE_WITH_UNIT (LENGTH_MEASURE( 1.000000000000000082E-05 ), #39, 'distance_accuracy_value', 'NONE');
#1756 = DIRECTION ( 'NONE',  ( -1.000000000000000000, -1.971276677246371272E-16, 0.000000000000000000 ) ) ;
#1757 = UNCERTAINTY_MEASURE_WITH_UNIT (LENGTH_MEASURE( 1.000000000000000082E-05 ), #1443, 'distance_accuracy_value', 'NONE');
#1758 = EDGE_CURVE ( 'NONE', #637, #775, #838, .T. ) ;
#1759 = COLOUR_RGB ( '',0.7921568627450980005, 0.8196078431372548767, 0.9333333333333333481 ) ;
#1760 = VECTOR ( 'NONE', #1005, 1000.000000000000000 ) ;
#1761 =( GEOMETRIC_REPRESENTATION_CONTEXT ( 3 ) GLOBAL_UNCERTAINTY_ASSIGNED_CONTEXT ( ( #408 ) ) GLOBAL_UNIT_ASSIGNED_CONTEXT ( ( #962, #1254, #1688 ) ) REPRESENTATION_CONTEXT ( 'NONE', 'WORKASPACE' ) );
#1762 = FILL_AREA_STYLE_COLOUR ( '', #589 ) ;
#1763 = FILL_AREA_STYLE_COLOUR ( '', #358 ) ;
#1764 = DIRECTION ( 'NONE',  ( -1.000000000000000000, -0.000000000000000000, -0.000000000000000000 ) ) ;
#1765 = AXIS2_PLACEMENT_3D ( 'NONE', #1226, #505, #491 ) ;
#1766 = VERTEX_POINT ( 'NONE', #409 ) ;
#1767 = EDGE_LOOP ( 'NONE', ( #1069, #1556, #1667, #1421 ) ) ;
#1768 = AXIS2_PLACEMENT_3D ( 'NONE', #379, #372, #810 ) ;
#1769 = CARTESIAN_POINT ( 'NONE',  ( 2.600000000000007638, -4.499999999999998224, -2.000000000000000000 ) ) ;
#1770 = EDGE_LOOP ( 'NONE', ( #851, #123, #967, #389 ) ) ;
#1771 = ORIENTED_EDGE ( 'NONE', *, *, #1369, .F. ) ;
#1772 = DIRECTION ( 'NONE',  ( -0.000000000000000000, -0.000000000000000000, 1.000000000000000000 ) ) ;
#1773 = FACE_OUTER_BOUND ( 'NONE', #1767, .T. ) ;
#1774 = VECTOR ( 'NONE', #47, 1000.000000000000000 ) ;
#1775 = FACE_OUTER_BOUND ( 'NONE', #1313, .T. ) ;
#1776 = CARTESIAN_POINT ( 'NONE',  ( 3.850000000000007638, -4.499999999999998224, 2.000000000000000000 ) ) ;
#1777 = EDGE_CURVE ( 'NONE', #324, #938, #744, .T. ) ;
#1778 = CARTESIAN_POINT ( 'NONE',  ( -6.000000000000000000, 4.000000000000000000, 2.000000000000000000 ) ) ;
#1779 = SURFACE_STYLE_FILL_AREA ( #559 ) ;
#1780 = STYLED_ITEM ( 'NONE', ( #1368 ), #640 ) ;
#1781 = SURFACE_STYLE_USAGE ( .BOTH. , #1788 ) ;
#1782 =( GEOMETRIC_REPRESENTATION_CONTEXT ( 3 ) GLOBAL_UNCERTAINTY_ASSIGNED_CONTEXT ( ( #276 ) ) GLOBAL_UNIT_ASSIGNED_CONTEXT ( ( #832, #1129, #1554 ) ) REPRESENTATION_CONTEXT ( 'NONE', 'WORKASPACE' ) );
#1783 = LINE ( 'NONE', #777, #1832 ) ;
#1784 = SURFACE_STYLE_USAGE ( .BOTH. , #1502 ) ;
#1785 = LINE ( 'NONE', #390, #1857 ) ;
#1786 = EDGE_LOOP ( 'NONE', ( #483, #1123, #459, #1229 ) ) ;
#1787 = EDGE_CURVE ( 'NONE', #169, #10, #245, .T. ) ;
#1788 = SURFACE_SIDE_STYLE ('',( #200 ) ) ;
#1789 = ORIENTED_EDGE ( 'NONE', *, *, #803, .T. ) ;
#1790 = ORIENTED_EDGE ( 'NONE', *, *, #134, .F. ) ;
#1791 =( NAMED_UNIT ( * ) SI_UNIT ( $, .STERADIAN. ) SOLID_ANGLE_UNIT ( ) );
#1792 = MECHANICAL_DESIGN_GEOMETRIC_PRESENTATION_REPRESENTATION (  '', ( #1415 ), #19 ) ;
#1793 = DIRECTION ( 'NONE',  ( 1.000000000000000000, 1.334402673828313339E-16, -0.000000000000000000 ) ) ;
#1794 = VERTEX_POINT ( 'NONE', #1412 ) ;
#1795 = STYLED_ITEM ( 'NONE', ( #1135 ), #974 ) ;
#1796 = ORIENTED_EDGE ( 'NONE', *, *, #1136, .F. ) ;
#1797 = CARTESIAN_POINT ( 'NONE',  ( 2.200000000000002398, -4.099999999999997868, -1.624999999999999556 ) ) ;
#1798 = DIRECTION ( 'NONE',  ( 1.000000000000000000, 1.334402673828313586E-16, 0.000000000000000000 ) ) ;
#1799 = LINE ( 'NONE', #1622, #1319 ) ;
#1800 = CARTESIAN_POINT ( 'NONE',  ( -6.500000000000000888, 4.000000000000000000, 2.000000000000000000 ) ) ;
#1801 = FACE_OUTER_BOUND ( 'NONE', #1211, .T. ) ;
#1802 = CARTESIAN_POINT ( 'NONE',  ( 2.200000000000002398, -4.099999999999997868, 2.000000000000000000 ) ) ;
#1803 = VECTOR ( 'NONE', #966, 1000.000000000000000 ) ;
#1804 = ADVANCED_FACE ( 'NONE', ( #1566 ), #96, .F. ) ;
#1805 =( NAMED_UNIT ( * ) PLANE_ANGLE_UNIT ( ) SI_UNIT ( $, .RADIAN. ) );
#1806 = DIRECTION ( 'NONE',  ( 0.000000000000000000, 0.000000000000000000, 1.000000000000000000 ) ) ;
#1807 = VECTOR ( 'NONE', #1690, 1000.000000000000000 ) ;
#1808 = AXIS2_PLACEMENT_3D ( 'NONE', #52, #769, #1507 ) ;
#1809 =( GEOMETRIC_REPRESENTATION_CONTEXT ( 3 ) GLOBAL_UNCERTAINTY_ASSIGNED_CONTEXT ( ( #1485 ) ) GLOBAL_UNIT_ASSIGNED_CONTEXT ( ( #1839, #977, #1273 ) ) REPRESENTATION_CONTEXT ( 'NONE', 'WORKASPACE' ) );
#1810 = UNCERTAINTY_MEASURE_WITH_UNIT (LENGTH_MEASURE( 1.000000000000000082E-05 ), #1439, 'distance_accuracy_value', 'NONE');
#1811 = CARTESIAN_POINT ( 'NONE',  ( -6.500000000000000888, 4.000000000000000000, -1.500000000000000000 ) ) ;
#1812 =( NAMED_UNIT ( * ) PLANE_ANGLE_UNIT ( ) SI_UNIT ( $, .RADIAN. ) );
#1813 = UNCERTAINTY_MEASURE_WITH_UNIT (LENGTH_MEASURE( 1.000000000000000082E-05 ), #876, 'distance_accuracy_value', 'NONE');
#1814 = VERTEX_POINT ( 'NONE', #673 ) ;
#1815 = ADVANCED_FACE ( 'NONE', ( #1739 ), #695, .T. ) ;
#1816 = EDGE_CURVE ( 'NONE', #1128, #1213, #1059, .T. ) ;
#1817 = CARTESIAN_POINT ( 'NONE',  ( -6.000000000000000000, -4.099999999999999645, -1.500000000000000000 ) ) ;
#1818 = ORIENTED_EDGE ( 'NONE', *, *, #1427, .F. ) ;
#1819 = FILL_AREA_STYLE ('',( #208 ) ) ;
#1820 = ORIENTED_EDGE ( 'NONE', *, *, #273, .T. ) ;
#1821 = PRESENTATION_LAYER_ASSIGNMENT (  '', '', ( #1430 ) ) ;
#1822 =( LENGTH_UNIT ( ) NAMED_UNIT ( * ) SI_UNIT ( .MILLI., .METRE. ) );
#1823 = ORIENTED_EDGE ( 'NONE', *, *, #162, .T. ) ;
#1824 = DIRECTION ( 'NONE',  ( 1.000000000000000000, -0.000000000000000000, -0.000000000000000000 ) ) ;
#1825 =( GEOMETRIC_REPRESENTATION_CONTEXT ( 3 ) GLOBAL_UNCERTAINTY_ASSIGNED_CONTEXT ( ( #550 ) ) GLOBAL_UNIT_ASSIGNED_CONTEXT ( ( #1849, #1297, #1459 ) ) REPRESENTATION_CONTEXT ( 'NONE', 'WORKASPACE' ) );
#1826 = COLOUR_RGB ( '',0.000000000000000000, 0.5294117647058823595, 1.000000000000000000 ) ;
#1827 = DIRECTION ( 'NONE',  ( -0.000000000000000000, -0.000000000000000000, 1.000000000000000000 ) ) ;
#1828 = COLOUR_RGB ( '',0.000000000000000000, 0.5294117647058823595, 1.000000000000000000 ) ;
#1829 =( NAMED_UNIT ( * ) PLANE_ANGLE_UNIT ( ) SI_UNIT ( $, .RADIAN. ) );
#1830 = LINE ( 'NONE', #1462, #84 ) ;
#1831 = DIRECTION ( 'NONE',  ( 1.000000000000000000, 0.000000000000000000, 0.000000000000000000 ) ) ;
#1832 = VECTOR ( 'NONE', #326, 1000.000000000000000 ) ;
#1833 =( GEOMETRIC_REPRESENTATION_CONTEXT ( 3 ) GLOBAL_UNCERTAINTY_ASSIGNED_CONTEXT ( ( #1292 ) ) GLOBAL_UNIT_ASSIGNED_CONTEXT ( ( #304, #454, #929 ) ) REPRESENTATION_CONTEXT ( 'NONE', 'WORKASPACE' ) );
#1834 = DIRECTION ( 'NONE',  ( 0.000000000000000000, 0.000000000000000000, -1.000000000000000000 ) ) ;
#1835 = ADVANCED_FACE ( 'NONE', ( #1081 ), #730, .T. ) ;
#1836 = SPHERICAL_SURFACE ( 'NONE', #892, 0.5000000000000000000 ) ;
#1837 = MANIFOLD_SOLID_BREP ( 'Boss-Extrude3[1]', #1865 ) ;
#1838 = ORIENTED_EDGE ( 'NONE', *, *, #1184, .T. ) ;
#1839 =( LENGTH_UNIT ( ) NAMED_UNIT ( * ) SI_UNIT ( .MILLI., .METRE. ) );
#1840 = EDGE_LOOP ( 'NONE', ( #987, #193, #1796, #734 ) ) ;
#1841 =( NAMED_UNIT ( * ) PLANE_ANGLE_UNIT ( ) SI_UNIT ( $, .RADIAN. ) );
#1842 = VERTEX_POINT ( 'NONE', #1316 ) ;
#1843 =( NAMED_UNIT ( * ) PLANE_ANGLE_UNIT ( ) SI_UNIT ( $, .RADIAN. ) );
#1844 =( GEOMETRIC_REPRESENTATION_CONTEXT ( 3 ) GLOBAL_UNCERTAINTY_ASSIGNED_CONTEXT ( ( #1225 ) ) GLOBAL_UNIT_ASSIGNED_CONTEXT ( ( #1275, #1549, #402 ) ) REPRESENTATION_CONTEXT ( 'NONE', 'WORKASPACE' ) );
#1845 = DIRECTION ( 'NONE',  ( -1.334402673828313586E-16, 1.000000000000000000, -0.000000000000000000 ) ) ;
#1846 = SURFACE_STYLE_FILL_AREA ( #946 ) ;
#1847 = CIRCLE ( 'NONE', #341, 0.5000000000000004441 ) ;
#1848 =( NAMED_UNIT ( * ) SI_UNIT ( $, .STERADIAN. ) SOLID_ANGLE_UNIT ( ) );
#1849 =( LENGTH_UNIT ( ) NAMED_UNIT ( * ) SI_UNIT ( .MILLI., .METRE. ) );
#1850 = EDGE_CURVE ( 'NONE', #1450, #436, #1590, .T. ) ;
#1851 = LINE ( 'NONE', #174, #359 ) ;
#1852 = MECHANICAL_DESIGN_GEOMETRIC_PRESENTATION_REPRESENTATION (  '', ( #865 ), #952 ) ;
#1853 = VECTOR ( 'NONE', #264, 1000.000000000000000 ) ;
#1854 = SURFACE_STYLE_USAGE ( .BOTH. , #1742 ) ;
#1855 = MECHANICAL_DESIGN_GEOMETRIC_PRESENTATION_REPRESENTATION (  '', ( #759 ), #465 ) ;
#1856 = DIRECTION ( 'NONE',  ( 0.000000000000000000, 0.000000000000000000, -1.000000000000000000 ) ) ;
#1857 = VECTOR ( 'NONE', #683, 1000.000000000000000 ) ;
#1858 =( LENGTH_UNIT ( ) NAMED_UNIT ( * ) SI_UNIT ( .MILLI., .METRE. ) );
#1859 = VERTEX_POINT ( 'NONE', #850 ) ;
#1860 = PLANE ( 'NONE',  #164 ) ;
#1861 = ORIENTED_EDGE ( 'NONE', *, *, #414, .T. ) ;
#1862 =( LENGTH_UNIT ( ) NAMED_UNIT ( * ) SI_UNIT ( .MILLI., .METRE. ) );
#1863 = ORIENTED_EDGE ( 'NONE', *, *, #564, .F. ) ;
#1864 =( NAMED_UNIT ( * ) PLANE_ANGLE_UNIT ( ) SI_UNIT ( $, .RADIAN. ) );
#1865 = CLOSED_SHELL ( 'NONE', ( #1815, #974, #1670, #1124 ) ) ;
#1866 = EDGE_CURVE ( 'NONE', #829, #166, #590, .T. ) ;
#1867 = FACE_OUTER_BOUND ( 'NONE', #507, .T. ) ;
#1868 = FACE_OUTER_BOUND ( 'NONE', #50, .T. ) ;
#1869 = DIRECTION ( 'NONE',  ( -1.000000000000000000, -1.334402673828313586E-16, 0.000000000000000000 ) ) ;
#1870 = PRESENTATION_LAYER_ASSIGNMENT (  '', '', ( #1494 ) ) ;
ENDSEC;
END-ISO-10303-21;
