ISO-10303-21;
HEADER;
FILE_DESCRIPTION (( 'STEP AP214' ),
    '1' );
FILE_NAME ('MOC3021SM.STEP',
    '2021-08-04T13:04:23',
    ( '' ),
    ( '' ),
    'SwSTEP 2.0',
    'SolidWorks 2018',
    '' );
FILE_SCHEMA (( 'AUTOMOTIVE_DESIGN' ));
ENDSEC;

DATA;
#1 = VECTOR ( 'NONE', #1203, 1000.000000000000114 ) ;
#2 = ORIENTED_EDGE ( 'NONE', *, *, #3826, .F. ) ;
#3 =( LENGTH_UNIT ( ) NAMED_UNIT ( * ) SI_UNIT ( .MILLI., .METRE. ) );
#4 = STYLED_ITEM ( 'NONE', ( #1309 ), #1470 ) ;
#5 = CARTESIAN_POINT ( 'NONE',  ( 2.247397202648782066, -1.284377109496017910, 4.980000000000000426 ) ) ;
#6 = SURFACE_STYLE_USAGE ( .BOTH. , #1571 ) ;
#7 = DIRECTION ( 'NONE',  ( -0.0000000000000000000, -0.0000000000000000000, 1.000000000000000000 ) ) ;
#8 = PRESENTATION_LAYER_ASSIGNMENT (  '', '', ( #3448 ) ) ;
#9 = ORIENTED_EDGE ( 'NONE', *, *, #4415, .F. ) ;
#10 = LINE ( 'NONE', #2411, #3252 ) ;
#11 = ORIENTED_EDGE ( 'NONE', *, *, #640, .T. ) ;
#12 = CARTESIAN_POINT ( 'NONE',  ( 4.065000000000000391, 1.280000000000031113, 3.049999999999999822 ) ) ;
#13 = FILL_AREA_STYLE ('',( #3470 ) ) ;
#14 = EDGE_CURVE ( 'NONE', #3080, #1723, #2688, .T. ) ;
#15 = DIRECTION ( 'NONE',  ( 0.0000000000000000000, 2.877422278584525882E-16, -1.000000000000000000 ) ) ;
#16 = LINE ( 'NONE', #2716, #3316 ) ;
#17 = LINE ( 'NONE', #541, #4880 ) ;
#18 =( GEOMETRIC_REPRESENTATION_CONTEXT ( 3 ) GLOBAL_UNCERTAINTY_ASSIGNED_CONTEXT ( ( #3522 ) ) GLOBAL_UNIT_ASSIGNED_CONTEXT ( ( #3732, #2909, #2507 ) ) REPRESENTATION_CONTEXT ( 'NONE', 'WORKASPACE' ) );
#19 = VECTOR ( 'NONE', #2950, 1000.000000000000114 ) ;
#20 = DIRECTION ( 'NONE',  ( -5.611215154610858790E-17, 1.000000000000000000, 0.0000000000000000000 ) ) ;
#21 = EDGE_CURVE ( 'NONE', #3296, #2328, #1653, .T. ) ;
#22 =( GEOMETRIC_REPRESENTATION_CONTEXT ( 3 ) GLOBAL_UNCERTAINTY_ASSIGNED_CONTEXT ( ( #4495 ) ) GLOBAL_UNIT_ASSIGNED_CONTEXT ( ( #1081, #273, #4946 ) ) REPRESENTATION_CONTEXT ( 'NONE', 'WORKASPACE' ) );
#23 = VECTOR ( 'NONE', #3761, 1000.000000000000000 ) ;
#24 = FILL_AREA_STYLE_COLOUR ( '', #1989 ) ;
#25 = DIRECTION ( 'NONE',  ( -0.0000000000000000000, -0.0000000000000000000, 1.000000000000000000 ) ) ;
#26 = CARTESIAN_POINT ( 'NONE',  ( 3.174999999999999822, -0.7502145451867079373, 4.980000000000000426 ) ) ;
#27 = VECTOR ( 'NONE', #2289, 1000.000000000000000 ) ;
#28 = ORIENTED_EDGE ( 'NONE', *, *, #614, .F. ) ;
#29 =( NAMED_UNIT ( * ) PLANE_ANGLE_UNIT ( ) SI_UNIT ( $, .RADIAN. ) );
#30 = SURFACE_STYLE_USAGE ( .BOTH. , #822 ) ;
#31 = STYLED_ITEM ( 'NONE', ( #415 ), #1614 ) ;
#32 = DIRECTION ( 'NONE',  ( -0.0000000000000000000, 0.1218693434051450475, 0.9925461516413223162 ) ) ;
#33 = ORIENTED_EDGE ( 'NONE', *, *, #2674, .T. ) ;
#34 = FILL_AREA_STYLE ('',( #432 ) ) ;
#35 = UNCERTAINTY_MEASURE_WITH_UNIT (LENGTH_MEASURE( 1.000000000000000082E-05 ), #4954, 'distance_accuracy_value', 'NONE');
#36 = ORIENTED_EDGE ( 'NONE', *, *, #86, .F. ) ;
#37 = PLANE ( 'NONE',  #3051 ) ;
#38 = PRESENTATION_LAYER_ASSIGNMENT (  '', '', ( #3652 ) ) ;
#39 = CARTESIAN_POINT ( 'NONE',  ( -2.155000000000000693, 1.179999999999940874, -3.696407327450841329 ) ) ;
#40 = DIRECTION ( 'NONE',  ( -0.0000000000000000000, -0.0000000000000000000, 1.000000000000000000 ) ) ;
#41 = VERTEX_POINT ( 'NONE', #4165 ) ;
#42 = EDGE_CURVE ( 'NONE', #839, #3249, #1529, .T. ) ;
#43 = CARTESIAN_POINT ( 'NONE',  ( -0.5922478592132809361, -0.7502145451867078263, -4.980000000000001315 ) ) ;
#44 = MECHANICAL_DESIGN_GEOMETRIC_PRESENTATION_REPRESENTATION (  '', ( #1757 ), #1323 ) ;
#45 = DIRECTION ( 'NONE',  ( 0.0000000000000000000, 0.0000000000000000000, -1.000000000000000000 ) ) ;
#46 = DIRECTION ( 'NONE',  ( -0.5075789797523821978, 0.7174502954629138340, -0.4771044464828518850 ) ) ;
#47 = ORIENTED_EDGE ( 'NONE', *, *, #4296, .F. ) ;
#48 = VECTOR ( 'NONE', #3030, 1000.000000000000000 ) ;
#49 = COLOUR_RGB ( '',0.2509803921568627416, 0.2509803921568627416, 0.2509803921568627416 ) ;
#50 = PRESENTATION_LAYER_ASSIGNMENT (  '', '', ( #1056 ) ) ;
#51 = PRESENTATION_STYLE_ASSIGNMENT (( #867 ) ) ;
#52 = ORIENTED_EDGE ( 'NONE', *, *, #4066, .F. ) ;
#53 = DIRECTION ( 'NONE',  ( 2.244486061844343516E-16, -1.000000000000000000, 0.0000000000000000000 ) ) ;
#54 = UNCERTAINTY_MEASURE_WITH_UNIT (LENGTH_MEASURE( 1.000000000000000082E-05 ), #3046, 'distance_accuracy_value', 'NONE');
#55 = PRESENTATION_LAYER_ASSIGNMENT (  '', '', ( #1225 ) ) ;
#56 =( LENGTH_UNIT ( ) NAMED_UNIT ( * ) SI_UNIT ( .MILLI., .METRE. ) );
#57 = ADVANCED_FACE ( 'NONE', ( #1331 ), #4129, .F. ) ;
#58 = VECTOR ( 'NONE', #1948, 1000.000000000000000 ) ;
#59 = SURFACE_STYLE_FILL_AREA ( #3020 ) ;
#60 = ORIENTED_EDGE ( 'NONE', *, *, #1724, .F. ) ;
#61 = CARTESIAN_POINT ( 'NONE',  ( -2.254999999999999893, -3.229785454813289824, -4.980000000000001315 ) ) ;
#62 = CARTESIAN_POINT ( 'NONE',  ( -0.2050000000000000988, -3.229785454813289824, 5.180000000000001492 ) ) ;
#63 = AXIS2_PLACEMENT_3D ( 'NONE', #3957, #3990, #1661 ) ;
#64 = SURFACE_STYLE_FILL_AREA ( #2018 ) ;
#65 = EDGE_LOOP ( 'NONE', ( #3602, #850, #1538, #4486 ) ) ;
#66 = DIRECTION ( 'NONE',  ( -1.000000000000000000, 0.0000000000000000000, -0.0000000000000000000 ) ) ;
#67 = LINE ( 'NONE', #1695, #1314 ) ;
#68 = ORIENTED_EDGE ( 'NONE', *, *, #4296, .T. ) ;
#69 = MECHANICAL_DESIGN_GEOMETRIC_PRESENTATION_REPRESENTATION (  '', ( #3147 ), #564 ) ;
#70 = EDGE_LOOP ( 'NONE', ( #1453, #2596, #954, #1772, #404, #2061, #4479 ) ) ;
#71 = DIRECTION ( 'NONE',  ( -0.0000000000000000000, 0.9925461516413223162, -0.1218693434051450475 ) ) ;
#72 = EDGE_CURVE ( 'NONE', #348, #4057, #3754, .T. ) ;
#73 = DIRECTION ( 'NONE',  ( -0.4990263461614615204, -0.8665868137911754143, 0.0000000000000000000 ) ) ;
#74 = FILL_AREA_STYLE_COLOUR ( '', #2622 ) ;
#75 = LINE ( 'NONE', #1796, #253 ) ;
#76 = LINE ( 'NONE', #1270, #4939 ) ;
#77 = ORIENTED_EDGE ( 'NONE', *, *, #4806, .T. ) ;
#78 = PRESENTATION_LAYER_ASSIGNMENT (  '', '', ( #644 ) ) ;
#79 = SURFACE_STYLE_USAGE ( .BOTH. , #1234 ) ;
#80 = FACE_OUTER_BOUND ( 'NONE', #874, .T. ) ;
#81 = SURFACE_STYLE_FILL_AREA ( #388 ) ;
#82 = CARTESIAN_POINT ( 'NONE',  ( 3.174999999999999822, 1.379999999999940830, -3.803592672549160447 ) ) ;
#83 = DIRECTION ( 'NONE',  ( 0.0000000000000000000, 0.5537390299377258351, -0.8326902705830219187 ) ) ;
#84 = ADVANCED_FACE ( 'NONE', ( #2402 ), #4877, .F. ) ;
#85 = COLOUR_RGB ( '',1.000000000000000000, 1.000000000000000000, 1.000000000000000000 ) ;
#86 = EDGE_CURVE ( 'NONE', #2270, #1077, #1272, .T. ) ;
#87 = STYLED_ITEM ( 'NONE', ( #370 ), #4507 ) ;
#88 = ORIENTED_EDGE ( 'NONE', *, *, #1811, .F. ) ;
#89 = MECHANICAL_DESIGN_GEOMETRIC_PRESENTATION_REPRESENTATION (  '', ( #1474 ), #2715 ) ;
#90 =( NAMED_UNIT ( * ) SI_UNIT ( $, .STERADIAN. ) SOLID_ANGLE_UNIT ( ) );
#91 = ORIENTED_EDGE ( 'NONE', *, *, #3979, .F. ) ;
#92 = FACE_OUTER_BOUND ( 'NONE', #3253, .T. ) ;
#93 = DIRECTION ( 'NONE',  ( 0.0000000000000000000, 0.0000000000000000000, 1.000000000000000000 ) ) ;
#94 = COLOUR_RGB ( '',0.7921568627450980005, 0.8196078431372548767, 0.9333333333333333481 ) ;
#95 = CARTESIAN_POINT ( 'NONE',  ( -1.905000000000000471, 1.179999999999940874, -3.037721543909709165 ) ) ;
#96 = ORIENTED_EDGE ( 'NONE', *, *, #3073, .F. ) ;
#97 = CARTESIAN_POINT ( 'NONE',  ( -2.155000000000000693, 1.179999999999940652, 3.696407327450841329 ) ) ;
#98 =( NAMED_UNIT ( * ) PLANE_ANGLE_UNIT ( ) SI_UNIT ( $, .RADIAN. ) );
#99 = STYLED_ITEM ( 'NONE', ( #1694 ), #1409 ) ;
#100 = UNCERTAINTY_MEASURE_WITH_UNIT (LENGTH_MEASURE( 1.000000000000000082E-05 ), #876, 'distance_accuracy_value', 'NONE');
#101 = ORIENTED_EDGE ( 'NONE', *, *, #947, .F. ) ;
#102 = DIRECTION ( 'NONE',  ( -0.6398927117843711265, -0.6398927117843768997, -0.4255286533366232637 ) ) ;
#103 = FACE_OUTER_BOUND ( 'NONE', #2120, .T. ) ;
#104 = FILL_AREA_STYLE ('',( #3939 ) ) ;
#105 = UNCERTAINTY_MEASURE_WITH_UNIT (LENGTH_MEASURE( 1.000000000000000082E-05 ), #4755, 'distance_accuracy_value', 'NONE');
#106 = CARTESIAN_POINT ( 'NONE',  ( -2.254999999999999893, -3.229785454813289824, 4.980000000000001315 ) ) ;
#107 = ORIENTED_EDGE ( 'NONE', *, *, #2970, .F. ) ;
#108 = STYLED_ITEM ( 'NONE', ( #3332 ), #2986 ) ;
#109 = SURFACE_STYLE_FILL_AREA ( #1896 ) ;
#110 = CARTESIAN_POINT ( 'NONE',  ( 3.174999999999999822, -0.6897854548132907881, 4.939814654901676150 ) ) ;
#111 =( NAMED_UNIT ( * ) SI_UNIT ( $, .STERADIAN. ) SOLID_ANGLE_UNIT ( ) );
#112 = EDGE_CURVE ( 'NONE', #634, #4870, #263, .T. ) ;
#113 = EDGE_CURVE ( 'NONE', #979, #326, #2282, .T. ) ;
#114 = VERTEX_POINT ( 'NONE', #4948 ) ;
#115 = SURFACE_SIDE_STYLE ('',( #2910 ) ) ;
#116 = CARTESIAN_POINT ( 'NONE',  ( 2.155000000000000693, 1.379999999999940830, -3.803592672549160447 ) ) ;
#117 = FACE_OUTER_BOUND ( 'NONE', #1999, .T. ) ;
#118 = VERTEX_POINT ( 'NONE', #1097 ) ;
#119 = AXIS2_PLACEMENT_3D ( 'NONE', #3452, #1101, #1494 ) ;
#120 = CARTESIAN_POINT ( 'NONE',  ( 3.174999999999999822, 1.379999999999941052, -3.037721543909709609 ) ) ;
#121 = DIRECTION ( 'NONE',  ( 0.0000000000000000000, -0.0000000000000000000, 1.000000000000000000 ) ) ;
#122 = ORIENTED_EDGE ( 'NONE', *, *, #2021, .F. ) ;
#123 = CARTESIAN_POINT ( 'NONE',  ( -0.6350000000000001199, -0.6897854548132905661, 2.884066873769634763E-16 ) ) ;
#124 = CARTESIAN_POINT ( 'NONE',  ( 0.6349999999999996758, 1.279999999999940963, -3.050000000000000266 ) ) ;
#125 = PRESENTATION_STYLE_ASSIGNMENT (( #976 ) ) ;
#126 = CARTESIAN_POINT ( 'NONE',  ( -2.254999999999999893, -1.297579787036334587, -5.180000000000001492 ) ) ;
#127 = UNCERTAINTY_MEASURE_WITH_UNIT (LENGTH_MEASURE( 1.000000000000000082E-05 ), #2831, 'distance_accuracy_value', 'NONE');
#128 =( NAMED_UNIT ( * ) PLANE_ANGLE_UNIT ( ) SI_UNIT ( $, .RADIAN. ) );
#129 = EDGE_LOOP ( 'NONE', ( #2449, #1505, #3792, #4594, #1489, #522 ) ) ;
#130 = EDGE_LOOP ( 'NONE', ( #60, #1287, #4061, #578, #4306 ) ) ;
#131 = PLANE ( 'NONE',  #4435 ) ;
#132 = CARTESIAN_POINT ( 'NONE',  ( 3.174999999999999822, 1.179999999999940652, -3.696407327450840885 ) ) ;
#133 = LINE ( 'NONE', #2049, #309 ) ;
#134 = COLOUR_RGB ( '',1.000000000000000000, 1.000000000000000000, 1.000000000000000000 ) ;
#135 = ORIENTED_EDGE ( 'NONE', *, *, #4699, .T. ) ;
#136 = CARTESIAN_POINT ( 'NONE',  ( -2.665000000000000480, -3.229785454813289824, -4.980000000000001315 ) ) ;
#137 = STYLED_ITEM ( 'NONE', ( #231 ), #2230 ) ;
#138 = DIRECTION ( 'NONE',  ( -0.0000000000000000000, 1.000000000000000000, 0.0000000000000000000 ) ) ;
#139 = ADVANCED_FACE ( 'NONE', ( #1140 ), #4762, .F. ) ;
#140 = COLOUR_RGB ( '',1.000000000000000000, 1.000000000000000000, 1.000000000000000000 ) ;
#141 = LINE ( 'NONE', #1224, #378 ) ;
#142 = DIRECTION ( 'NONE',  ( -1.000000000000000000, -0.0000000000000000000, -0.0000000000000000000 ) ) ;
#143 = EDGE_CURVE ( 'NONE', #1360, #1565, #2874, .T. ) ;
#144 = DIRECTION ( 'NONE',  ( 0.0000000000000000000, -0.9925461516413212060, 0.1218693434051534991 ) ) ;
#145 = AXIS2_PLACEMENT_3D ( 'NONE', #1518, #1485, #1895 ) ;
#146 = PLANE ( 'NONE',  #3623 ) ;
#147 =( LENGTH_UNIT ( ) NAMED_UNIT ( * ) SI_UNIT ( .MILLI., .METRE. ) );
#148 = FACE_OUTER_BOUND ( 'NONE', #1022, .T. ) ;
#149 = CARTESIAN_POINT ( 'NONE',  ( 3.124293972555286736, -0.7502145451867081594, 4.980000000000000426 ) ) ;
#150 = AXIS2_PLACEMENT_3D ( 'NONE', #2540, #702, #4500 ) ;
#151 = ORIENTED_EDGE ( 'NONE', *, *, #42, .T. ) ;
#152 = COLOUR_RGB ( '',1.000000000000000000, 1.000000000000000000, 1.000000000000000000 ) ;
#153 = DIRECTION ( 'NONE',  ( 0.0000000000000000000, -0.8326902705830219187, 0.5537390299377259462 ) ) ;
#154 = EDGE_LOOP ( 'NONE', ( #47, #4510, #2894, #4838, #2448, #2034, #3682, #673 ) ) ;
#155 = PRESENTATION_LAYER_ASSIGNMENT (  '', '', ( #4363 ) ) ;
#156 = LINE ( 'NONE', #2861, #3082 ) ;
#157 = PLANE ( 'NONE',  #1834 ) ;
#158 = CARTESIAN_POINT ( 'NONE',  ( -2.254999999999999893, -1.297579787036334587, -5.180000000000001492 ) ) ;
#159 = ORIENTED_EDGE ( 'NONE', *, *, #369, .F. ) ;
#160 = VECTOR ( 'NONE', #2902, 1000.000000000000000 ) ;
#161 = DIRECTION ( 'NONE',  ( 0.7071067811865441310, 0.7071067811865507924, 0.0000000000000000000 ) ) ;
#162 = SURFACE_SIDE_STYLE ('',( #878 ) ) ;
#163 = FILL_AREA_STYLE_COLOUR ( '', #2433 ) ;
#164 = PRESENTATION_LAYER_ASSIGNMENT (  '', '', ( #3340 ) ) ;
#165 = ORIENTED_EDGE ( 'NONE', *, *, #1498, .T. ) ;
#166 = VECTOR ( 'NONE', #801, 1000.000000000000000 ) ;
#167 = UNCERTAINTY_MEASURE_WITH_UNIT (LENGTH_MEASURE( 1.000000000000000082E-05 ), #3834, 'distance_accuracy_value', 'NONE');
#168 = EDGE_LOOP ( 'NONE', ( #3843, #2750, #4910, #1878 ) ) ;
#169 = SURFACE_STYLE_FILL_AREA ( #1609 ) ;
#170 = DIRECTION ( 'NONE',  ( 0.0000000000000000000, -0.8326902705830219187, -0.5537390299377258351 ) ) ;
#171 = VECTOR ( 'NONE', #4011, 1000.000000000000114 ) ;
#172 = DIRECTION ( 'NONE',  ( 0.0000000000000000000, 0.8326902705830219187, -0.5537390299377259462 ) ) ;
#173 = MECHANICAL_DESIGN_GEOMETRIC_PRESENTATION_REPRESENTATION (  '', ( #3347 ), #4412 ) ;
#174 = FACE_OUTER_BOUND ( 'NONE', #3182, .T. ) ;
#175 = ORIENTED_EDGE ( 'NONE', *, *, #4844, .F. ) ;
#176 = DIRECTION ( 'NONE',  ( -1.000000000000000000, -0.0000000000000000000, -0.0000000000000000000 ) ) ;
#177 = CARTESIAN_POINT ( 'NONE',  ( 0.6349999999999996758, 1.379999999999940830, -3.803592672549160891 ) ) ;
#178 = EDGE_CURVE ( 'NONE', #3278, #1188, #17, .T. ) ;
#179 = EDGE_CURVE ( 'NONE', #553, #2505, #141, .T. ) ;
#180 = VERTEX_POINT ( 'NONE', #2394 ) ;
#181 =( NAMED_UNIT ( * ) SI_UNIT ( $, .STERADIAN. ) SOLID_ANGLE_UNIT ( ) );
#182 =( NAMED_UNIT ( * ) PLANE_ANGLE_UNIT ( ) SI_UNIT ( $, .RADIAN. ) );
#183 = DIRECTION ( 'NONE',  ( 0.0000000000000000000, 1.000000000000000000, 0.0000000000000000000 ) ) ;
#184 = FACE_OUTER_BOUND ( 'NONE', #4686, .T. ) ;
#185 = ORIENTED_EDGE ( 'NONE', *, *, #1569, .T. ) ;
#186 = PRESENTATION_LAYER_ASSIGNMENT (  '', '', ( #3983 ) ) ;
#187 = CARTESIAN_POINT ( 'NONE',  ( 3.174999999999999822, 1.179999999999940874, -3.049999999999999822 ) ) ;
#188 = LINE ( 'NONE', #2081, #1313 ) ;
#189 = LINE ( 'NONE', #177, #2924 ) ;
#190 = ORIENTED_EDGE ( 'NONE', *, *, #468, .T. ) ;
#191 = DIRECTION ( 'NONE',  ( 0.0000000000000000000, 0.0000000000000000000, -1.000000000000000000 ) ) ;
#192 = FILL_AREA_STYLE ('',( #4021 ) ) ;
#193 = CARTESIAN_POINT ( 'NONE',  ( -2.665000000000000924, -1.297579787036334587, -4.980000000000001315 ) ) ;
#194 = LINE ( 'NONE', #4491, #2541 ) ;
#195 = UNCERTAINTY_MEASURE_WITH_UNIT (LENGTH_MEASURE( 1.000000000000000082E-05 ), #1013, 'distance_accuracy_value', 'NONE');
#196 = DIRECTION ( 'NONE',  ( 0.5727524859299126803, 0.6825798327742351734, 0.4539155887948797541 ) ) ;
#197 = ORIENTED_EDGE ( 'NONE', *, *, #1748, .T. ) ;
#198 = PRESENTATION_LAYER_ASSIGNMENT (  '', '', ( #3280 ) ) ;
#199 = FACE_OUTER_BOUND ( 'NONE', #3085, .T. ) ;
#200 = DIRECTION ( 'NONE',  ( 0.0000000000000000000, -2.877422278584525882E-16, -1.000000000000000000 ) ) ;
#201 = LINE ( 'NONE', #1388, #4633 ) ;
#202 = COLOUR_RGB ( '',1.000000000000000000, 1.000000000000000000, 1.000000000000000000 ) ;
#203 = UNCERTAINTY_MEASURE_WITH_UNIT (LENGTH_MEASURE( 1.000000000000000082E-05 ), #1074, 'distance_accuracy_value', 'NONE');
#204 =( NAMED_UNIT ( * ) SI_UNIT ( $, .STERADIAN. ) SOLID_ANGLE_UNIT ( ) );
#205 = COLOUR_RGB ( '',1.000000000000000000, 1.000000000000000000, 1.000000000000000000 ) ;
#206 = SURFACE_STYLE_FILL_AREA ( #2470 ) ;
#207 = MECHANICAL_DESIGN_GEOMETRIC_PRESENTATION_REPRESENTATION (  '', ( #108 ), #3542 ) ;
#208 = CARTESIAN_POINT ( 'NONE',  ( -0.2050000000000002931, -1.150299106695227759E-17, -5.180000000000001492 ) ) ;
#209 = PLANE ( 'NONE',  #1911 ) ;
#210 = LINE ( 'NONE', #4592, #3203 ) ;
#211 = LINE ( 'NONE', #413, #2692 ) ;
#212 = ORIENTED_EDGE ( 'NONE', *, *, #2430, .T. ) ;
#213 = EDGE_CURVE ( 'NONE', #224, #4503, #3067, .T. ) ;
#214 =( NAMED_UNIT ( * ) SI_UNIT ( $, .STERADIAN. ) SOLID_ANGLE_UNIT ( ) );
#215 = VECTOR ( 'NONE', #3287, 1000.000000000000114 ) ;
#216 =( GEOMETRIC_REPRESENTATION_CONTEXT ( 3 ) GLOBAL_UNCERTAINTY_ASSIGNED_CONTEXT ( ( #891 ) ) GLOBAL_UNIT_ASSIGNED_CONTEXT ( ( #3, #2585, #749 ) ) REPRESENTATION_CONTEXT ( 'NONE', 'WORKASPACE' ) );
#217 = VERTEX_POINT ( 'NONE', #2004 ) ;
#218 = ADVANCED_FACE ( 'NONE', ( #2804 ), #3967, .F. ) ;
#219 = CARTESIAN_POINT ( 'NONE',  ( 3.387593434265845804, 1.232593434265855992, 3.901618038762330265 ) ) ;
#220 = CARTESIAN_POINT ( 'NONE',  ( 2.155000000000000693, 0.0000000000000000000, -5.180000000000001492 ) ) ;
#221 = ORIENTED_EDGE ( 'NONE', *, *, #1628, .F. ) ;
#222 =( NAMED_UNIT ( * ) SI_UNIT ( $, .STERADIAN. ) SOLID_ANGLE_UNIT ( ) );
#223 = LINE ( 'NONE', #2914, #3025 ) ;
#224 = VERTEX_POINT ( 'NONE', #3199 ) ;
#225 = FILL_AREA_STYLE ('',( #2121 ) ) ;
#226 = ORIENTED_EDGE ( 'NONE', *, *, #3948, .F. ) ;
#227 = CARTESIAN_POINT ( 'NONE',  ( -2.749468363889458367, 0.5944683638894633360, 4.085785865464320210 ) ) ;
#228 = PRESENTATION_LAYER_ASSIGNMENT (  '', '', ( #3616 ) ) ;
#229 = ORIENTED_EDGE ( 'NONE', *, *, #1967, .F. ) ;
#230 = STYLED_ITEM ( 'NONE', ( #2299 ), #2642 ) ;
#231 = PRESENTATION_STYLE_ASSIGNMENT (( #2265 ) ) ;
#232 = FILL_AREA_STYLE ('',( #4881 ) ) ;
#233 = ADVANCED_FACE ( 'NONE', ( #2683 ), #1986, .F. ) ;
#234 = FACE_OUTER_BOUND ( 'NONE', #1576, .T. ) ;
#235 = EDGE_CURVE ( 'NONE', #437, #3899, #4695, .T. ) ;
#236 = ORIENTED_EDGE ( 'NONE', *, *, #1117, .F. ) ;
#237 = FILL_AREA_STYLE_COLOUR ( '', #94 ) ;
#238 = VECTOR ( 'NONE', #4031, 1000.000000000000000 ) ;
#239 = CARTESIAN_POINT ( 'NONE',  ( 3.174999999999999822, 1.379999999999941052, -3.037721543909709609 ) ) ;
#240 = PRESENTATION_LAYER_ASSIGNMENT (  '', '', ( #2613 ) ) ;
#241 = FILL_AREA_STYLE ('',( #4839 ) ) ;
#242 = DIRECTION ( 'NONE',  ( 0.0000000000000000000, -1.000000000000000000, 0.0000000000000000000 ) ) ;
#243 = EDGE_CURVE ( 'NONE', #2012, #2784, #2936, .T. ) ;
#244 =( GEOMETRIC_REPRESENTATION_CONTEXT ( 3 ) GLOBAL_UNCERTAINTY_ASSIGNED_CONTEXT ( ( #105 ) ) GLOBAL_UNIT_ASSIGNED_CONTEXT ( ( #4755, #1324, #3646 ) ) REPRESENTATION_CONTEXT ( 'NONE', 'WORKASPACE' ) );
#245 = DIRECTION ( 'NONE',  ( 0.0000000000000000000, 0.0000000000000000000, 1.000000000000000000 ) ) ;
#246 = DIRECTION ( 'NONE',  ( -1.000000000000000000, -0.0000000000000000000, -0.0000000000000000000 ) ) ;
#247 = UNCERTAINTY_MEASURE_WITH_UNIT (LENGTH_MEASURE( 1.000000000000000082E-05 ), #2921, 'distance_accuracy_value', 'NONE');
#248 = ORIENTED_EDGE ( 'NONE', *, *, #2000, .T. ) ;
#249 = MECHANICAL_DESIGN_GEOMETRIC_PRESENTATION_REPRESENTATION (  '', ( #1027 ), #997 ) ;
#250 = ORIENTED_EDGE ( 'NONE', *, *, #1177, .T. ) ;
#251 = CARTESIAN_POINT ( 'NONE',  ( 2.254999999999999893, 0.0000000000000000000, -5.180000000000001492 ) ) ;
#252 = UNCERTAINTY_MEASURE_WITH_UNIT (LENGTH_MEASURE( 1.000000000000000082E-05 ), #746, 'distance_accuracy_value', 'NONE');
#253 = VECTOR ( 'NONE', #679, 1000.000000000000114 ) ;
#254 = CARTESIAN_POINT ( 'NONE',  ( -1.905000000000000471, -0.7502145451867079373, 4.980000000000001315 ) ) ;
#255 = PRESENTATION_STYLE_ASSIGNMENT (( #4035 ) ) ;
#256 =( GEOMETRIC_REPRESENTATION_CONTEXT ( 3 ) GLOBAL_UNCERTAINTY_ASSIGNED_CONTEXT ( ( #100 ) ) GLOBAL_UNIT_ASSIGNED_CONTEXT ( ( #876, #2413, #2359 ) ) REPRESENTATION_CONTEXT ( 'NONE', 'WORKASPACE' ) );
#257 = COLOUR_RGB ( '',1.000000000000000000, 1.000000000000000000, 1.000000000000000000 ) ;
#258 = UNCERTAINTY_MEASURE_WITH_UNIT (LENGTH_MEASURE( 1.000000000000000082E-05 ), #3790, 'distance_accuracy_value', 'NONE');
#259 = ADVANCED_FACE ( 'NONE', ( #958 ), #4798, .F. ) ;
#260 =( LENGTH_UNIT ( ) NAMED_UNIT ( * ) SI_UNIT ( .MILLI., .METRE. ) );
#261 = FILL_AREA_STYLE ('',( #3745 ) ) ;
#262 = COLOUR_RGB ( '',1.000000000000000000, 1.000000000000000000, 1.000000000000000000 ) ;
#263 = LINE ( 'NONE', #3416, #2168 ) ;
#264 = CARTESIAN_POINT ( 'NONE',  ( -0.7484104718430666381, -0.5294825664389722908, -5.180000000000001492 ) ) ;
#265 = VERTEX_POINT ( 'NONE', #2510 ) ;
#266 = MECHANICAL_DESIGN_GEOMETRIC_PRESENTATION_REPRESENTATION (  '', ( #4236 ), #949 ) ;
#267 =( NAMED_UNIT ( * ) SI_UNIT ( $, .STERADIAN. ) SOLID_ANGLE_UNIT ( ) );
#268 = CARTESIAN_POINT ( 'NONE',  ( 3.174999999999999822, 1.379999999999940830, 3.803592672549160447 ) ) ;
#269 = EDGE_CURVE ( 'NONE', #654, #4421, #2934, .T. ) ;
#270 = EDGE_LOOP ( 'NONE', ( #277, #1340, #2054, #297, #3094, #1732 ) ) ;
#271 = STYLED_ITEM ( 'NONE', ( #1252 ), #4533 ) ;
#272 = CARTESIAN_POINT ( 'NONE',  ( 2.665000000000000924, -1.297579787036334587, -5.180000000000001492 ) ) ;
#273 =( NAMED_UNIT ( * ) PLANE_ANGLE_UNIT ( ) SI_UNIT ( $, .RADIAN. ) );
#274 = STYLED_ITEM ( 'NONE', ( #3510 ), #729 ) ;
#275 = ORIENTED_EDGE ( 'NONE', *, *, #742, .T. ) ;
#276 = CARTESIAN_POINT ( 'NONE',  ( 0.6349999999999996758, 1.179999999999940874, 3.037721543909709165 ) ) ;
#277 = ORIENTED_EDGE ( 'NONE', *, *, #3686, .F. ) ;
#278 = LINE ( 'NONE', #4313, #518 ) ;
#279 =( NAMED_UNIT ( * ) SI_UNIT ( $, .STERADIAN. ) SOLID_ANGLE_UNIT ( ) );
#280 = ADVANCED_FACE ( 'NONE', ( #80 ), #2199, .F. ) ;
#281 = CARTESIAN_POINT ( 'NONE',  ( 0.6349999999999996758, 1.379999999999941052, 3.037721543909710054 ) ) ;
#282 = SURFACE_STYLE_USAGE ( .BOTH. , #2167 ) ;
#283 = COLOUR_RGB ( '',1.000000000000000000, 1.000000000000000000, 1.000000000000000000 ) ;
#284 = STYLED_ITEM ( 'NONE', ( #704 ), #1704 ) ;
#285 = ORIENTED_EDGE ( 'NONE', *, *, #989, .F. ) ;
#286 = DIRECTION ( 'NONE',  ( -1.000000000000000000, 0.0000000000000000000, -0.0000000000000000000 ) ) ;
#287 = FACE_OUTER_BOUND ( 'NONE', #1517, .T. ) ;
#288 =( NAMED_UNIT ( * ) SI_UNIT ( $, .STERADIAN. ) SOLID_ANGLE_UNIT ( ) );
#289 = ORIENTED_EDGE ( 'NONE', *, *, #2619, .F. ) ;
#290 = DIRECTION ( 'NONE',  ( -2.805607577305429395E-17, 1.000000000000000000, 0.0000000000000000000 ) ) ;
#291 = CARTESIAN_POINT ( 'NONE',  ( 3.145244481646391588, -0.7252467007107064045, 4.980000000000000426 ) ) ;
#292 =( GEOMETRIC_REPRESENTATION_CONTEXT ( 3 ) GLOBAL_UNCERTAINTY_ASSIGNED_CONTEXT ( ( #1237 ) ) GLOBAL_UNIT_ASSIGNED_CONTEXT ( ( #3463, #1508, #1096 ) ) REPRESENTATION_CONTEXT ( 'NONE', 'WORKASPACE' ) );
#293 = ORIENTED_EDGE ( 'NONE', *, *, #2279, .F. ) ;
#294 = CARTESIAN_POINT ( 'NONE',  ( -3.175000000000000266, 1.279999999999940963, -3.050000000000000266 ) ) ;
#295 = EDGE_CURVE ( 'NONE', #4588, #2178, #2740, .T. ) ;
#296 = DIRECTION ( 'NONE',  ( -0.0000000000000000000, -0.0000000000000000000, 1.000000000000000000 ) ) ;
#297 = ORIENTED_EDGE ( 'NONE', *, *, #3056, .T. ) ;
#298 =( GEOMETRIC_REPRESENTATION_CONTEXT ( 3 ) GLOBAL_UNCERTAINTY_ASSIGNED_CONTEXT ( ( #1746 ) ) GLOBAL_UNIT_ASSIGNED_CONTEXT ( ( #3672, #929, #4821 ) ) REPRESENTATION_CONTEXT ( 'NONE', 'WORKASPACE' ) );
#299 = CARTESIAN_POINT ( 'NONE',  ( 2.155000000000000693, 1.279999999999940963, -3.049999999999999822 ) ) ;
#300 = PRESENTATION_STYLE_ASSIGNMENT (( #3559 ) ) ;
#301 = VECTOR ( 'NONE', #196, 1000.000000000000114 ) ;
#302 = ORIENTED_EDGE ( 'NONE', *, *, #1874, .F. ) ;
#303 = AXIS2_PLACEMENT_3D ( 'NONE', #4897, #1477, #1030 ) ;
#304 =( LENGTH_UNIT ( ) NAMED_UNIT ( * ) SI_UNIT ( .MILLI., .METRE. ) );
#305 = ADVANCED_FACE ( 'NONE', ( #725 ), #2229, .T. ) ;
#306 = FACE_OUTER_BOUND ( 'NONE', #1417, .T. ) ;
#307 =( GEOMETRIC_REPRESENTATION_CONTEXT ( 3 ) GLOBAL_UNCERTAINTY_ASSIGNED_CONTEXT ( ( #1522 ) ) GLOBAL_UNIT_ASSIGNED_CONTEXT ( ( #1394, #1357, #4406 ) ) REPRESENTATION_CONTEXT ( 'NONE', 'WORKASPACE' ) );
#308 = CARTESIAN_POINT ( 'NONE',  ( 3.174999999999999822, 1.179999999999940874, -3.037721543909708721 ) ) ;
#309 = VECTOR ( 'NONE', #527, 1000.000000000000000 ) ;
#310 = VECTOR ( 'NONE', #2987, 1000.000000000000000 ) ;
#311 =( LENGTH_UNIT ( ) NAMED_UNIT ( * ) SI_UNIT ( .MILLI., .METRE. ) );
#312 = DIRECTION ( 'NONE',  ( -0.6427876096865408062, 0.7660444431189766812, 0.0000000000000000000 ) ) ;
#313 = ORIENTED_EDGE ( 'NONE', *, *, #3419, .F. ) ;
#314 = LINE ( 'NONE', #3805, #3258 ) ;
#315 = CARTESIAN_POINT ( 'NONE',  ( -2.254999999999999893, -1.297579787036334587, 4.980000000000001315 ) ) ;
#316 = FILL_AREA_STYLE_COLOUR ( '', #2501 ) ;
#317 = FILL_AREA_STYLE ('',( #4187 ) ) ;
#318 = UNCERTAINTY_MEASURE_WITH_UNIT (LENGTH_MEASURE( 1.000000000000000082E-05 ), #3848, 'distance_accuracy_value', 'NONE');
#319 = SURFACE_STYLE_FILL_AREA ( #694 ) ;
#320 = LINE ( 'NONE', #4252, #3133 ) ;
#321 = PRESENTATION_STYLE_ASSIGNMENT (( #1832 ) ) ;
#322 = PRESENTATION_STYLE_ASSIGNMENT (( #2843 ) ) ;
#323 = VECTOR ( 'NONE', #785, 999.9999999999998863 ) ;
#324 = AXIS2_PLACEMENT_3D ( 'NONE', #4519, #1396, #1472 ) ;
#325 = COLOUR_RGB ( '',1.000000000000000000, 1.000000000000000000, 1.000000000000000000 ) ;
#326 = VERTEX_POINT ( 'NONE', #637 ) ;
#327 = FILL_AREA_STYLE_COLOUR ( '', #848 ) ;
#328 = LINE ( 'NONE', #1304, #4890 ) ;
#329 = PLANE ( 'NONE',  #540 ) ;
#330 = ORIENTED_EDGE ( 'NONE', *, *, #3021, .F. ) ;
#331 = EDGE_CURVE ( 'NONE', #3829, #3296, #194, .T. ) ;
#332 = DIRECTION ( 'NONE',  ( -1.000000000000000000, -0.0000000000000000000, 0.0000000000000000000 ) ) ;
#333 = STYLED_ITEM ( 'NONE', ( #1392 ), #3669 ) ;
#334 = FILL_AREA_STYLE_COLOUR ( '', #1054 ) ;
#335 = ADVANCED_FACE ( 'NONE', ( #306 ), #3437, .T. ) ;
#336 = CARTESIAN_POINT ( 'NONE',  ( 3.174999999999999822, -3.229785454813289824, 4.980000000000000426 ) ) ;
#337 = ORIENTED_EDGE ( 'NONE', *, *, #493, .T. ) ;
#338 = VERTEX_POINT ( 'NONE', #1903 ) ;
#339 = EDGE_CURVE ( 'NONE', #778, #4346, #1736, .T. ) ;
#340 = PLANE ( 'NONE',  #448 ) ;
#341 = MECHANICAL_DESIGN_GEOMETRIC_PRESENTATION_REPRESENTATION (  '', ( #2554 ), #685 ) ;
#342 = ORIENTED_EDGE ( 'NONE', *, *, #3718, .T. ) ;
#343 = LINE ( 'NONE', #4663, #3090 ) ;
#344 = DIRECTION ( 'NONE',  ( -1.000000000000000000, -0.0000000000000000000, 0.0000000000000000000 ) ) ;
#345 = UNCERTAINTY_MEASURE_WITH_UNIT (LENGTH_MEASURE( 1.000000000000000082E-05 ), #3145, 'distance_accuracy_value', 'NONE');
#346 = SURFACE_STYLE_USAGE ( .BOTH. , #4181 ) ;
#347 = MECHANICAL_DESIGN_GEOMETRIC_PRESENTATION_REPRESENTATION (  '', ( #2997 ), #590 ) ;
#348 = VERTEX_POINT ( 'NONE', #1135 ) ;
#349 = CARTESIAN_POINT ( 'NONE',  ( 2.155000000000000693, 1.379999999999941052, -5.180000000000001492 ) ) ;
#350 = CARTESIAN_POINT ( 'NONE',  ( 3.086266979436329900E-16, 0.0000000000000000000, 2.892835762044282166 ) ) ;
#351 = FILL_AREA_STYLE_COLOUR ( '', #3167 ) ;
#352 = PRESENTATION_STYLE_ASSIGNMENT (( #3212 ) ) ;
#353 = ORIENTED_EDGE ( 'NONE', *, *, #4964, .T. ) ;
#354 =( NAMED_UNIT ( * ) SI_UNIT ( $, .STERADIAN. ) SOLID_ANGLE_UNIT ( ) );
#355 = LINE ( 'NONE', #2223, #4307 ) ;
#356 = SURFACE_STYLE_USAGE ( .BOTH. , #3007 ) ;
#357 =( NAMED_UNIT ( * ) SI_UNIT ( $, .STERADIAN. ) SOLID_ANGLE_UNIT ( ) );
#358 = STYLED_ITEM ( 'NONE', ( #1510 ), #1438 ) ;
#359 = PRESENTATION_STYLE_ASSIGNMENT (( #2133 ) ) ;
#360 = ORIENTED_EDGE ( 'NONE', *, *, #1023, .F. ) ;
#361 =( NAMED_UNIT ( * ) PLANE_ANGLE_UNIT ( ) SI_UNIT ( $, .RADIAN. ) );
#362 = ADVANCED_FACE ( 'NONE', ( #2013 ), #3072, .F. ) ;
#363 = SURFACE_STYLE_USAGE ( .BOTH. , #2660 ) ;
#364 = PLANE ( 'NONE',  #3164 ) ;
#365 = AXIS2_PLACEMENT_3D ( 'NONE', #1000, #1371, #4074 ) ;
#366 = DIRECTION ( 'NONE',  ( 0.4990263461614615204, 0.8665868137911754143, 0.0000000000000000000 ) ) ;
#367 = DIRECTION ( 'NONE',  ( -0.0000000000000000000, -0.0000000000000000000, 1.000000000000000000 ) ) ;
#368 = EDGE_CURVE ( 'NONE', #4332, #1172, #4369, .T. ) ;
#369 = EDGE_CURVE ( 'NONE', #4397, #1762, #402, .T. ) ;
#370 = PRESENTATION_STYLE_ASSIGNMENT (( #3270 ) ) ;
#371 = SURFACE_STYLE_FILL_AREA ( #2635 ) ;
#372 = ORIENTED_EDGE ( 'NONE', *, *, #1123, .F. ) ;
#373 = PRESENTATION_LAYER_ASSIGNMENT (  '', '', ( #2092 ) ) ;
#374 = EDGE_CURVE ( 'NONE', #1843, #1033, #3223, .T. ) ;
#375 = STYLED_ITEM ( 'NONE', ( #255 ), #233 ) ;
#376 = CARTESIAN_POINT ( 'NONE',  ( -1.931132539061443332, -0.7351660523222688370, 4.980000000000001315 ) ) ;
#377 = CARTESIAN_POINT ( 'NONE',  ( 2.254999999999999893, -1.297579787036334364, -5.180000000000001492 ) ) ;
#378 = VECTOR ( 'NONE', #3583, 1000.000000000000000 ) ;
#379 = DIRECTION ( 'NONE',  ( 0.9925461516413224272, 0.1218693434051447144, 0.0000000000000000000 ) ) ;
#380 = SURFACE_STYLE_USAGE ( .BOTH. , #2355 ) ;
#381 = MECHANICAL_DESIGN_GEOMETRIC_PRESENTATION_REPRESENTATION (  '', ( #2933 ), #1946 ) ;
#382 = FILL_AREA_STYLE ('',( #351 ) ) ;
#383 = ADVANCED_FACE ( 'NONE', ( #4483 ), #1512, .F. ) ;
#384 = COLOUR_RGB ( '',1.000000000000000000, 1.000000000000000000, 1.000000000000000000 ) ;
#385 =( NAMED_UNIT ( * ) PLANE_ANGLE_UNIT ( ) SI_UNIT ( $, .RADIAN. ) );
#386 = ORIENTED_EDGE ( 'NONE', *, *, #1985, .T. ) ;
#387 = DIRECTION ( 'NONE',  ( -0.4990263461614615204, 0.8665868137911754143, -0.0000000000000000000 ) ) ;
#388 = FILL_AREA_STYLE ('',( #815 ) ) ;
#389 = ORIENTED_EDGE ( 'NONE', *, *, #2158, .F. ) ;
#390 = PRESENTATION_LAYER_ASSIGNMENT (  '', '', ( #137 ) ) ;
#391 = CARTESIAN_POINT ( 'NONE',  ( -2.155000000000000693, 1.379999999999941052, -5.180000000000001492 ) ) ;
#392 = EDGE_CURVE ( 'NONE', #338, #979, #671, .T. ) ;
#393 =( NAMED_UNIT ( * ) PLANE_ANGLE_UNIT ( ) SI_UNIT ( $, .RADIAN. ) );
#394 = VERTEX_POINT ( 'NONE', #3157 ) ;
#395 = LINE ( 'NONE', #4701, #691 ) ;
#396 = SURFACE_SIDE_STYLE ('',( #479 ) ) ;
#397 = PRESENTATION_LAYER_ASSIGNMENT (  '', '', ( #2749 ) ) ;
#398 = ORIENTED_EDGE ( 'NONE', *, *, #4546, .T. ) ;
#399 = DIRECTION ( 'NONE',  ( 0.0000000000000000000, 1.000000000000000000, 0.0000000000000000000 ) ) ;
#400 = UNCERTAINTY_MEASURE_WITH_UNIT (LENGTH_MEASURE( 1.000000000000000082E-05 ), #2816, 'distance_accuracy_value', 'NONE');
#401 = STYLED_ITEM ( 'NONE', ( #4437 ), #4709 ) ;
#402 = LINE ( 'NONE', #3403, #3344 ) ;
#403 = DIRECTION ( 'NONE',  ( 0.0000000000000000000, 0.0000000000000000000, -1.000000000000000000 ) ) ;
#404 = ORIENTED_EDGE ( 'NONE', *, *, #374, .T. ) ;
#405 = DIRECTION ( 'NONE',  ( -0.0000000000000000000, -0.0000000000000000000, 1.000000000000000000 ) ) ;
#406 = CARTESIAN_POINT ( 'NONE',  ( -0.2050000000000002098, -1.297579787036334587, -5.180000000000001492 ) ) ;
#407 = AXIS2_PLACEMENT_3D ( 'NONE', #2211, #2201, #3785 ) ;
#408 = UNCERTAINTY_MEASURE_WITH_UNIT (LENGTH_MEASURE( 1.000000000000000082E-05 ), #2415, 'distance_accuracy_value', 'NONE');
#409 = EDGE_LOOP ( 'NONE', ( #4409, #2710, #190, #4328, #4312 ) ) ;
#410 = DIRECTION ( 'NONE',  ( -1.000000000000000000, -0.0000000000000000000, 0.0000000000000000000 ) ) ;
#411 = FILL_AREA_STYLE ('',( #4294 ) ) ;
#412 = DIRECTION ( 'NONE',  ( 0.0000000000000000000, -0.0000000000000000000, 1.000000000000000000 ) ) ;
#413 = CARTESIAN_POINT ( 'NONE',  ( 0.6349999999999996758, 1.179999999999940874, 3.037721543909709165 ) ) ;
#414 = VECTOR ( 'NONE', #1978, 1000.000000000000114 ) ;
#415 = PRESENTATION_STYLE_ASSIGNMENT (( #4068 ) ) ;
#416 = ORIENTED_EDGE ( 'NONE', *, *, #1144, .T. ) ;
#417 = STYLED_ITEM ( 'NONE', ( #3603 ), #2157 ) ;
#418 = LINE ( 'NONE', #349, #710 ) ;
#419 = FILL_AREA_STYLE ('',( #3078 ) ) ;
#420 = SURFACE_SIDE_STYLE ('',( #2803 ) ) ;
#421 = FILL_AREA_STYLE_COLOUR ( '', #630 ) ;
#422 = FILL_AREA_STYLE_COLOUR ( '', #257 ) ;
#423 = ORIENTED_EDGE ( 'NONE', *, *, #2066, .T. ) ;
#424 = PRESENTATION_LAYER_ASSIGNMENT (  '', '', ( #2737 ) ) ;
#425 =( NAMED_UNIT ( * ) SI_UNIT ( $, .STERADIAN. ) SOLID_ANGLE_UNIT ( ) );
#426 = VECTOR ( 'NONE', #3389, 1000.000000000000000 ) ;
#427 = ORIENTED_EDGE ( 'NONE', *, *, #468, .F. ) ;
#428 = DIRECTION ( 'NONE',  ( -1.000000000000000000, -0.0000000000000000000, 0.0000000000000000000 ) ) ;
#429 = EDGE_CURVE ( 'NONE', #1310, #2693, #3325, .T. ) ;
#430 =( GEOMETRIC_REPRESENTATION_CONTEXT ( 3 ) GLOBAL_UNCERTAINTY_ASSIGNED_CONTEXT ( ( #3746 ) ) GLOBAL_UNIT_ASSIGNED_CONTEXT ( ( #713, #385, #357 ) ) REPRESENTATION_CONTEXT ( 'NONE', 'WORKASPACE' ) );
#431 = PRESENTATION_STYLE_ASSIGNMENT (( #2989 ) ) ;
#432 = FILL_AREA_STYLE_COLOUR ( '', #3968 ) ;
#433 = ORIENTED_EDGE ( 'NONE', *, *, #2582, .T. ) ;
#434 = DIRECTION ( 'NONE',  ( 0.0000000000000000000, 0.0000000000000000000, -1.000000000000000000 ) ) ;
#435 = LINE ( 'NONE', #3611, #3995 ) ;
#436 = DIRECTION ( 'NONE',  ( -1.000000000000000000, 0.0000000000000000000, -0.0000000000000000000 ) ) ;
#437 = VERTEX_POINT ( 'NONE', #4283 ) ;
#438 = FILL_AREA_STYLE ('',( #3960 ) ) ;
#439 = SURFACE_SIDE_STYLE ('',( #2082 ) ) ;
#440 = DIRECTION ( 'NONE',  ( 0.0000000000000000000, -0.5537390299377259462, 0.8326902705830219187 ) ) ;
#441 = AXIS2_PLACEMENT_3D ( 'NONE', #3582, #4308, #2003 ) ;
#442 = CARTESIAN_POINT ( 'NONE',  ( -1.289821544454908375, 0.2357885529477172504, 4.324307939740588580 ) ) ;
#443 = ORIENTED_EDGE ( 'NONE', *, *, #2222, .F. ) ;
#444 = VECTOR ( 'NONE', #3734, 1000.000000000000000 ) ;
#445 = EDGE_LOOP ( 'NONE', ( #1703, #917, #4985, #3432, #1028, #3108 ) ) ;
#446 = VECTOR ( 'NONE', #4123, 1000.000000000000000 ) ;
#447 = FILL_AREA_STYLE ('',( #1267 ) ) ;
#448 = AXIS2_PLACEMENT_3D ( 'NONE', #3057, #399, #2395 ) ;
#449 = SURFACE_STYLE_USAGE ( .BOTH. , #4287 ) ;
#450 = PRESENTATION_STYLE_ASSIGNMENT (( #2853 ) ) ;
#451 = FILL_AREA_STYLE_COLOUR ( '', #134 ) ;
#452 = ORIENTED_EDGE ( 'NONE', *, *, #1933, .T. ) ;
#453 = LINE ( 'NONE', #1572, #2964 ) ;
#454 = EDGE_CURVE ( 'NONE', #1565, #1861, #2457, .T. ) ;
#455 = FILL_AREA_STYLE_COLOUR ( '', #3906 ) ;
#456 = STYLED_ITEM ( 'NONE', ( #2106 ), #3820 ) ;
#457 = FILL_AREA_STYLE ('',( #4727 ) ) ;
#458 = DIRECTION ( 'NONE',  ( -0.0000000000000000000, 0.9925461516413212060, 0.1218693434051534991 ) ) ;
#459 = ORIENTED_EDGE ( 'NONE', *, *, #2835, .F. ) ;
#460 = PRESENTATION_LAYER_ASSIGNMENT (  '', '', ( #2248 ) ) ;
#461 = FACE_OUTER_BOUND ( 'NONE', #3880, .T. ) ;
#462 = ORIENTED_EDGE ( 'NONE', *, *, #4807, .F. ) ;
#463 = VECTOR ( 'NONE', #2175, 1000.000000000000000 ) ;
#464 = SURFACE_SIDE_STYLE ('',( #4215 ) ) ;
#465 = VECTOR ( 'NONE', #2965, 1000.000000000000000 ) ;
#466 = EDGE_LOOP ( 'NONE', ( #3649, #3358, #1573, #1700 ) ) ;
#467 = PLANE ( 'NONE',  #3066 ) ;
#468 = EDGE_CURVE ( 'NONE', #3731, #2599, #210, .T. ) ;
#469 = DIRECTION ( 'NONE',  ( 0.6427876096865408062, -0.7660444431189766812, 0.0000000000000000000 ) ) ;
#470 = PLANE ( 'NONE',  #1490 ) ;
#471 = COLOUR_RGB ( '',1.000000000000000000, 1.000000000000000000, 1.000000000000000000 ) ;
#472 = CARTESIAN_POINT ( 'NONE',  ( 0.2050000000000000988, -3.229785454813289824, -5.180000000000001492 ) ) ;
#473 = CARTESIAN_POINT ( 'NONE',  ( -3.175000000000000266, 0.0000000000000000000, 5.768133747539269525E-16 ) ) ;
#474 =( LENGTH_UNIT ( ) NAMED_UNIT ( * ) SI_UNIT ( .MILLI., .METRE. ) );
#475 = ADVANCED_FACE ( 'NONE', ( #4176 ), #3914, .F. ) ;
#476 = CARTESIAN_POINT ( 'NONE',  ( 3.269485970784797857, 1.114485970784807378, -3.739974156878905553 ) ) ;
#477 = PRESENTATION_LAYER_ASSIGNMENT (  '', '', ( #230 ) ) ;
#478 = SURFACE_SIDE_STYLE ('',( #3044 ) ) ;
#479 = SURFACE_STYLE_FILL_AREA ( #2667 ) ;
#480 = SURFACE_STYLE_FILL_AREA ( #2793 ) ;
#481 = ORIENTED_EDGE ( 'NONE', *, *, #2409, .F. ) ;
#482 = SURFACE_STYLE_USAGE ( .BOTH. , #4329 ) ;
#483 = EDGE_CURVE ( 'NONE', #2960, #654, #3997, .T. ) ;
#484 =( NAMED_UNIT ( * ) SI_UNIT ( $, .STERADIAN. ) SOLID_ANGLE_UNIT ( ) );
#485 = SURFACE_SIDE_STYLE ('',( #3928 ) ) ;
#486 = ORIENTED_EDGE ( 'NONE', *, *, #72, .T. ) ;
#487 = VERTEX_POINT ( 'NONE', #2727 ) ;
#488 = AXIS2_PLACEMENT_3D ( 'NONE', #1977, #4405, #161 ) ;
#489 = CARTESIAN_POINT ( 'NONE',  ( -2.665000000000000924, -3.229785454813289824, 5.180000000000001492 ) ) ;
#490 = UNCERTAINTY_MEASURE_WITH_UNIT (LENGTH_MEASURE( 1.000000000000000082E-05 ), #2494, 'distance_accuracy_value', 'NONE');
#491 = PRESENTATION_STYLE_ASSIGNMENT (( #3479 ) ) ;
#492 = CARTESIAN_POINT ( 'NONE',  ( -1.905000000000000471, -0.2500000000000030531, -4.647357327450831299 ) ) ;
#493 = EDGE_CURVE ( 'NONE', #1551, #2769, #4289, .T. ) ;
#494 = VECTOR ( 'NONE', #4532, 1000.000000000000000 ) ;
#495 = DIRECTION ( 'NONE',  ( 0.0000000000000000000, 0.9925461516413223162, 0.1218693434051450475 ) ) ;
#496 =( NAMED_UNIT ( * ) PLANE_ANGLE_UNIT ( ) SI_UNIT ( $, .RADIAN. ) );
#497 = DIRECTION ( 'NONE',  ( -1.000000000000000000, -0.0000000000000000000, 0.0000000000000000000 ) ) ;
#498 = AXIS2_PLACEMENT_3D ( 'NONE', #1990, #1210, #436 ) ;
#499 =( LENGTH_UNIT ( ) NAMED_UNIT ( * ) SI_UNIT ( .MILLI., .METRE. ) );
#500 = VERTEX_POINT ( 'NONE', #3934 ) ;
#501 = CARTESIAN_POINT ( 'NONE',  ( 3.174999999999999822, -0.6897854548132907881, 5.180000000000000604 ) ) ;
#502 = FILL_AREA_STYLE_COLOUR ( '', #3434 ) ;
#503 = COLOUR_RGB ( '',1.000000000000000000, 1.000000000000000000, 1.000000000000000000 ) ;
#504 = CARTESIAN_POINT ( 'NONE',  ( 2.254999999999999893, -1.297579787036334364, 4.980000000000001315 ) ) ;
#505 = ORIENTED_EDGE ( 'NONE', *, *, #983, .T. ) ;
#506 = ADVANCED_FACE ( 'NONE', ( #2630 ), #4271, .F. ) ;
#507 = FILL_AREA_STYLE_COLOUR ( '', #3473 ) ;
#508 = UNCERTAINTY_MEASURE_WITH_UNIT (LENGTH_MEASURE( 1.000000000000000082E-05 ), #1722, 'distance_accuracy_value', 'NONE');
#509 = VECTOR ( 'NONE', #1036, 1000.000000000000114 ) ;
#510 = PRESENTATION_LAYER_ASSIGNMENT (  '', '', ( #358 ) ) ;
#511 = ORIENTED_EDGE ( 'NONE', *, *, #1395, .F. ) ;
#512 = CARTESIAN_POINT ( 'NONE',  ( 3.174999999999999822, 1.279999999999940963, -3.049999999999999822 ) ) ;
#513 = CARTESIAN_POINT ( 'NONE',  ( -1.905000000000000471, -3.229785454813289824, 5.180000000000001492 ) ) ;
#514 =( NAMED_UNIT ( * ) PLANE_ANGLE_UNIT ( ) SI_UNIT ( $, .RADIAN. ) );
#515 =( NAMED_UNIT ( * ) PLANE_ANGLE_UNIT ( ) SI_UNIT ( $, .RADIAN. ) );
#516 = ORIENTED_EDGE ( 'NONE', *, *, #21, .T. ) ;
#517 = AXIS2_PLACEMENT_3D ( 'NONE', #4898, #625, #3320 ) ;
#518 = VECTOR ( 'NONE', #2007, 1000.000000000000000 ) ;
#519 =( NAMED_UNIT ( * ) PLANE_ANGLE_UNIT ( ) SI_UNIT ( $, .RADIAN. ) );
#520 = CARTESIAN_POINT ( 'NONE',  ( 2.665000000000000480, -3.229785454813290269, -5.180000000000001492 ) ) ;
#521 = EDGE_CURVE ( 'NONE', #3219, #2178, #1768, .T. ) ;
#522 = ORIENTED_EDGE ( 'NONE', *, *, #2844, .F. ) ;
#523 = CARTESIAN_POINT ( 'NONE',  ( 3.174999999999999822, 1.279999999999940963, -3.049999999999999822 ) ) ;
#524 = AXIS2_PLACEMENT_3D ( 'NONE', #764, #3456, #3008 ) ;
#525 = ORIENTED_EDGE ( 'NONE', *, *, #1211, .F. ) ;
#526 = UNCERTAINTY_MEASURE_WITH_UNIT (LENGTH_MEASURE( 1.000000000000000082E-05 ), #2478, 'distance_accuracy_value', 'NONE');
#527 = DIRECTION ( 'NONE',  ( 0.6398927117843705714, -0.6398927117843773438, -0.4255286533366235413 ) ) ;
#528 = VERTEX_POINT ( 'NONE', #149 ) ;
#529 =( LENGTH_UNIT ( ) NAMED_UNIT ( * ) SI_UNIT ( .MILLI., .METRE. ) );
#530 = VECTOR ( 'NONE', #3467, 1000.000000000000114 ) ;
#531 = PRESENTATION_STYLE_ASSIGNMENT (( #1584 ) ) ;
#532 = CARTESIAN_POINT ( 'NONE',  ( -2.155000000000000693, 1.379999999999941052, -3.037721543909710054 ) ) ;
#533 = PRESENTATION_LAYER_ASSIGNMENT (  '', '', ( #2726 ) ) ;
#534 = CARTESIAN_POINT ( 'NONE',  ( -1.905000000000000471, -0.2500000000000030531, 5.768133747539269525E-16 ) ) ;
#535 = EDGE_CURVE ( 'NONE', #3907, #4778, #3441, .T. ) ;
#536 = ORIENTED_EDGE ( 'NONE', *, *, #3927, .T. ) ;
#537 = VECTOR ( 'NONE', #2763, 1000.000000000000000 ) ;
#538 = ORIENTED_EDGE ( 'NONE', *, *, #2334, .F. ) ;
#539 = CARTESIAN_POINT ( 'NONE',  ( 0.0000000000000000000, 0.0000000000000000000, 0.0000000000000000000 ) ) ;
#540 = AXIS2_PLACEMENT_3D ( 'NONE', #3064, #1919, #1141 ) ;
#541 = CARTESIAN_POINT ( 'NONE',  ( 0.6349999999999996758, 1.279999999999940963, 3.050000000000000266 ) ) ;
#542 = ORIENTED_EDGE ( 'NONE', *, *, #4105, .F. ) ;
#543 = CARTESIAN_POINT ( 'NONE',  ( -3.175000000000000266, 1.279999999999940963, 3.050000000000000266 ) ) ;
#544 = DIRECTION ( 'NONE',  ( 0.0000000000000000000, -0.0000000000000000000, 1.000000000000000000 ) ) ;
#545 = EDGE_CURVE ( 'NONE', #2864, #3267, #3991, .T. ) ;
#546 = FILL_AREA_STYLE_COLOUR ( '', #2070 ) ;
#547 = MANIFOLD_SOLID_BREP ( 'Cut-Extrude2[5]', #1202 ) ;
#548 = ORIENTED_EDGE ( 'NONE', *, *, #113, .T. ) ;
#549 =( GEOMETRIC_REPRESENTATION_CONTEXT ( 3 ) GLOBAL_UNCERTAINTY_ASSIGNED_CONTEXT ( ( #615 ) ) GLOBAL_UNIT_ASSIGNED_CONTEXT ( ( #3165, #2052, #2735 ) ) REPRESENTATION_CONTEXT ( 'NONE', 'WORKASPACE' ) );
#550 = CARTESIAN_POINT ( 'NONE',  ( 0.6349999999999996758, 1.379999999999940830, 3.803592672549160891 ) ) ;
#551 = FILL_AREA_STYLE ('',( #3213 ) ) ;
#552 = PRESENTATION_LAYER_ASSIGNMENT (  '', '', ( #1152 ) ) ;
#553 = VERTEX_POINT ( 'NONE', #132 ) ;
#554 = PRESENTATION_LAYER_ASSIGNMENT (  '', '', ( #1942 ) ) ;
#555 = COLOUR_RGB ( '',1.000000000000000000, 1.000000000000000000, 1.000000000000000000 ) ;
#556 = VERTEX_POINT ( 'NONE', #3633 ) ;
#557 = DIRECTION ( 'NONE',  ( 0.0000000000000000000, 1.000000000000000000, 0.0000000000000000000 ) ) ;
#558 = PLANE ( 'NONE',  #365 ) ;
#559 = UNCERTAINTY_MEASURE_WITH_UNIT (LENGTH_MEASURE( 1.000000000000000082E-05 ), #2152, 'distance_accuracy_value', 'NONE');
#560 = CARTESIAN_POINT ( 'NONE',  ( -2.665000000000000924, -0.7502145451867081594, 4.980000000000001315 ) ) ;
#561 = ORIENTED_EDGE ( 'NONE', *, *, #2294, .T. ) ;
#562 = VECTOR ( 'NONE', #4736, 1000.000000000000000 ) ;
#563 = SURFACE_STYLE_USAGE ( .BOTH. , #962 ) ;
#564 =( GEOMETRIC_REPRESENTATION_CONTEXT ( 3 ) GLOBAL_UNCERTAINTY_ASSIGNED_CONTEXT ( ( #3324 ) ) GLOBAL_UNIT_ASSIGNED_CONTEXT ( ( #2940, #1790, #620 ) ) REPRESENTATION_CONTEXT ( 'NONE', 'WORKASPACE' ) );
#565 = PLANE ( 'NONE',  #1974 ) ;
#566 = ORIENTED_EDGE ( 'NONE', *, *, #3598, .F. ) ;
#567 = VECTOR ( 'NONE', #4400, 1000.000000000000114 ) ;
#568 = DIRECTION ( 'NONE',  ( -0.4990263461614615204, 0.8665868137911754143, 0.0000000000000000000 ) ) ;
#569 = ORIENTED_EDGE ( 'NONE', *, *, #866, .T. ) ;
#570 = VECTOR ( 'NONE', #739, 999.9999999999998863 ) ;
#571 = DIRECTION ( 'NONE',  ( 1.000000000000000000, 5.611215154610858790E-17, 0.0000000000000000000 ) ) ;
#572 = ADVANCED_FACE ( 'NONE', ( #3903 ), #1308, .T. ) ;
#573 = EDGE_CURVE ( 'NONE', #4353, #3256, #1167, .T. ) ;
#574 = FILL_AREA_STYLE ('',( #4748 ) ) ;
#575 = SURFACE_STYLE_USAGE ( .BOTH. , #2496 ) ;
#576 =( GEOMETRIC_REPRESENTATION_CONTEXT ( 3 ) GLOBAL_UNCERTAINTY_ASSIGNED_CONTEXT ( ( #3589 ) ) GLOBAL_UNIT_ASSIGNED_CONTEXT ( ( #56, #2300, #3079 ) ) REPRESENTATION_CONTEXT ( 'NONE', 'WORKASPACE' ) );
#577 = COLOUR_RGB ( '',1.000000000000000000, 1.000000000000000000, 1.000000000000000000 ) ;
#578 = ORIENTED_EDGE ( 'NONE', *, *, #86, .T. ) ;
#579 = FILL_AREA_STYLE ('',( #4785 ) ) ;
#580 = COLOUR_RGB ( '',1.000000000000000000, 1.000000000000000000, 1.000000000000000000 ) ;
#581 = EDGE_CURVE ( 'NONE', #4303, #3256, #4373, .T. ) ;
#582 = LINE ( 'NONE', #4670, #4027 ) ;
#583 = COLOUR_RGB ( '',1.000000000000000000, 1.000000000000000000, 1.000000000000000000 ) ;
#584 = ORIENTED_EDGE ( 'NONE', *, *, #243, .T. ) ;
#585 = DIRECTION ( 'NONE',  ( 0.6398927117843711265, 0.6398927117843768997, -0.4255286533366232637 ) ) ;
#586 = SURFACE_STYLE_FILL_AREA ( #3933 ) ;
#587 = PRESENTATION_LAYER_ASSIGNMENT (  '', '', ( #1876 ) ) ;
#588 = PLANE ( 'NONE',  #2224 ) ;
#589 = COLOUR_RGB ( '',1.000000000000000000, 1.000000000000000000, 1.000000000000000000 ) ;
#590 =( GEOMETRIC_REPRESENTATION_CONTEXT ( 3 ) GLOBAL_UNCERTAINTY_ASSIGNED_CONTEXT ( ( #763 ) ) GLOBAL_UNIT_ASSIGNED_CONTEXT ( ( #1111, #3832, #4587 ) ) REPRESENTATION_CONTEXT ( 'NONE', 'WORKASPACE' ) );
#591 = CARTESIAN_POINT ( 'NONE',  ( 2.155000000000000693, 1.084202172485504434E-16, 4.481107327450823519 ) ) ;
#592 =( NAMED_UNIT ( * ) SI_UNIT ( $, .STERADIAN. ) SOLID_ANGLE_UNIT ( ) );
#593 = FACE_OUTER_BOUND ( 'NONE', #659, .T. ) ;
#594 = DIRECTION ( 'NONE',  ( -2.244486061844343516E-16, 1.000000000000000000, 0.0000000000000000000 ) ) ;
#595 = AXIS2_PLACEMENT_3D ( 'NONE', #2385, #4843, #2865 ) ;
#596 = CARTESIAN_POINT ( 'NONE',  ( 2.254999999999999893, -0.7502145451867079373, 4.980000000000000426 ) ) ;
#597 = ORIENTED_EDGE ( 'NONE', *, *, #2819, .F. ) ;
#598 =( NAMED_UNIT ( * ) SI_UNIT ( $, .STERADIAN. ) SOLID_ANGLE_UNIT ( ) );
#599 = SURFACE_STYLE_FILL_AREA ( #2115 ) ;
#600 = SURFACE_STYLE_FILL_AREA ( #3752 ) ;
#601 = EDGE_LOOP ( 'NONE', ( #995, #185, #4729, #4723 ) ) ;
#602 = MECHANICAL_DESIGN_GEOMETRIC_PRESENTATION_REPRESENTATION (  '', ( #3009 ), #1375 ) ;
#603 = APPLICATION_CONTEXT ( 'automotive_design' ) ;
#604 = SURFACE_STYLE_USAGE ( .BOTH. , #2892 ) ;
#605 = ORIENTED_EDGE ( 'NONE', *, *, #742, .F. ) ;
#606 = LINE ( 'NONE', #2316, #3262 ) ;
#607 = FILL_AREA_STYLE_COLOUR ( '', #2617 ) ;
#608 =( NAMED_UNIT ( * ) PLANE_ANGLE_UNIT ( ) SI_UNIT ( $, .RADIAN. ) );
#609 = SURFACE_SIDE_STYLE ('',( #2625 ) ) ;
#610 = UNCERTAINTY_MEASURE_WITH_UNIT (LENGTH_MEASURE( 1.000000000000000082E-05 ), #2134, 'distance_accuracy_value', 'NONE');
#611 = CARTESIAN_POINT ( 'NONE',  ( -3.175000000000000266, 1.279999999999940963, -3.050000000000000266 ) ) ;
#612 = COLOUR_RGB ( '',1.000000000000000000, 1.000000000000000000, 1.000000000000000000 ) ;
#613 = VECTOR ( 'NONE', #633, 1000.000000000000000 ) ;
#614 = EDGE_CURVE ( 'NONE', #2095, #4611, #3040, .T. ) ;
#615 = UNCERTAINTY_MEASURE_WITH_UNIT (LENGTH_MEASURE( 1.000000000000000082E-05 ), #3165, 'distance_accuracy_value', 'NONE');
#616 = PRESENTATION_LAYER_ASSIGNMENT (  '', '', ( #1997 ) ) ;
#617 = ORIENTED_EDGE ( 'NONE', *, *, #2604, .T. ) ;
#618 = EDGE_CURVE ( 'NONE', #895, #4332, #2840, .T. ) ;
#619 = PRESENTATION_STYLE_ASSIGNMENT (( #3373 ) ) ;
#620 =( NAMED_UNIT ( * ) SI_UNIT ( $, .STERADIAN. ) SOLID_ANGLE_UNIT ( ) );
#621 =( NAMED_UNIT ( * ) PLANE_ANGLE_UNIT ( ) SI_UNIT ( $, .RADIAN. ) );
#622 = ORIENTED_EDGE ( 'NONE', *, *, #830, .F. ) ;
#623 = DIRECTION ( 'NONE',  ( 0.0000000000000000000, 0.0000000000000000000, -1.000000000000000000 ) ) ;
#624 = ADVANCED_FACE ( 'NONE', ( #3163 ), #806, .F. ) ;
#625 = DIRECTION ( 'NONE',  ( -1.000000000000000000, -0.0000000000000000000, 0.0000000000000000000 ) ) ;
#626 = ORIENTED_EDGE ( 'NONE', *, *, #331, .F. ) ;
#627 = STYLED_ITEM ( 'NONE', ( #2094 ), #1333 ) ;
#628 = SURFACE_STYLE_USAGE ( .BOTH. , #2485 ) ;
#629 = ORIENTED_EDGE ( 'NONE', *, *, #3809, .T. ) ;
#630 = COLOUR_RGB ( '',1.000000000000000000, 1.000000000000000000, 1.000000000000000000 ) ;
#631 = APPLICATION_CONTEXT ( 'automotive_design' ) ;
#632 = DIRECTION ( 'NONE',  ( -1.000000000000000000, -0.0000000000000000000, 0.0000000000000000000 ) ) ;
#633 = DIRECTION ( 'NONE',  ( -0.0000000000000000000, 1.000000000000000000, -0.0000000000000000000 ) ) ;
#634 = VERTEX_POINT ( 'NONE', #994 ) ;
#635 =( GEOMETRIC_REPRESENTATION_CONTEXT ( 3 ) GLOBAL_UNCERTAINTY_ASSIGNED_CONTEXT ( ( #3562 ) ) GLOBAL_UNIT_ASSIGNED_CONTEXT ( ( #700, #3445, #1080 ) ) REPRESENTATION_CONTEXT ( 'NONE', 'WORKASPACE' ) );
#636 =( NAMED_UNIT ( * ) PLANE_ANGLE_UNIT ( ) SI_UNIT ( $, .RADIAN. ) );
#637 = CARTESIAN_POINT ( 'NONE',  ( -0.6350000000000001199, 1.179999999999940874, -3.037721543909709165 ) ) ;
#638 = LINE ( 'NONE', #2030, #4492 ) ;
#639 = COLOUR_RGB ( '',1.000000000000000000, 1.000000000000000000, 1.000000000000000000 ) ;
#640 = EDGE_CURVE ( 'NONE', #3954, #2991, #2827, .T. ) ;
#641 = ORIENTED_EDGE ( 'NONE', *, *, #4603, .F. ) ;
#642 = LINE ( 'NONE', #946, #3725 ) ;
#643 = FILL_AREA_STYLE_COLOUR ( '', #2104 ) ;
#644 = STYLED_ITEM ( 'NONE', ( #4766 ), #3349 ) ;
#645 = DIRECTION ( 'NONE',  ( 0.0000000000000000000, -0.8326902705830219187, -0.5537390299377258351 ) ) ;
#646 = LINE ( 'NONE', #728, #769 ) ;
#647 = ORIENTED_EDGE ( 'NONE', *, *, #618, .T. ) ;
#648 = STYLED_ITEM ( 'NONE', ( #3530 ), #362 ) ;
#649 = ADVANCED_FACE ( 'NONE', ( #1208 ), #2490, .F. ) ;
#650 =( GEOMETRIC_REPRESENTATION_CONTEXT ( 3 ) GLOBAL_UNCERTAINTY_ASSIGNED_CONTEXT ( ( #2977 ) ) GLOBAL_UNIT_ASSIGNED_CONTEXT ( ( #2227, #393, #1145 ) ) REPRESENTATION_CONTEXT ( 'NONE', 'WORKASPACE' ) );
#651 = VECTOR ( 'NONE', #4456, 1000.000000000000000 ) ;
#652 = COLOUR_RGB ( '',1.000000000000000000, 1.000000000000000000, 1.000000000000000000 ) ;
#653 = STYLED_ITEM ( 'NONE', ( #4446 ), #1356 ) ;
#654 = VERTEX_POINT ( 'NONE', #3333 ) ;
#655 = DIRECTION ( 'NONE',  ( 1.000000000000000000, 0.0000000000000000000, 0.0000000000000000000 ) ) ;
#656 = DIRECTION ( 'NONE',  ( -0.0000000000000000000, 0.8326902705830219187, -0.5537390299377258351 ) ) ;
#657 =( LENGTH_UNIT ( ) NAMED_UNIT ( * ) SI_UNIT ( .MILLI., .METRE. ) );
#658 =( NAMED_UNIT ( * ) SI_UNIT ( $, .STERADIAN. ) SOLID_ANGLE_UNIT ( ) );
#659 = EDGE_LOOP ( 'NONE', ( #175, #4469, #1775, #2141 ) ) ;
#660 = DIRECTION ( 'NONE',  ( 0.0000000000000000000, 0.0000000000000000000, -1.000000000000000000 ) ) ;
#661 = LINE ( 'NONE', #1068, #3681 ) ;
#662 = FILL_AREA_STYLE_COLOUR ( '', #503 ) ;
#663 = VECTOR ( 'NONE', #1350, 1000.000000000000114 ) ;
#664 = MECHANICAL_DESIGN_GEOMETRIC_PRESENTATION_REPRESENTATION (  '', ( #417 ), #1344 ) ;
#665 = VECTOR ( 'NONE', #4933, 1000.000000000000114 ) ;
#666 = FACE_OUTER_BOUND ( 'NONE', #1166, .T. ) ;
#667 = SURFACE_SIDE_STYLE ('',( #4238 ) ) ;
#668 = CARTESIAN_POINT ( 'NONE',  ( 2.254999999999999893, 0.0000000000000000000, -5.180000000000001492 ) ) ;
#669 = COLOUR_RGB ( '',1.000000000000000000, 1.000000000000000000, 1.000000000000000000 ) ;
#670 = COLOUR_RGB ( '',1.000000000000000000, 1.000000000000000000, 1.000000000000000000 ) ;
#671 = LINE ( 'NONE', #1581, #4643 ) ;
#672 = PRESENTATION_STYLE_ASSIGNMENT (( #1586 ) ) ;
#673 = ORIENTED_EDGE ( 'NONE', *, *, #1820, .T. ) ;
#674 =( GEOMETRIC_REPRESENTATION_CONTEXT ( 3 ) GLOBAL_UNCERTAINTY_ASSIGNED_CONTEXT ( ( #1195 ) ) GLOBAL_UNIT_ASSIGNED_CONTEXT ( ( #4389, #4614, #4232 ) ) REPRESENTATION_CONTEXT ( 'NONE', 'WORKASPACE' ) );
#675 = SURFACE_STYLE_USAGE ( .BOTH. , #2258 ) ;
#676 =( NAMED_UNIT ( * ) SI_UNIT ( $, .STERADIAN. ) SOLID_ANGLE_UNIT ( ) );
#677 = ADVANCED_FACE ( 'NONE', ( #2639 ), #565, .F. ) ;
#678 = LINE ( 'NONE', #4118, #4119 ) ;
#679 = DIRECTION ( 'NONE',  ( -0.0000000000000000000, 0.9925461516413223162, -0.1218693434051450475 ) ) ;
#680 = UNCERTAINTY_MEASURE_WITH_UNIT (LENGTH_MEASURE( 1.000000000000000082E-05 ), #1957, 'distance_accuracy_value', 'NONE');
#681 = EDGE_CURVE ( 'NONE', #2012, #487, #2730, .T. ) ;
#682 = ORIENTED_EDGE ( 'NONE', *, *, #3158, .F. ) ;
#683 = LINE ( 'NONE', #308, #1341 ) ;
#684 =( NAMED_UNIT ( * ) PLANE_ANGLE_UNIT ( ) SI_UNIT ( $, .RADIAN. ) );
#685 =( GEOMETRIC_REPRESENTATION_CONTEXT ( 3 ) GLOBAL_UNCERTAINTY_ASSIGNED_CONTEXT ( ( #1423 ) ) GLOBAL_UNIT_ASSIGNED_CONTEXT ( ( #1244, #3951, #222 ) ) REPRESENTATION_CONTEXT ( 'NONE', 'WORKASPACE' ) );
#686 = DIRECTION ( 'NONE',  ( -0.0000000000000000000, 0.5537390299377258351, 0.8326902705830219187 ) ) ;
#687 = CARTESIAN_POINT ( 'NONE',  ( -3.778388651735711257, 3.614262110453247523, -2.763388651735710244 ) ) ;
#688 =( GEOMETRIC_REPRESENTATION_CONTEXT ( 3 ) GLOBAL_UNCERTAINTY_ASSIGNED_CONTEXT ( ( #3833 ) ) GLOBAL_UNIT_ASSIGNED_CONTEXT ( ( #3747, #4520, #4148 ) ) REPRESENTATION_CONTEXT ( 'NONE', 'WORKASPACE' ) );
#689 = ORIENTED_EDGE ( 'NONE', *, *, #4005, .T. ) ;
#690 =( NAMED_UNIT ( * ) SI_UNIT ( $, .STERADIAN. ) SOLID_ANGLE_UNIT ( ) );
#691 = VECTOR ( 'NONE', #4750, 1000.000000000000000 ) ;
#692 = ORIENTED_EDGE ( 'NONE', *, *, #1023, .T. ) ;
#693 = CIRCLE ( 'NONE', #3383, 0.3314603603933490850 ) ;
#694 = FILL_AREA_STYLE ('',( #316 ) ) ;
#695 = PLANE ( 'NONE',  #524 ) ;
#696 = ORIENTED_EDGE ( 'NONE', *, *, #2549, .F. ) ;
#697 = PLANE ( 'NONE',  #3712 ) ;
#698 = ADVANCED_FACE ( 'NONE', ( #3744 ), #2959, .F. ) ;
#699 = ORIENTED_EDGE ( 'NONE', *, *, #4241, .T. ) ;
#700 =( LENGTH_UNIT ( ) NAMED_UNIT ( * ) SI_UNIT ( .MILLI., .METRE. ) );
#701 = DIRECTION ( 'NONE',  ( 0.1209742911513514846, 0.9852565360152939489, 0.1209742911513514707 ) ) ;
#702 = DIRECTION ( 'NONE',  ( 0.0000000000000000000, 0.1218693434051450475, -0.9925461516413223162 ) ) ;
#703 =( GEOMETRIC_REPRESENTATION_CONTEXT ( 3 ) GLOBAL_UNCERTAINTY_ASSIGNED_CONTEXT ( ( #1456 ) ) GLOBAL_UNIT_ASSIGNED_CONTEXT ( ( #4801, #2135, #1767 ) ) REPRESENTATION_CONTEXT ( 'NONE', 'WORKASPACE' ) );
#704 = PRESENTATION_STYLE_ASSIGNMENT (( #675 ) ) ;
#705 = ORIENTED_EDGE ( 'NONE', *, *, #1585, .F. ) ;
#706 = DIRECTION ( 'NONE',  ( 1.058913351932741632E-16, 0.1218693434051447144, 0.9925461516413224272 ) ) ;
#707 = CARTESIAN_POINT ( 'NONE',  ( -2.155000000000000693, 1.279999999999940963, 3.050000000000000266 ) ) ;
#708 = EDGE_CURVE ( 'NONE', #969, #1800, #683, .T. ) ;
#709 = FILL_AREA_STYLE ('',( #1439 ) ) ;
#710 = VECTOR ( 'NONE', #3019, 1000.000000000000000 ) ;
#711 = LINE ( 'NONE', #3952, #4677 ) ;
#712 = DIRECTION ( 'NONE',  ( -1.000000000000000000, -0.0000000000000000000, 0.0000000000000000000 ) ) ;
#713 =( LENGTH_UNIT ( ) NAMED_UNIT ( * ) SI_UNIT ( .MILLI., .METRE. ) );
#714 = STYLED_ITEM ( 'NONE', ( #1821 ), #3743 ) ;
#715 = CARTESIAN_POINT ( 'NONE',  ( 0.6349999999999996758, -0.7502145451867079373, -4.980000000000000426 ) ) ;
#716 = LINE ( 'NONE', #1455, #1693 ) ;
#717 = VECTOR ( 'NONE', #242, 1000.000000000000000 ) ;
#718 = MECHANICAL_DESIGN_GEOMETRIC_PRESENTATION_REPRESENTATION (  '', ( #1327 ), #1603 ) ;
#719 = ORIENTED_EDGE ( 'NONE', *, *, #14, .T. ) ;
#720 = AXIS2_PLACEMENT_3D ( 'NONE', #2780, #3172, #3573 ) ;
#721 = DIRECTION ( 'NONE',  ( -1.000000000000000000, 0.0000000000000000000, 1.066865606381800214E-16 ) ) ;
#722 = CARTESIAN_POINT ( 'NONE',  ( -1.905000000000000471, -3.229785454813289824, -5.180000000000001492 ) ) ;
#723 = VECTOR ( 'NONE', #4359, 1000.000000000000114 ) ;
#724 = ORIENTED_EDGE ( 'NONE', *, *, #3088, .T. ) ;
#725 = FACE_OUTER_BOUND ( 'NONE', #3239, .T. ) ;
#726 =( NAMED_UNIT ( * ) SI_UNIT ( $, .STERADIAN. ) SOLID_ANGLE_UNIT ( ) );
#727 = PRESENTATION_STYLE_ASSIGNMENT (( #4973 ) ) ;
#728 = CARTESIAN_POINT ( 'NONE',  ( 3.174999999999999822, 1.279999999999940963, 3.049999999999999822 ) ) ;
#729 = ADVANCED_FACE ( 'NONE', ( #92 ), #588, .F. ) ;
#730 = SURFACE_STYLE_USAGE ( .BOTH. , #4955 ) ;
#731 = SURFACE_STYLE_FILL_AREA ( #447 ) ;
#732 = FACE_OUTER_BOUND ( 'NONE', #2677, .T. ) ;
#733 = AXIS2_PLACEMENT_3D ( 'NONE', #1647, #4707, #2760 ) ;
#734 = LINE ( 'NONE', #3029, #2631 ) ;
#735 = ORIENTED_EDGE ( 'NONE', *, *, #3453, .T. ) ;
#736 = CARTESIAN_POINT ( 'NONE',  ( -3.819430878194189916, 3.279999999999999805, 3.050000000000000711 ) ) ;
#737 = PRESENTATION_LAYER_ASSIGNMENT (  '', '', ( #3413 ) ) ;
#738 = LINE ( 'NONE', #3532, #1275 ) ;
#739 = DIRECTION ( 'NONE',  ( 0.1209742911513514846, -0.9852565360152939489, 0.1209742911513514707 ) ) ;
#740 = FILL_AREA_STYLE ('',( #1591 ) ) ;
#741 = ORIENTED_EDGE ( 'NONE', *, *, #2247, .T. ) ;
#742 = EDGE_CURVE ( 'NONE', #761, #4832, #3567, .T. ) ;
#743 = SURFACE_STYLE_USAGE ( .BOTH. , #3033 ) ;
#744 =( GEOMETRIC_REPRESENTATION_CONTEXT ( 3 ) GLOBAL_UNCERTAINTY_ASSIGNED_CONTEXT ( ( #828 ) ) GLOBAL_UNIT_ASSIGNED_CONTEXT ( ( #2360, #3857, #3091 ) ) REPRESENTATION_CONTEXT ( 'NONE', 'WORKASPACE' ) );
#745 = PLANE ( 'NONE',  #2830 ) ;
#746 =( LENGTH_UNIT ( ) NAMED_UNIT ( * ) SI_UNIT ( .MILLI., .METRE. ) );
#747 = DIRECTION ( 'NONE',  ( -1.000000000000000000, -0.0000000000000000000, -0.0000000000000000000 ) ) ;
#748 = EDGE_LOOP ( 'NONE', ( #1831, #3076, #452, #275, #1413, #3310 ) ) ;
#749 =( NAMED_UNIT ( * ) SI_UNIT ( $, .STERADIAN. ) SOLID_ANGLE_UNIT ( ) );
#750 = FACE_OUTER_BOUND ( 'NONE', #4085, .T. ) ;
#751 = EDGE_CURVE ( 'NONE', #870, #2270, #910, .T. ) ;
#752 = STYLED_ITEM ( 'NONE', ( #4022 ), #4944 ) ;
#753 = ORIENTED_EDGE ( 'NONE', *, *, #179, .F. ) ;
#754 = DIRECTION ( 'NONE',  ( 0.6427876096865408062, -0.7660444431189766812, 0.0000000000000000000 ) ) ;
#755 = PRESENTATION_LAYER_ASSIGNMENT (  '', '', ( #2933 ) ) ;
#756 = VERTEX_POINT ( 'NONE', #4196 ) ;
#757 = LINE ( 'NONE', #2594, #4788 ) ;
#758 = SURFACE_STYLE_USAGE ( .BOTH. , #2628 ) ;
#759 = CARTESIAN_POINT ( 'NONE',  ( 2.254999999999999893, -3.229785454813289380, 4.980000000000001315 ) ) ;
#760 =( LENGTH_UNIT ( ) NAMED_UNIT ( * ) SI_UNIT ( .MILLI., .METRE. ) );
#761 = VERTEX_POINT ( 'NONE', #3343 ) ;
#762 = CARTESIAN_POINT ( 'NONE',  ( 0.6349999999999996758, 1.279999999999940963, 3.050000000000000266 ) ) ;
#763 = UNCERTAINTY_MEASURE_WITH_UNIT (LENGTH_MEASURE( 1.000000000000000082E-05 ), #1111, 'distance_accuracy_value', 'NONE');
#764 = CARTESIAN_POINT ( 'NONE',  ( 3.174999999999999822, 1.179999999999940874, -3.037721543909708721 ) ) ;
#765 = PRESENTATION_LAYER_ASSIGNMENT (  '', '', ( #3147 ) ) ;
#766 = VERTEX_POINT ( 'NONE', #1433 ) ;
#767 = CIRCLE ( 'NONE', #3075, 0.3314603603933490850 ) ;
#768 = UNCERTAINTY_MEASURE_WITH_UNIT (LENGTH_MEASURE( 1.000000000000000082E-05 ), #474, 'distance_accuracy_value', 'NONE');
#769 = VECTOR ( 'NONE', #4969, 1000.000000000000114 ) ;
#770 = ORIENTED_EDGE ( 'NONE', *, *, #2604, .F. ) ;
#771 = SURFACE_SIDE_STYLE ('',( #4850 ) ) ;
#772 = CARTESIAN_POINT ( 'NONE',  ( 0.6349999999999996758, 1.379999999999940830, 3.803592672549160891 ) ) ;
#773 = PRESENTATION_LAYER_ASSIGNMENT (  '', '', ( #4895 ) ) ;
#774 = SURFACE_STYLE_FILL_AREA ( #2605 ) ;
#775 = SURFACE_STYLE_USAGE ( .BOTH. , #2633 ) ;
#776 = EDGE_CURVE ( 'NONE', #528, #4246, #3814, .T. ) ;
#777 = LINE ( 'NONE', #126, #4277 ) ;
#778 = VERTEX_POINT ( 'NONE', #3398 ) ;
#779 = SURFACE_STYLE_USAGE ( .BOTH. , #4230 ) ;
#780 = EDGE_CURVE ( 'NONE', #4638, #842, #1010, .T. ) ;
#781 = DIRECTION ( 'NONE',  ( 0.0000000000000000000, 2.877422278584525882E-16, 1.000000000000000000 ) ) ;
#782 = PRESENTATION_STYLE_ASSIGNMENT (( #730 ) ) ;
#783 = PRESENTATION_LAYER_ASSIGNMENT (  '', '', ( #1882 ) ) ;
#784 = ORIENTED_EDGE ( 'NONE', *, *, #3751, .T. ) ;
#785 = DIRECTION ( 'NONE',  ( 0.5775512808318012947, 0.8163544071109960498, 0.0000000000000000000 ) ) ;
#786 = CARTESIAN_POINT ( 'NONE',  ( 3.174999999999999822, -0.6897854548132907881, 5.180000000000000604 ) ) ;
#787 =( NAMED_UNIT ( * ) SI_UNIT ( $, .STERADIAN. ) SOLID_ANGLE_UNIT ( ) );
#788 = PRESENTATION_STYLE_ASSIGNMENT (( #575 ) ) ;
#789 = FILL_AREA_STYLE_COLOUR ( '', #639 ) ;
#790 = PRESENTATION_LAYER_ASSIGNMENT (  '', '', ( #284 ) ) ;
#791 = DIRECTION ( 'NONE',  ( 0.0000000000000000000, 0.0000000000000000000, -1.000000000000000000 ) ) ;
#792 = PRESENTATION_STYLE_ASSIGNMENT (( #3585 ) ) ;
#793 = PRESENTATION_STYLE_ASSIGNMENT (( #1649 ) ) ;
#794 = ORIENTED_EDGE ( 'NONE', *, *, #1089, .F. ) ;
#795 =( NAMED_UNIT ( * ) SI_UNIT ( $, .STERADIAN. ) SOLID_ANGLE_UNIT ( ) );
#796 = EDGE_CURVE ( 'NONE', #1104, #500, #3440, .T. ) ;
#797 = PRESENTATION_STYLE_ASSIGNMENT (( #2102 ) ) ;
#798 = FILL_AREA_STYLE_COLOUR ( '', #3563 ) ;
#799 = VERTEX_POINT ( 'NONE', #1026 ) ;
#800 = PRESENTATION_LAYER_ASSIGNMENT (  '', '', ( #1415 ) ) ;
#801 = DIRECTION ( 'NONE',  ( -1.000000000000000000, -0.0000000000000000000, 0.0000000000000000000 ) ) ;
#802 = PLANE ( 'NONE',  #3269 ) ;
#803 = PRESENTATION_STYLE_ASSIGNMENT (( #775 ) ) ;
#804 = EDGE_CURVE ( 'NONE', #3490, #3868, #2563, .T. ) ;
#805 = PLANE ( 'NONE',  #4540 ) ;
#806 = CYLINDRICAL_SURFACE ( 'NONE', #4149, 0.3314603603933490850 ) ;
#807 = CARTESIAN_POINT ( 'NONE',  ( 2.155000000000000693, 1.379999999999940830, -3.803592672549160891 ) ) ;
#808 = ORIENTED_EDGE ( 'NONE', *, *, #4388, .F. ) ;
#809 = STYLED_ITEM ( 'NONE', ( #1197 ), #3696 ) ;
#810 = DIRECTION ( 'NONE',  ( 0.0000000000000000000, 0.8326902705830219187, 0.5537390299377259462 ) ) ;
#811 = CARTESIAN_POINT ( 'NONE',  ( 3.174999999999999822, -0.7502145451867079373, -4.980000000000000426 ) ) ;
#812 =( GEOMETRIC_REPRESENTATION_CONTEXT ( 3 ) GLOBAL_UNCERTAINTY_ASSIGNED_CONTEXT ( ( #1281 ) ) GLOBAL_UNIT_ASSIGNED_CONTEXT ( ( #311, #2979, #690 ) ) REPRESENTATION_CONTEXT ( 'NONE', 'WORKASPACE' ) );
#813 = ORIENTED_EDGE ( 'NONE', *, *, #295, .T. ) ;
#814 =( GEOMETRIC_REPRESENTATION_CONTEXT ( 3 ) GLOBAL_UNCERTAINTY_ASSIGNED_CONTEXT ( ( #3680 ) ) GLOBAL_UNIT_ASSIGNED_CONTEXT ( ( #2795, #2063, #923 ) ) REPRESENTATION_CONTEXT ( 'NONE', 'WORKASPACE' ) );
#815 = FILL_AREA_STYLE_COLOUR ( '', #140 ) ;
#816 = ORIENTED_EDGE ( 'NONE', *, *, #1933, .F. ) ;
#817 = DIRECTION ( 'NONE',  ( -0.7071067811865439090, 0.7071067811865512365, 0.0000000000000000000 ) ) ;
#818 = CARTESIAN_POINT ( 'NONE',  ( 0.2050000000000000988, -3.229785454813289824, -5.180000000000001492 ) ) ;
#819 = ORIENTED_EDGE ( 'NONE', *, *, #4005, .F. ) ;
#820 = DIRECTION ( 'NONE',  ( -0.0000000000000000000, 0.0000000000000000000, 1.000000000000000000 ) ) ;
#821 = PLANE ( 'NONE',  #488 ) ;
#822 = SURFACE_SIDE_STYLE ('',( #3793 ) ) ;
#823 = VECTOR ( 'NONE', #1491, 1000.000000000000000 ) ;
#824 = ORIENTED_EDGE ( 'NONE', *, *, #3268, .T. ) ;
#825 = PRESENTATION_LAYER_ASSIGNMENT (  '', '', ( #3875 ) ) ;
#826 =( LENGTH_UNIT ( ) NAMED_UNIT ( * ) SI_UNIT ( .MILLI., .METRE. ) );
#827 = PRESENTATION_STYLE_ASSIGNMENT (( #1561 ) ) ;
#828 = UNCERTAINTY_MEASURE_WITH_UNIT (LENGTH_MEASURE( 1.000000000000000082E-05 ), #2360, 'distance_accuracy_value', 'NONE');
#829 = DIRECTION ( 'NONE',  ( 0.0000000000000000000, -0.1218693434051535129, -0.9925461516413213170 ) ) ;
#830 = EDGE_CURVE ( 'NONE', #1233, #1551, #4698, .T. ) ;
#831 = PRESENTATION_STYLE_ASSIGNMENT (( #1855 ) ) ;
#832 = UNCERTAINTY_MEASURE_WITH_UNIT (LENGTH_MEASURE( 1.000000000000000082E-05 ), #1189, 'distance_accuracy_value', 'NONE');
#833 =( GEOMETRIC_REPRESENTATION_CONTEXT ( 3 ) GLOBAL_UNCERTAINTY_ASSIGNED_CONTEXT ( ( #3361 ) ) GLOBAL_UNIT_ASSIGNED_CONTEXT ( ( #1619, #4652, #3893 ) ) REPRESENTATION_CONTEXT ( 'NONE', 'WORKASPACE' ) );
#834 =( NAMED_UNIT ( * ) SI_UNIT ( $, .STERADIAN. ) SOLID_ANGLE_UNIT ( ) );
#835 = ORIENTED_EDGE ( 'NONE', *, *, #295, .F. ) ;
#836 = ORIENTED_EDGE ( 'NONE', *, *, #3540, .F. ) ;
#837 = DIRECTION ( 'NONE',  ( -1.000000000000000000, -0.0000000000000000000, 0.0000000000000000000 ) ) ;
#838 = EDGE_CURVE ( 'NONE', #756, #180, #3750, .T. ) ;
#839 = VERTEX_POINT ( 'NONE', #4981 ) ;
#840 = AXIS2_PLACEMENT_3D ( 'NONE', #2393, #2424, #3985 ) ;
#841 = VECTOR ( 'NONE', #3352, 1000.000000000000000 ) ;
#842 = VERTEX_POINT ( 'NONE', #3081 ) ;
#843 = MECHANICAL_DESIGN_GEOMETRIC_PRESENTATION_REPRESENTATION (  '', ( #1641 ), #3523 ) ;
#844 = VECTOR ( 'NONE', #497, 1000.000000000000000 ) ;
#845 = CARTESIAN_POINT ( 'NONE',  ( 3.175000000000000266, -0.6897854548132905661, 5.180000000000001492 ) ) ;
#846 = DIRECTION ( 'NONE',  ( 0.7071067811865512365, 0.7071067811865439090, 0.0000000000000000000 ) ) ;
#847 = CARTESIAN_POINT ( 'NONE',  ( 3.174999999999999822, -0.7502145451867079373, 4.980000000000000426 ) ) ;
#848 = COLOUR_RGB ( '',1.000000000000000000, 1.000000000000000000, 1.000000000000000000 ) ;
#849 = PRODUCT_DEFINITION ( 'UNKNOWN', '', #4724, #3050 ) ;
#850 = ORIENTED_EDGE ( 'NONE', *, *, #2334, .T. ) ;
#851 = DIRECTION ( 'NONE',  ( 0.0000000000000000000, 1.000000000000000000, 0.0000000000000000000 ) ) ;
#852 = FILL_AREA_STYLE_COLOUR ( '', #670 ) ;
#853 = UNCERTAINTY_MEASURE_WITH_UNIT (LENGTH_MEASURE( 1.000000000000000082E-05 ), #1951, 'distance_accuracy_value', 'NONE');
#854 = CARTESIAN_POINT ( 'NONE',  ( -3.812636267374660104, 0.07011985759881900204, 4.434477622147608322 ) ) ;
#855 = CARTESIAN_POINT ( 'NONE',  ( -3.907835762044281847, 0.0000000000000000000, 0.0000000000000000000 ) ) ;
#856 = PRESENTATION_LAYER_ASSIGNMENT (  '', '', ( #4 ) ) ;
#857 = ORIENTED_EDGE ( 'NONE', *, *, #4041, .T. ) ;
#858 = SURFACE_STYLE_FILL_AREA ( #3300 ) ;
#859 = ORIENTED_EDGE ( 'NONE', *, *, #1083, .F. ) ;
#860 =( LENGTH_UNIT ( ) NAMED_UNIT ( * ) SI_UNIT ( .MILLI., .METRE. ) );
#861 = VECTOR ( 'NONE', #1338, 1000.000000000000114 ) ;
#862 = SURFACE_SIDE_STYLE ('',( #1332 ) ) ;
#863 =( GEOMETRIC_REPRESENTATION_CONTEXT ( 3 ) GLOBAL_UNCERTAINTY_ASSIGNED_CONTEXT ( ( #1065 ) ) GLOBAL_UNIT_ASSIGNED_CONTEXT ( ( #3355, #4901, #2550 ) ) REPRESENTATION_CONTEXT ( 'NONE', 'WORKASPACE' ) );
#864 = CARTESIAN_POINT ( 'NONE',  ( -0.6350000000000001199, 1.179999999999940652, -3.696407327450841329 ) ) ;
#865 = ORIENTED_EDGE ( 'NONE', *, *, #955, .F. ) ;
#866 = EDGE_CURVE ( 'NONE', #528, #1924, #2876, .T. ) ;
#867 = SURFACE_STYLE_USAGE ( .BOTH. , #2438 ) ;
#868 = UNCERTAINTY_MEASURE_WITH_UNIT (LENGTH_MEASURE( 1.000000000000000082E-05 ), #4649, 'distance_accuracy_value', 'NONE');
#869 = DIRECTION ( 'NONE',  ( -1.000000000000000000, -0.0000000000000000000, 0.0000000000000000000 ) ) ;
#870 = VERTEX_POINT ( 'NONE', #4276 ) ;
#871 = PRESENTATION_LAYER_ASSIGNMENT (  '', '', ( #2491 ) ) ;
#872 = FILL_AREA_STYLE ('',( #4690 ) ) ;
#873 = COLOUR_RGB ( '',0.2509803921568627416, 0.2509803921568627416, 0.2509803921568627416 ) ;
#874 = EDGE_LOOP ( 'NONE', ( #3117, #4291, #4228, #3271, #77, #4787 ) ) ;
#875 = VECTOR ( 'NONE', #4482, 1000.000000000000114 ) ;
#876 =( LENGTH_UNIT ( ) NAMED_UNIT ( * ) SI_UNIT ( .MILLI., .METRE. ) );
#877 =( NAMED_UNIT ( * ) PLANE_ANGLE_UNIT ( ) SI_UNIT ( $, .RADIAN. ) );
#878 = SURFACE_STYLE_FILL_AREA ( #2042 ) ;
#879 = PRESENTATION_STYLE_ASSIGNMENT (( #4639 ) ) ;
#880 = VERTEX_POINT ( 'NONE', #2661 ) ;
#881 =( LENGTH_UNIT ( ) NAMED_UNIT ( * ) SI_UNIT ( .MILLI., .METRE. ) );
#882 = VECTOR ( 'NONE', #2143, 1000.000000000000114 ) ;
#883 =( NAMED_UNIT ( * ) PLANE_ANGLE_UNIT ( ) SI_UNIT ( $, .RADIAN. ) );
#884 = MECHANICAL_DESIGN_GEOMETRIC_PRESENTATION_REPRESENTATION (  '', ( #2169 ), #2419 ) ;
#885 = DIRECTION ( 'NONE',  ( 0.0000000000000000000, 0.9925461516413223162, 0.1218693434051450475 ) ) ;
#886 =( NAMED_UNIT ( * ) SI_UNIT ( $, .STERADIAN. ) SOLID_ANGLE_UNIT ( ) );
#887 = PRESENTATION_STYLE_ASSIGNMENT (( #2344 ) ) ;
#888 = FILL_AREA_STYLE_COLOUR ( '', #873 ) ;
#889 = CARTESIAN_POINT ( 'NONE',  ( 4.065000000000000391, 1.280000000000031113, -3.049999999999999822 ) ) ;
#890 = VECTOR ( 'NONE', #312, 1000.000000000000114 ) ;
#891 = UNCERTAINTY_MEASURE_WITH_UNIT (LENGTH_MEASURE( 1.000000000000000082E-05 ), #3, 'distance_accuracy_value', 'NONE');
#892 = CARTESIAN_POINT ( 'NONE',  ( -1.905000000000000471, -3.229785454813289824, -4.980000000000001315 ) ) ;
#893 = AXIS2_PLACEMENT_3D ( 'NONE', #3764, #686, #4856 ) ;
#894 = PRESENTATION_STYLE_ASSIGNMENT (( #1717 ) ) ;
#895 = VERTEX_POINT ( 'NONE', #1142 ) ;
#896 = SURFACE_SIDE_STYLE ('',( #2572 ) ) ;
#897 = EDGE_CURVE ( 'NONE', #1033, #1949, #1525, .T. ) ;
#898 = SURFACE_SIDE_STYLE ('',( #1833 ) ) ;
#899 = ORIENTED_EDGE ( 'NONE', *, *, #2087, .T. ) ;
#900 = FACE_OUTER_BOUND ( 'NONE', #3959, .T. ) ;
#901 = LINE ( 'NONE', #4422, #3867 ) ;
#902 = ORIENTED_EDGE ( 'NONE', *, *, #1464, .T. ) ;
#903 = AXIS2_PLACEMENT_3D ( 'NONE', #4180, #344, #3411 ) ;
#904 = ADVANCED_FACE ( 'NONE', ( #1873 ), #802, .F. ) ;
#905 =( NAMED_UNIT ( * ) PLANE_ANGLE_UNIT ( ) SI_UNIT ( $, .RADIAN. ) );
#906 = SURFACE_STYLE_FILL_AREA ( #2857 ) ;
#907 = SURFACE_SIDE_STYLE ('',( #586 ) ) ;
#908 = SURFACE_SIDE_STYLE ('',( #3788 ) ) ;
#909 = LINE ( 'NONE', #973, #960 ) ;
#910 = LINE ( 'NONE', #668, #3634 ) ;
#911 = MECHANICAL_DESIGN_GEOMETRIC_PRESENTATION_REPRESENTATION (  '', ( #648 ), #1427 ) ;
#912 = MECHANICAL_DESIGN_GEOMETRIC_PRESENTATION_REPRESENTATION (  '', ( #1942 ), #814 ) ;
#913 = FILL_AREA_STYLE_COLOUR ( '', #3741 ) ;
#914 = UNCERTAINTY_MEASURE_WITH_UNIT (LENGTH_MEASURE( 1.000000000000000082E-05 ), #3476, 'distance_accuracy_value', 'NONE');
#915 = PRESENTATION_LAYER_ASSIGNMENT (  '', '', ( #653 ) ) ;
#916 = EDGE_CURVE ( 'NONE', #4464, #634, #2502, .T. ) ;
#917 = ORIENTED_EDGE ( 'NONE', *, *, #535, .T. ) ;
#918 = UNCERTAINTY_MEASURE_WITH_UNIT (LENGTH_MEASURE( 1.000000000000000082E-05 ), #3374, 'distance_accuracy_value', 'NONE');
#919 = SURFACE_STYLE_FILL_AREA ( #2027 ) ;
#920 = DIRECTION ( 'NONE',  ( 0.0000000000000000000, -0.8326902705830219187, 0.5537390299377259462 ) ) ;
#921 = CARTESIAN_POINT ( 'NONE',  ( -1.939798254128725308, -0.7502145451867081594, -4.980000000000000426 ) ) ;
#922 = ORIENTED_EDGE ( 'NONE', *, *, #368, .T. ) ;
#923 =( NAMED_UNIT ( * ) SI_UNIT ( $, .STERADIAN. ) SOLID_ANGLE_UNIT ( ) );
#924 = SURFACE_STYLE_FILL_AREA ( #3756 ) ;
#925 = SURFACE_STYLE_USAGE ( .BOTH. , #963 ) ;
#926 =( GEOMETRIC_REPRESENTATION_CONTEXT ( 3 ) GLOBAL_UNCERTAINTY_ASSIGNED_CONTEXT ( ( #4233 ) ) GLOBAL_UNIT_ASSIGNED_CONTEXT ( ( #1579, #4270, #3896 ) ) REPRESENTATION_CONTEXT ( 'NONE', 'WORKASPACE' ) );
#927 = VERTEX_POINT ( 'NONE', #1157 ) ;
#928 = CARTESIAN_POINT ( 'NONE',  ( 3.174999999999999822, 1.179999999999940874, 3.049999999999999822 ) ) ;
#929 =( NAMED_UNIT ( * ) PLANE_ANGLE_UNIT ( ) SI_UNIT ( $, .RADIAN. ) );
#930 = EDGE_LOOP ( 'NONE', ( #229, #481, #330, #4557, #462, #1070, #1973, #3141 ) ) ;
#931 = FILL_AREA_STYLE_COLOUR ( '', #2528 ) ;
#932 = EDGE_CURVE ( 'NONE', #500, #4819, #3877, .T. ) ;
#933 = ORIENTED_EDGE ( 'NONE', *, *, #3088, .F. ) ;
#934 = DIRECTION ( 'NONE',  ( 1.000000000000000000, 0.0000000000000000000, -1.066865606381800214E-16 ) ) ;
#935 = MECHANICAL_DESIGN_GEOMETRIC_PRESENTATION_REPRESENTATION (  '', ( #1876 ), #1180 ) ;
#936 = SURFACE_STYLE_USAGE ( .BOTH. , #908 ) ;
#937 = PRESENTATION_STYLE_ASSIGNMENT (( #2696 ) ) ;
#938 = ORIENTED_EDGE ( 'NONE', *, *, #4545, .F. ) ;
#939 = PRESENTATION_STYLE_ASSIGNMENT (( #936 ) ) ;
#940 =( GEOMETRIC_REPRESENTATION_CONTEXT ( 3 ) GLOBAL_UNCERTAINTY_ASSIGNED_CONTEXT ( ( #1673 ) ) GLOBAL_UNIT_ASSIGNED_CONTEXT ( ( #4632, #3099, #787 ) ) REPRESENTATION_CONTEXT ( 'NONE', 'WORKASPACE' ) );
#941 = SURFACE_SIDE_STYLE ('',( #2792 ) ) ;
#942 = PRESENTATION_STYLE_ASSIGNMENT (( #3103 ) ) ;
#943 = ORIENTED_EDGE ( 'NONE', *, *, #2990, .T. ) ;
#944 = DIRECTION ( 'NONE',  ( -2.805607577305429395E-17, 1.000000000000000000, 0.0000000000000000000 ) ) ;
#945 = STYLED_ITEM ( 'NONE', ( #2029 ), #1496 ) ;
#946 = CARTESIAN_POINT ( 'NONE',  ( 0.2050000000000000155, 5.751495533476131091E-18, -5.180000000000001492 ) ) ;
#947 = EDGE_CURVE ( 'NONE', #1949, #217, #1709, .T. ) ;
#948 = EDGE_LOOP ( 'NONE', ( #4795, #313, #2741, #4816, #2527 ) ) ;
#949 =( GEOMETRIC_REPRESENTATION_CONTEXT ( 3 ) GLOBAL_UNCERTAINTY_ASSIGNED_CONTEXT ( ( #408 ) ) GLOBAL_UNIT_ASSIGNED_CONTEXT ( ( #2415, #877, #4382 ) ) REPRESENTATION_CONTEXT ( 'NONE', 'WORKASPACE' ) );
#950 = CARTESIAN_POINT ( 'NONE',  ( -2.744312401339973118, 3.079999999999999627, 1.866576855972117643 ) ) ;
#951 =( NAMED_UNIT ( * ) PLANE_ANGLE_UNIT ( ) SI_UNIT ( $, .RADIAN. ) );
#952 = PLANE ( 'NONE',  #2436 ) ;
#953 = LINE ( 'NONE', #4314, #3002 ) ;
#954 = ORIENTED_EDGE ( 'NONE', *, *, #4768, .T. ) ;
#955 = EDGE_CURVE ( 'NONE', #3711, #1738, #4457, .T. ) ;
#956 =( LENGTH_UNIT ( ) NAMED_UNIT ( * ) SI_UNIT ( .MILLI., .METRE. ) );
#957 = LINE ( 'NONE', #2428, #1871 ) ;
#958 = FACE_OUTER_BOUND ( 'NONE', #4094, .T. ) ;
#959 = AXIS2_PLACEMENT_3D ( 'NONE', #4364, #829, #1987 ) ;
#960 = VECTOR ( 'NONE', #3275, 999.9999999999998863 ) ;
#961 = VECTOR ( 'NONE', #701, 999.9999999999998863 ) ;
#962 = SURFACE_SIDE_STYLE ('',( #3717 ) ) ;
#963 = SURFACE_SIDE_STYLE ('',( #4612 ) ) ;
#964 = MECHANICAL_DESIGN_GEOMETRIC_PRESENTATION_REPRESENTATION (  '', ( #2491 ), #1846 ) ;
#965 = SURFACE_STYLE_FILL_AREA ( #4972 ) ;
#966 = ORIENTED_EDGE ( 'NONE', *, *, #2517, .F. ) ;
#967 =( GEOMETRIC_REPRESENTATION_CONTEXT ( 3 ) GLOBAL_UNCERTAINTY_ASSIGNED_CONTEXT ( ( #167 ) ) GLOBAL_UNIT_ASSIGNED_CONTEXT ( ( #3834, #2629, #2288 ) ) REPRESENTATION_CONTEXT ( 'NONE', 'WORKASPACE' ) );
#968 = CARTESIAN_POINT ( 'NONE',  ( -1.905000000000000471, 1.179999999999940652, 3.696407327450841329 ) ) ;
#969 = VERTEX_POINT ( 'NONE', #2331 ) ;
#970 =( NAMED_UNIT ( * ) PLANE_ANGLE_UNIT ( ) SI_UNIT ( $, .RADIAN. ) );
#971 = ADVANCED_FACE ( 'NONE', ( #732 ), #364, .F. ) ;
#972 = FILL_AREA_STYLE ('',( #984 ) ) ;
#973 = CARTESIAN_POINT ( 'NONE',  ( -0.7484104718430666381, -0.5294825664389722908, 5.180000000000001492 ) ) ;
#974 = VERTEX_POINT ( 'NONE', #3568 ) ;
#976 = SURFACE_STYLE_USAGE ( .BOTH. , #1339 ) ;
#975 = UNCERTAINTY_MEASURE_WITH_UNIT (LENGTH_MEASURE( 1.000000000000000082E-05 ), #4636, 'distance_accuracy_value', 'NONE');
#977 = DIRECTION ( 'NONE',  ( -1.000000000000000000, -0.0000000000000000000, -0.0000000000000000000 ) ) ;
#978 = PRESENTATION_LAYER_ASSIGNMENT (  '', '', ( #3897 ) ) ;
#979 = VERTEX_POINT ( 'NONE', #864 ) ;
#980 = AXIS2_PLACEMENT_3D ( 'NONE', #2056, #4025, #4330 ) ;
#981 = VERTEX_POINT ( 'NONE', #62 ) ;
#982 = LINE ( 'NONE', #1880, #3095 ) ;
#983 = EDGE_CURVE ( 'NONE', #265, #2328, #1815, .T. ) ;
#984 = FILL_AREA_STYLE_COLOUR ( '', #3143 ) ;
#985 = CARTESIAN_POINT ( 'NONE',  ( -0.2050000000000003209, -0.7502145451867079373, -4.980000000000000426 ) ) ;
#986 = STYLED_ITEM ( 'NONE', ( #4758 ), #3255 ) ;
#987 = VECTOR ( 'NONE', #3996, 1000.000000000000227 ) ;
#988 = ORIENTED_EDGE ( 'NONE', *, *, #2335, .F. ) ;
#989 = EDGE_CURVE ( 'NONE', #1979, #2311, #4516, .T. ) ;
#990 = PRESENTATION_STYLE_ASSIGNMENT (( #2009 ) ) ;
#991 = ORIENTED_EDGE ( 'NONE', *, *, #3872, .T. ) ;
#992 = LINE ( 'NONE', #4045, #2785 ) ;
#993 = STYLED_ITEM ( 'NONE', ( #2373 ), #4971 ) ;
#994 = CARTESIAN_POINT ( 'NONE',  ( 1.905000000000000027, -0.6897854548132899000, -4.939814654901675262 ) ) ;
#995 = ORIENTED_EDGE ( 'NONE', *, *, #681, .T. ) ;
#996 = UNCERTAINTY_MEASURE_WITH_UNIT (LENGTH_MEASURE( 1.000000000000000082E-05 ), #2797, 'distance_accuracy_value', 'NONE');
#997 =( GEOMETRIC_REPRESENTATION_CONTEXT ( 3 ) GLOBAL_UNCERTAINTY_ASSIGNED_CONTEXT ( ( #3618 ) ) GLOBAL_UNIT_ASSIGNED_CONTEXT ( ( #4302, #2702, #4288 ) ) REPRESENTATION_CONTEXT ( 'NONE', 'WORKASPACE' ) );
#998 = FACE_OUTER_BOUND ( 'NONE', #4871, .T. ) ;
#999 = FILL_AREA_STYLE ('',( #2513 ) ) ;
#1000 = CARTESIAN_POINT ( 'NONE',  ( -1.905000000000000471, 1.379999999999941052, 3.037721543909710054 ) ) ;
#1001 = EDGE_LOOP ( 'NONE', ( #1055, #2343, #1227, #1475, #3885, #4876, #4164 ) ) ;
#1002 = STYLED_ITEM ( 'NONE', ( #3961 ), #2206 ) ;
#1003 =( NAMED_UNIT ( * ) SI_UNIT ( $, .STERADIAN. ) SOLID_ANGLE_UNIT ( ) );
#1004 = ORIENTED_EDGE ( 'NONE', *, *, #2939, .T. ) ;
#1005 =( NAMED_UNIT ( * ) SI_UNIT ( $, .STERADIAN. ) SOLID_ANGLE_UNIT ( ) );
#1006 = ORIENTED_EDGE ( 'NONE', *, *, #4974, .F. ) ;
#1007 =( NAMED_UNIT ( * ) SI_UNIT ( $, .STERADIAN. ) SOLID_ANGLE_UNIT ( ) );
#1008 = FILL_AREA_STYLE_COLOUR ( '', #471 ) ;
#1009 = VECTOR ( 'NONE', #1299, 1000.000000000000000 ) ;
#1010 = LINE ( 'NONE', #2576, #3196 ) ;
#1011 = MECHANICAL_DESIGN_GEOMETRIC_PRESENTATION_REPRESENTATION (  '', ( #4895 ), #1284 ) ;
#1012 = DIRECTION ( 'NONE',  ( 0.0000000000000000000, 0.0000000000000000000, -1.000000000000000000 ) ) ;
#1013 =( LENGTH_UNIT ( ) NAMED_UNIT ( * ) SI_UNIT ( .MILLI., .METRE. ) );
#1014 = ADVANCED_FACE ( 'NONE', ( #4048 ), #467, .F. ) ;
#1015 = SURFACE_STYLE_USAGE ( .BOTH. , #2842 ) ;
#1016 = CARTESIAN_POINT ( 'NONE',  ( 1.905000000000000027, 1.379999999999940830, -3.803592672549160447 ) ) ;
#1017 = EDGE_CURVE ( 'NONE', #3941, #3748, #1132, .T. ) ;
#1018 = CARTESIAN_POINT ( 'NONE',  ( -1.905000000000000471, 0.0000000000000000000, -5.768133747539269525E-16 ) ) ;
#1019 = VECTOR ( 'NONE', #1231, 1000.000000000000227 ) ;
#1020 = AXIS2_PLACEMENT_3D ( 'NONE', #4380, #4260, #15 ) ;
#1021 = SURFACE_STYLE_FILL_AREA ( #1240 ) ;
#1022 = EDGE_LOOP ( 'NONE', ( #2800, #4648, #3807, #3162, #4702 ) ) ;
#1023 = EDGE_CURVE ( 'NONE', #1337, #927, #953, .T. ) ;
#1024 = FACE_OUTER_BOUND ( 'NONE', #1150, .T. ) ;
#1025 =( NAMED_UNIT ( * ) SI_UNIT ( $, .STERADIAN. ) SOLID_ANGLE_UNIT ( ) );
#1026 = CARTESIAN_POINT ( 'NONE',  ( 2.665000000000000480, -3.229785454813290269, 5.180000000000001492 ) ) ;
#1027 = STYLED_ITEM ( 'NONE', ( #4688 ), #1014 ) ;
#1028 = ORIENTED_EDGE ( 'NONE', *, *, #4207, .T. ) ;
#1029 = VECTOR ( 'NONE', #4530, 1000.000000000000227 ) ;
#1030 = DIRECTION ( 'NONE',  ( -1.000000000000000000, 0.0000000000000000000, -0.0000000000000000000 ) ) ;
#1031 = SURFACE_STYLE_USAGE ( .BOTH. , #2948 ) ;
#1032 = UNCERTAINTY_MEASURE_WITH_UNIT (LENGTH_MEASURE( 1.000000000000000082E-05 ), #2926, 'distance_accuracy_value', 'NONE');
#1033 = VERTEX_POINT ( 'NONE', #1229 ) ;
#1034 = LINE ( 'NONE', #1269, #562 ) ;
#1035 =( GEOMETRIC_REPRESENTATION_CONTEXT ( 3 ) GLOBAL_UNCERTAINTY_ASSIGNED_CONTEXT ( ( #1380 ) ) GLOBAL_UNIT_ASSIGNED_CONTEXT ( ( #826, #1674, #4342 ) ) REPRESENTATION_CONTEXT ( 'NONE', 'WORKASPACE' ) );
#1036 = DIRECTION ( 'NONE',  ( 0.0000000000000000000, 0.9925461516413223162, 0.1218693434051450475 ) ) ;
#1037 = ORIENTED_EDGE ( 'NONE', *, *, #932, .T. ) ;
#1038 = FILL_AREA_STYLE ('',( #327 ) ) ;
#1039 = ADVANCED_FACE ( 'NONE', ( #3689 ), #3528, .F. ) ;
#1040 = SURFACE_STYLE_USAGE ( .BOTH. , #1802 ) ;
#1041 = CARTESIAN_POINT ( 'NONE',  ( -0.2050000000000003209, -0.7502145451867079373, 4.980000000000000426 ) ) ;
#1042 = EDGE_LOOP ( 'NONE', ( #3781, #389, #3442, #3599 ) ) ;
#1043 = VECTOR ( 'NONE', #2065, 1000.000000000000000 ) ;
#1044 = FILL_AREA_STYLE ('',( #1416 ) ) ;
#1045 = EDGE_CURVE ( 'NONE', #756, #4332, #76, .T. ) ;
#1046 = EDGE_CURVE ( 'NONE', #1179, #4735, #1194, .T. ) ;
#1047 = ORIENTED_EDGE ( 'NONE', *, *, #932, .F. ) ;
#1048 = CARTESIAN_POINT ( 'NONE',  ( 0.6349999999999996758, 1.179999999999940652, 3.696407327450841329 ) ) ;
#1049 = SURFACE_STYLE_FILL_AREA ( #4396 ) ;
#1050 = MECHANICAL_DESIGN_GEOMETRIC_PRESENTATION_REPRESENTATION (  '', ( #2092 ), #1598 ) ;
#1051 = CARTESIAN_POINT ( 'NONE',  ( 0.2050000000000000988, -3.229785454813289824, 5.180000000000001492 ) ) ;
#1052 =( NAMED_UNIT ( * ) PLANE_ANGLE_UNIT ( ) SI_UNIT ( $, .RADIAN. ) );
#1053 = COLOUR_RGB ( '',1.000000000000000000, 1.000000000000000000, 1.000000000000000000 ) ;
#1054 = COLOUR_RGB ( '',0.2509803921568627416, 0.2509803921568627416, 0.2509803921568627416 ) ;
#1055 = ORIENTED_EDGE ( 'NONE', *, *, #1838, .F. ) ;
#1056 = STYLED_ITEM ( 'NONE', ( #4109 ), #139 ) ;
#1057 = CARTESIAN_POINT ( 'NONE',  ( 1.905000000000000027, -0.2500000000000033862, 0.0000000000000000000 ) ) ;
#1058 = MANIFOLD_SOLID_BREP ( 'Cut-Extrude2[2]', #1795 ) ;
#1059 = MECHANICAL_DESIGN_GEOMETRIC_PRESENTATION_REPRESENTATION (  '', ( #2992 ), #967 ) ;
#1060 = CARTESIAN_POINT ( 'NONE',  ( -0.2050000000000002931, -1.150299106695227759E-17, -5.180000000000001492 ) ) ;
#1061 = CARTESIAN_POINT ( 'NONE',  ( 0.7484104718430666381, -0.5294825664389725128, -5.180000000000001492 ) ) ;
#1062 = CARTESIAN_POINT ( 'NONE',  ( -3.778388651735710813, 3.614262110453247967, 2.763388651735712020 ) ) ;
#1063 = FACE_OUTER_BOUND ( 'NONE', #2128, .T. ) ;
#1064 = VERTEX_POINT ( 'NONE', #2351 ) ;
#1065 = UNCERTAINTY_MEASURE_WITH_UNIT (LENGTH_MEASURE( 1.000000000000000082E-05 ), #3355, 'distance_accuracy_value', 'NONE');
#1066 = CARTESIAN_POINT ( 'NONE',  ( -3.175000000000000266, 1.379999999999940830, -3.803592672549160891 ) ) ;
#1067 = ADVANCED_FACE ( 'NONE', ( #4577 ), #3588, .F. ) ;
#1068 = CARTESIAN_POINT ( 'NONE',  ( -2.867575827370505870, 0.7125758273705121715, -4.247429747347744033 ) ) ;
#1069 = COLOUR_RGB ( '',1.000000000000000000, 1.000000000000000000, 1.000000000000000000 ) ;
#1070 = ORIENTED_EDGE ( 'NONE', *, *, #2782, .T. ) ;
#1071 = FILL_AREA_STYLE ('',( #4244 ) ) ;
#1072 = SURFACE_STYLE_FILL_AREA ( #872 ) ;
#1073 = ORIENTED_EDGE ( 'NONE', *, *, #3047, .T. ) ;
#1074 =( LENGTH_UNIT ( ) NAMED_UNIT ( * ) SI_UNIT ( .MILLI., .METRE. ) );
#1075 = EDGE_CURVE ( 'NONE', #4346, #2190, #901, .T. ) ;
#1076 = COLOUR_RGB ( '',1.000000000000000000, 1.000000000000000000, 1.000000000000000000 ) ;
#1077 = VERTEX_POINT ( 'NONE', #4413 ) ;
#1078 = MECHANICAL_DESIGN_GEOMETRIC_PRESENTATION_REPRESENTATION (  '', ( #1002 ), #1547 ) ;
#1079 = VECTOR ( 'NONE', #1841, 1000.000000000000114 ) ;
#1080 =( NAMED_UNIT ( * ) SI_UNIT ( $, .STERADIAN. ) SOLID_ANGLE_UNIT ( ) );
#1081 =( LENGTH_UNIT ( ) NAMED_UNIT ( * ) SI_UNIT ( .MILLI., .METRE. ) );
#1082 = VECTOR ( 'NONE', #4528, 1000.000000000000000 ) ;
#1083 = EDGE_CURVE ( 'NONE', #2354, #4660, #3550, .T. ) ;
#1084 = DIRECTION ( 'NONE',  ( 0.0000000000000000000, 0.1218693434051450475, -0.9925461516413223162 ) ) ;
#1085 = ORIENTED_EDGE ( 'NONE', *, *, #3394, .T. ) ;
#1086 = AXIS2_PLACEMENT_3D ( 'NONE', #1149, #4641, #4242 ) ;
#1087 =( LENGTH_UNIT ( ) NAMED_UNIT ( * ) SI_UNIT ( .MILLI., .METRE. ) );
#1088 = DIRECTION ( 'NONE',  ( 0.0000000000000000000, 0.0000000000000000000, -1.000000000000000000 ) ) ;
#1089 = EDGE_CURVE ( 'NONE', #3055, #4397, #661, .T. ) ;
#1090 = EDGE_LOOP ( 'NONE', ( #4767, #4159, #3658, #3309, #1992, #569, #857, #1298 ) ) ;
#1091 = DIRECTION ( 'NONE',  ( -1.000000000000000000, -0.0000000000000000000, 0.0000000000000000000 ) ) ;
#1092 = MECHANICAL_DESIGN_GEOMETRIC_PRESENTATION_REPRESENTATION (  '', ( #1638 ), #4642 ) ;
#1093 =( NAMED_UNIT ( * ) SI_UNIT ( $, .STERADIAN. ) SOLID_ANGLE_UNIT ( ) );
#1094 = ADVANCED_FACE ( 'NONE', ( #2733 ), #4509, .F. ) ;
#1095 = ORIENTED_EDGE ( 'NONE', *, *, #2000, .F. ) ;
#1096 =( NAMED_UNIT ( * ) SI_UNIT ( $, .STERADIAN. ) SOLID_ANGLE_UNIT ( ) );
#1097 = CARTESIAN_POINT ( 'NONE',  ( -0.6350000000000001199, 1.379999999999940830, 3.803592672549160891 ) ) ;
#1098 = FILL_AREA_STYLE_COLOUR ( '', #589 ) ;
#1099 = ORIENTED_EDGE ( 'NONE', *, *, #3726, .T. ) ;
#1100 = CARTESIAN_POINT ( 'NONE',  ( 1.266983363503789040, 0.4181656752621606965, -4.203027153401479588 ) ) ;
#1101 = DIRECTION ( 'NONE',  ( 0.0000000000000000000, 1.000000000000000000, 0.0000000000000000000 ) ) ;
#1102 = DIRECTION ( 'NONE',  ( 0.0000000000000000000, 0.0000000000000000000, 1.000000000000000000 ) ) ;
#1103 =( LENGTH_UNIT ( ) NAMED_UNIT ( * ) SI_UNIT ( .MILLI., .METRE. ) );
#1104 = VERTEX_POINT ( 'NONE', #4882 ) ;
#1105 = PLANE ( 'NONE',  #441 ) ;
#1106 = SURFACE_SIDE_STYLE ('',( #1398 ) ) ;
#1107 = PRESENTATION_STYLE_ASSIGNMENT (( #1668 ) ) ;
#1108 = VERTEX_POINT ( 'NONE', #2600 ) ;
#1109 = SURFACE_STYLE_FILL_AREA ( #4107 ) ;
#1110 = CARTESIAN_POINT ( 'NONE',  ( -4.065000000000000391, 3.279999999999999805, -2.804430878194188903 ) ) ;
#1111 =( LENGTH_UNIT ( ) NAMED_UNIT ( * ) SI_UNIT ( .MILLI., .METRE. ) );
#1112 = ORIENTED_EDGE ( 'NONE', *, *, #751, .T. ) ;
#1113 = FILL_AREA_STYLE_COLOUR ( '', #3539 ) ;
#1114 = CARTESIAN_POINT ( 'NONE',  ( -0.2050000000000002098, -1.297579787036334587, -5.180000000000001492 ) ) ;
#1115 = DIRECTION ( 'NONE',  ( -0.0000000000000000000, 0.9925461516413212060, 0.1218693434051534991 ) ) ;
#1116 = ADVANCED_FACE ( 'NONE', ( #2679 ), #4562, .F. ) ;
#1117 = EDGE_CURVE ( 'NONE', #2818, #974, #1452, .T. ) ;
#1118 = SURFACE_STYLE_USAGE ( .BOTH. , #1889 ) ;
#1119 = CLOSED_SHELL ( 'NONE', ( #4944, #1067, #3380, #1794, #1470, #4194, #383, #2824, #4143, #506, #1409, #4390, #4585, #3200, #649, #3012, #3429 ) ) ;
#1120 = DIRECTION ( 'NONE',  ( -0.0000000000000000000, -0.0000000000000000000, 1.000000000000000000 ) ) ;
#1121 =( GEOMETRIC_REPRESENTATION_CONTEXT ( 3 ) GLOBAL_UNCERTAINTY_ASSIGNED_CONTEXT ( ( #4718 ) ) GLOBAL_UNIT_ASSIGNED_CONTEXT ( ( #1369, #4765, #1735 ) ) REPRESENTATION_CONTEXT ( 'NONE', 'WORKASPACE' ) );
#1122 = COLOUR_RGB ( '',1.000000000000000000, 1.000000000000000000, 1.000000000000000000 ) ;
#1123 = EDGE_CURVE ( 'NONE', #1618, #979, #4573, .T. ) ;
#1124 = UNCERTAINTY_MEASURE_WITH_UNIT (LENGTH_MEASURE( 1.000000000000000082E-05 ), #4361, 'distance_accuracy_value', 'NONE');
#1125 = AXIS2_PLACEMENT_3D ( 'NONE', #2096, #2799, #4793 ) ;
#1126 = DIRECTION ( 'NONE',  ( 0.0000000000000000000, 0.0000000000000000000, -1.000000000000000000 ) ) ;
#1127 = PLANE ( 'NONE',  #4003 ) ;
#1128 = EDGE_LOOP ( 'NONE', ( #4667, #1258, #1193, #819, #2216, #4494 ) ) ;
#1129 = DIRECTION ( 'NONE',  ( 0.0000000000000000000, -0.9925461516413212060, -0.1218693434051534991 ) ) ;
#1130 = ORIENTED_EDGE ( 'NONE', *, *, #4476, .T. ) ;
#1131 = VECTOR ( 'NONE', #495, 1000.000000000000114 ) ;
#1132 = LINE ( 'NONE', #2720, #2391 ) ;
#1133 = ORIENTED_EDGE ( 'NONE', *, *, #4348, .F. ) ;
#1134 =( GEOMETRIC_REPRESENTATION_CONTEXT ( 3 ) GLOBAL_UNCERTAINTY_ASSIGNED_CONTEXT ( ( #2676 ) ) GLOBAL_UNIT_ASSIGNED_CONTEXT ( ( #4680, #2773, #1191 ) ) REPRESENTATION_CONTEXT ( 'NONE', 'WORKASPACE' ) );
#1135 = CARTESIAN_POINT ( 'NONE',  ( -2.744312401339973118, 3.079999999999999627, 2.198037216365466673 ) ) ;
#1136 = DIRECTION ( 'NONE',  ( -1.000000000000000000, -0.0000000000000000000, -0.0000000000000000000 ) ) ;
#1137 =( NAMED_UNIT ( * ) SI_UNIT ( $, .STERADIAN. ) SOLID_ANGLE_UNIT ( ) );
#1138 = COLOUR_RGB ( '',0.2509803921568627416, 0.2509803921568627416, 0.2509803921568627416 ) ;
#1139 = VECTOR ( 'NONE', #2221, 1000.000000000000000 ) ;
#1140 = FACE_OUTER_BOUND ( 'NONE', #129, .T. ) ;
#1141 = DIRECTION ( 'NONE',  ( 0.0000000000000000000, 0.0000000000000000000, -1.000000000000000000 ) ) ;
#1142 = CARTESIAN_POINT ( 'NONE',  ( 3.907835762044281847, 0.0000000000000000000, -2.892835762044281722 ) ) ;
#1143 = ORIENTED_EDGE ( 'NONE', *, *, #1354, .F. ) ;
#1144 = EDGE_CURVE ( 'NONE', #1179, #4024, #4280, .T. ) ;
#1145 =( NAMED_UNIT ( * ) SI_UNIT ( $, .STERADIAN. ) SOLID_ANGLE_UNIT ( ) );
#1146 = VECTOR ( 'NONE', #4782, 1000.000000000000000 ) ;
#1147 = MECHANICAL_DESIGN_GEOMETRIC_PRESENTATION_REPRESENTATION (  '', ( #2026 ), #4102 ) ;
#1148 = CARTESIAN_POINT ( 'NONE',  ( -1.905000000000000471, 1.179999999999940652, -3.696407327450841329 ) ) ;
#1149 = CARTESIAN_POINT ( 'NONE',  ( -2.744312401339973118, 3.279999999999999805, 1.866576855972117643 ) ) ;
#1150 = EDGE_LOOP ( 'NONE', ( #566, #4381, #2723, #2963 ) ) ;
#1151 = SURFACE_STYLE_USAGE ( .BOTH. , #3578 ) ;
#1152 = STYLED_ITEM ( 'NONE', ( #3692 ), #218 ) ;
#1153 = PRESENTATION_LAYER_ASSIGNMENT (  '', '', ( #752 ) ) ;
#1154 = ORIENTED_EDGE ( 'NONE', *, *, #2118, .T. ) ;
#1155 = CARTESIAN_POINT ( 'NONE',  ( -3.175000000000000266, 1.179999999999940874, -3.037721543909709165 ) ) ;
#1156 = CARTESIAN_POINT ( 'NONE',  ( 1.132305525200816732, 0.6520411803952980145, 5.180000000000001492 ) ) ;
#1157 = CARTESIAN_POINT ( 'NONE',  ( 2.254999999999999893, -1.297579787036334364, 5.180000000000001492 ) ) ;
#1158 = MECHANICAL_DESIGN_GEOMETRIC_PRESENTATION_REPRESENTATION (  '', ( #653 ), #1435 ) ;
#1159 = ORIENTED_EDGE ( 'NONE', *, *, #1967, .T. ) ;
#1160 = FILL_AREA_STYLE_COLOUR ( '', #1138 ) ;
#1161 = FILL_AREA_STYLE ('',( #2705 ) ) ;
#1162 = PRESENTATION_STYLE_ASSIGNMENT (( #2634 ) ) ;
#1163 = PLANE ( 'NONE',  #2045 ) ;
#1164 = CARTESIAN_POINT ( 'NONE',  ( -0.7484104718430666381, -0.5294825664389722908, -5.180000000000001492 ) ) ;
#1165 = ADVANCED_FACE ( 'NONE', ( #1640 ), #4930, .F. ) ;
#1166 = EDGE_LOOP ( 'NONE', ( #784, #4607, #808, #4402 ) ) ;
#1167 = LINE ( 'NONE', #4376, #171 ) ;
#1168 = MECHANICAL_DESIGN_GEOMETRIC_PRESENTATION_REPRESENTATION (  '', ( #3340 ), #1447 ) ;
#1169 = VERTEX_POINT ( 'NONE', #1839 ) ;
#1170 = FILL_AREA_STYLE ('',( #2280 ) ) ;
#1171 = FACE_OUTER_BOUND ( 'NONE', #2481, .T. ) ;
#1172 = VERTEX_POINT ( 'NONE', #3822 ) ;
#1173 = CARTESIAN_POINT ( 'NONE',  ( 0.6349999999999996758, 1.279999999999940963, -3.050000000000000266 ) ) ;
#1174 = CARTESIAN_POINT ( 'NONE',  ( -2.254999999999999893, -0.7502145451867079373, 4.980000000000001315 ) ) ;
#1175 = STYLED_ITEM ( 'NONE', ( #4455 ), #3555 ) ;
#1176 = CARTESIAN_POINT ( 'NONE',  ( 0.6349999999999996758, -0.7502145451867079373, -4.980000000000000426 ) ) ;
#1177 = EDGE_CURVE ( 'NONE', #3950, #4922, #3489, .T. ) ;
#1178 = CIRCLE ( 'NONE', #4112, 0.3314603603933490850 ) ;
#1179 = VERTEX_POINT ( 'NONE', #281 ) ;
#1180 =( GEOMETRIC_REPRESENTATION_CONTEXT ( 3 ) GLOBAL_UNCERTAINTY_ASSIGNED_CONTEXT ( ( #2297 ) ) GLOBAL_UNIT_ASSIGNED_CONTEXT ( ( #1280, #1566, #3965 ) ) REPRESENTATION_CONTEXT ( 'NONE', 'WORKASPACE' ) );
#1181 = FILL_AREA_STYLE_COLOUR ( '', #2915 ) ;
#1182 = SURFACE_STYLE_USAGE ( .BOTH. , #2306 ) ;
#1183 = EDGE_LOOP ( 'NONE', ( #1406, #4536, #3420, #2145 ) ) ;
#1184 = UNCERTAINTY_MEASURE_WITH_UNIT (LENGTH_MEASURE( 1.000000000000000082E-05 ), #2146, 'distance_accuracy_value', 'NONE');
#1185 = LINE ( 'NONE', #3197, #2038 ) ;
#1186 = SURFACE_STYLE_FILL_AREA ( #709 ) ;
#1187 = PRESENTATION_LAYER_ASSIGNMENT (  '', '', ( #274 ) ) ;
#1188 = VERTEX_POINT ( 'NONE', #3038 ) ;
#1189 =( LENGTH_UNIT ( ) NAMED_UNIT ( * ) SI_UNIT ( .MILLI., .METRE. ) );
#1190 = CARTESIAN_POINT ( 'NONE',  ( -2.665000000000000924, -1.297579787036334587, -5.180000000000001492 ) ) ;
#1191 =( NAMED_UNIT ( * ) SI_UNIT ( $, .STERADIAN. ) SOLID_ANGLE_UNIT ( ) );
#1192 = COLOUR_RGB ( '',1.000000000000000000, 1.000000000000000000, 1.000000000000000000 ) ;
#1193 = ORIENTED_EDGE ( 'NONE', *, *, #4441, .F. ) ;
#1194 = LINE ( 'NONE', #1610, #3378 ) ;
#1195 = UNCERTAINTY_MEASURE_WITH_UNIT (LENGTH_MEASURE( 1.000000000000000082E-05 ), #4389, 'distance_accuracy_value', 'NONE');
#1196 = SURFACE_STYLE_USAGE ( .BOTH. , #3514 ) ;
#1197 = PRESENTATION_STYLE_ASSIGNMENT (( #482 ) ) ;
#1198 = AXIS2_PLACEMENT_3D ( 'NONE', #3966, #2751, #3560 ) ;
#1199 =( LENGTH_UNIT ( ) NAMED_UNIT ( * ) SI_UNIT ( .MILLI., .METRE. ) );
#1200 = LINE ( 'NONE', #2185, #1082 ) ;
#1201 = VECTOR ( 'NONE', #3871, 1000.000000000000114 ) ;
#1202 = CLOSED_SHELL ( 'NONE', ( #1356, #1496, #1816, #139, #1773, #2592, #4971, #2928, #218, #971, #3166, #3696, #4561, #2109, #3770 ) ) ;
#1203 = DIRECTION ( 'NONE',  ( 0.0000000000000000000, -0.8326902705830219187, -0.5537390299377258351 ) ) ;
#1204 = LINE ( 'NONE', #2899, #1471 ) ;
#1205 = CARTESIAN_POINT ( 'NONE',  ( 3.174999999999999822, 1.379999999999940830, -3.803592672549160447 ) ) ;
#1206 = ORIENTED_EDGE ( 'NONE', *, *, #14, .F. ) ;
#1207 = MECHANICAL_DESIGN_GEOMETRIC_PRESENTATION_REPRESENTATION (  '', ( #1805 ), #3083 ) ;
#1208 = FACE_OUTER_BOUND ( 'NONE', #2240, .T. ) ;
#1209 = PLANE ( 'NONE',  #3112 ) ;
#1210 = DIRECTION ( 'NONE',  ( 0.0000000000000000000, 0.0000000000000000000, -1.000000000000000000 ) ) ;
#1211 = EDGE_CURVE ( 'NONE', #2818, #981, #2443, .T. ) ;
#1212 = ORIENTED_EDGE ( 'NONE', *, *, #3460, .F. ) ;
#1213 = CARTESIAN_POINT ( 'NONE',  ( 0.6065084976609267375, -0.7300574865300545335, 4.980000000000000426 ) ) ;
#1214 = UNCERTAINTY_MEASURE_WITH_UNIT (LENGTH_MEASURE( 1.000000000000000082E-05 ), #2897, 'distance_accuracy_value', 'NONE');
#1215 = CARTESIAN_POINT ( 'NONE',  ( -0.2050000000000002098, -1.297579787036334587, 5.180000000000001492 ) ) ;
#1216 = ORIENTED_EDGE ( 'NONE', *, *, #2771, .F. ) ;
#1217 = AXIS2_PLACEMENT_3D ( 'NONE', #786, #1126, #2689 ) ;
#1218 = CARTESIAN_POINT ( 'NONE',  ( -1.905000000000000471, 1.279999999999940963, 3.050000000000000266 ) ) ;
#1219 = DIRECTION ( 'NONE',  ( 0.0000000000000000000, 0.0000000000000000000, -1.000000000000000000 ) ) ;
#1220 = ADVANCED_FACE ( 'NONE', ( #3181 ), #4205, .F. ) ;
#1221 = PRESENTATION_LAYER_ASSIGNMENT (  '', '', ( #3663 ) ) ;
#1222 = ORIENTED_EDGE ( 'NONE', *, *, #3419, .T. ) ;
#1223 = LINE ( 'NONE', #3113, #2834 ) ;
#1224 = CARTESIAN_POINT ( 'NONE',  ( 3.174999999999999822, 1.179999999999940652, -3.696407327450840885 ) ) ;
#1225 = STYLED_ITEM ( 'NONE', ( #1372 ), #4741 ) ;
#1226 = DIRECTION ( 'NONE',  ( 0.1209742911513518593, -0.9852565360152938378, 0.1209742911513518454 ) ) ;
#1227 = ORIENTED_EDGE ( 'NONE', *, *, #3855, .F. ) ;
#1228 = DIRECTION ( 'NONE',  ( -0.4990263461614614648, 0.8665868137911754143, 0.0000000000000000000 ) ) ;
#1229 = CARTESIAN_POINT ( 'NONE',  ( -2.155000000000000693, 1.279999999999940963, 3.050000000000000266 ) ) ;
#1230 = PRODUCT ( 'MOC3021SM', 'MOC3021SM', '', ( #3281 ) ) ;
#1232 = SURFACE_STYLE_FILL_AREA ( #457 ) ;
#1231 = DIRECTION ( 'NONE',  ( -0.0000000000000000000, 0.8326902705830219187, -0.5537390299377258351 ) ) ;
#1233 = VERTEX_POINT ( 'NONE', #520 ) ;
#1234 = SURFACE_SIDE_STYLE ('',( #2172 ) ) ;
#1235 = COLOUR_RGB ( '',1.000000000000000000, 1.000000000000000000, 1.000000000000000000 ) ;
#1236 = CARTESIAN_POINT ( 'NONE',  ( 2.665000000000000924, -5.981555354815177937E-16, -5.180000000000001492 ) ) ;
#1237 = UNCERTAINTY_MEASURE_WITH_UNIT (LENGTH_MEASURE( 1.000000000000000082E-05 ), #3463, 'distance_accuracy_value', 'NONE');
#1238 = FILL_AREA_STYLE ('',( #3932 ) ) ;
#1239 =( NAMED_UNIT ( * ) SI_UNIT ( $, .STERADIAN. ) SOLID_ANGLE_UNIT ( ) );
#1240 = FILL_AREA_STYLE ('',( #1617 ) ) ;
#1241 = SURFACE_STYLE_FILL_AREA ( #3614 ) ;
#1242 = ORIENTED_EDGE ( 'NONE', *, *, #1045, .T. ) ;
#1243 = VECTOR ( 'NONE', #2866, 1000.000000000000000 ) ;
#1244 =( LENGTH_UNIT ( ) NAMED_UNIT ( * ) SI_UNIT ( .MILLI., .METRE. ) );
#1245 = MECHANICAL_DESIGN_GEOMETRIC_PRESENTATION_REPRESENTATION (  '', ( #2607 ), #2578 ) ;
#1246 = CARTESIAN_POINT ( 'NONE',  ( -2.155000000000000693, 1.179999999999940652, -3.696407327450841329 ) ) ;
#1247 = COLOUR_RGB ( '',1.000000000000000000, 1.000000000000000000, 1.000000000000000000 ) ;
#1248 = FILL_AREA_STYLE_COLOUR ( '', #1192 ) ;
#1249 = EDGE_CURVE ( 'NONE', #1462, #974, #3248, .T. ) ;
#1250 = CARTESIAN_POINT ( 'NONE',  ( 2.665000000000000924, -1.297579787036334587, 5.180000000000001492 ) ) ;
#1251 = SURFACE_SIDE_STYLE ('',( #4101 ) ) ;
#1252 = PRESENTATION_STYLE_ASSIGNMENT (( #3650 ) ) ;
#1253 = SURFACE_STYLE_USAGE ( .BOTH. , #4006 ) ;
#1254 = STYLED_ITEM ( 'NONE', ( #3998 ), #3380 ) ;
#1255 =( NAMED_UNIT ( * ) SI_UNIT ( $, .STERADIAN. ) SOLID_ANGLE_UNIT ( ) );
#1256 = DIRECTION ( 'NONE',  ( -1.000000000000000000, -0.0000000000000000000, 1.066865606381800214E-16 ) ) ;
#1257 = ORIENTED_EDGE ( 'NONE', *, *, #483, .F. ) ;
#1258 = ORIENTED_EDGE ( 'NONE', *, *, #780, .F. ) ;
#1259 = CARTESIAN_POINT ( 'NONE',  ( -0.6350000000000000089, -0.6897854548132907881, -5.180000000000001492 ) ) ;
#1260 = EDGE_CURVE ( 'NONE', #4024, #1345, #67, .T. ) ;
#1261 = LINE ( 'NONE', #2547, #4047 ) ;
#1262 = DIRECTION ( 'NONE',  ( 0.1209742911513518593, -0.9852565360152938378, -0.1209742911513518732 ) ) ;
#1263 =( NAMED_UNIT ( * ) SI_UNIT ( $, .STERADIAN. ) SOLID_ANGLE_UNIT ( ) );
#1264 = SURFACE_SIDE_STYLE ('',( #4337 ) ) ;
#1265 = MECHANICAL_DESIGN_GEOMETRIC_PRESENTATION_REPRESENTATION (  '', ( #2444 ), #1134 ) ;
#1266 = COLOUR_RGB ( '',1.000000000000000000, 1.000000000000000000, 1.000000000000000000 ) ;
#1267 = FILL_AREA_STYLE_COLOUR ( '', #1266 ) ;
#1268 = VECTOR ( 'NONE', #3879, 1000.000000000000000 ) ;
#1269 = CARTESIAN_POINT ( 'NONE',  ( 2.254999999999999893, -3.229785454813289380, -5.180000000000001492 ) ) ;
#1270 = CARTESIAN_POINT ( 'NONE',  ( 4.065000000000000391, 1.279999999999940963, -3.049999999999999822 ) ) ;
#1271 =( NAMED_UNIT ( * ) SI_UNIT ( $, .STERADIAN. ) SOLID_ANGLE_UNIT ( ) );
#1272 = LINE ( 'NONE', #4182, #4239 ) ;
#1273 = DIRECTION ( 'NONE',  ( -2.244486061844343516E-16, -1.000000000000000000, 0.0000000000000000000 ) ) ;
#1274 = FILL_AREA_STYLE ('',( #4682 ) ) ;
#1275 = VECTOR ( 'NONE', #2028, 1000.000000000000000 ) ;
#1276 = CARTESIAN_POINT ( 'NONE',  ( -0.6350000000000000089, -0.6897854548132907881, 4.939814654901677926 ) ) ;
#1277 =( GEOMETRIC_REPRESENTATION_CONTEXT ( 3 ) GLOBAL_UNCERTAINTY_ASSIGNED_CONTEXT ( ( #2767 ) ) GLOBAL_UNIT_ASSIGNED_CONTEXT ( ( #760, #2291, #3487 ) ) REPRESENTATION_CONTEXT ( 'NONE', 'WORKASPACE' ) );
#1278 = ORIENTED_EDGE ( 'NONE', *, *, #2581, .F. ) ;
#1279 = FACE_OUTER_BOUND ( 'NONE', #2988, .T. ) ;
#1280 =( LENGTH_UNIT ( ) NAMED_UNIT ( * ) SI_UNIT ( .MILLI., .METRE. ) );
#1281 = UNCERTAINTY_MEASURE_WITH_UNIT (LENGTH_MEASURE( 1.000000000000000082E-05 ), #311, 'distance_accuracy_value', 'NONE');
#1282 = EDGE_LOOP ( 'NONE', ( #3670, #2833, #2462, #4039 ) ) ;
#1283 = PLANE ( 'NONE',  #959 ) ;
#1284 =( GEOMETRIC_REPRESENTATION_CONTEXT ( 3 ) GLOBAL_UNCERTAINTY_ASSIGNED_CONTEXT ( ( #3154 ) ) GLOBAL_UNIT_ASSIGNED_CONTEXT ( ( #3406, #3572, #1255 ) ) REPRESENTATION_CONTEXT ( 'NONE', 'WORKASPACE' ) );
#1285 = CARTESIAN_POINT ( 'NONE',  ( -1.905000000000000471, 1.379999999999940830, 3.803592672549160891 ) ) ;
#1286 = DIRECTION ( 'NONE',  ( 0.6427876096865408062, -0.7660444431189766812, 0.0000000000000000000 ) ) ;
#1287 = ORIENTED_EDGE ( 'NONE', *, *, #916, .F. ) ;
#1288 =( LENGTH_UNIT ( ) NAMED_UNIT ( * ) SI_UNIT ( .MILLI., .METRE. ) );
#1289 = EDGE_CURVE ( 'NONE', #2864, #3110, #1923, .T. ) ;
#1290 = CARTESIAN_POINT ( 'NONE',  ( -2.254999999999999893, -3.229785454813289380, -5.180000000000001492 ) ) ;
#1291 =( GEOMETRIC_REPRESENTATION_CONTEXT ( 3 ) GLOBAL_UNCERTAINTY_ASSIGNED_CONTEXT ( ( #2654 ) ) GLOBAL_UNIT_ASSIGNED_CONTEXT ( ( #3667, #4052, #3303 ) ) REPRESENTATION_CONTEXT ( 'NONE', 'WORKASPACE' ) );
#1292 = DIRECTION ( 'NONE',  ( 0.0000000000000000000, 0.0000000000000000000, -1.000000000000000000 ) ) ;
#1293 = CARTESIAN_POINT ( 'NONE',  ( -1.905000000000000471, 1.279999999999940963, -3.050000000000000266 ) ) ;
#1294 = VERTEX_POINT ( 'NONE', #158 ) ;
#1295 = LINE ( 'NONE', #4631, #166 ) ;
#1296 = EDGE_CURVE ( 'NONE', #2190, #4922, #1699, .T. ) ;
#1297 = CARTESIAN_POINT ( 'NONE',  ( 0.6349999999999996758, -0.6897854548132907881, 5.180000000000000604 ) ) ;
#1298 = ORIENTED_EDGE ( 'NONE', *, *, #3821, .T. ) ;
#1299 = DIRECTION ( 'NONE',  ( -0.0000000000000000000, -0.0000000000000000000, 1.000000000000000000 ) ) ;
#1300 = ORIENTED_EDGE ( 'NONE', *, *, #4356, .F. ) ;
#1301 = CARTESIAN_POINT ( 'NONE',  ( 2.155000000000000693, 1.179999999999940874, -3.696407327450840885 ) ) ;
#1302 = PLANE ( 'NONE',  #4524 ) ;
#1303 = PRESENTATION_LAYER_ASSIGNMENT (  '', '', ( #31 ) ) ;
#1304 = CARTESIAN_POINT ( 'NONE',  ( 2.665000000000000924, -0.7502145451867078263, -4.980000000000000426 ) ) ;
#1305 = ORIENTED_EDGE ( 'NONE', *, *, #2461, .F. ) ;
#1306 = DIRECTION ( 'NONE',  ( 0.0000000000000000000, -0.9925461516413212060, 0.1218693434051534991 ) ) ;
#1307 =( NAMED_UNIT ( * ) SI_UNIT ( $, .STERADIAN. ) SOLID_ANGLE_UNIT ( ) );
#1308 = PLANE ( 'NONE',  #1125 ) ;
#1309 = PRESENTATION_STYLE_ASSIGNMENT (( #3178 ) ) ;
#1310 = VERTEX_POINT ( 'NONE', #532 ) ;
#1311 = CARTESIAN_POINT ( 'NONE',  ( -3.175000000000000266, -0.6897854548132905661, 5.180000000000001492 ) ) ;
#1312 = MECHANICAL_DESIGN_GEOMETRIC_PRESENTATION_REPRESENTATION (  '', ( #4691 ), #1776 ) ;
#1313 = VECTOR ( 'NONE', #2468, 1000.000000000000114 ) ;
#1314 = VECTOR ( 'NONE', #920, 1000.000000000000114 ) ;
#1315 = ORIENTED_EDGE ( 'NONE', *, *, #42, .F. ) ;
#1316 = CARTESIAN_POINT ( 'NONE',  ( -4.065000000000000391, 1.279999999999940963, -3.049999999999998934 ) ) ;
#1317 = DIRECTION ( 'NONE',  ( -0.0000000000000000000, 0.8326902705830219187, -0.5537390299377258351 ) ) ;
#1318 = EDGE_CURVE ( 'NONE', #1738, #3267, #777, .T. ) ;
#1319 = ORIENTED_EDGE ( 'NONE', *, *, #3394, .F. ) ;
#1320 =( NAMED_UNIT ( * ) PLANE_ANGLE_UNIT ( ) SI_UNIT ( $, .RADIAN. ) );
#1321 = LINE ( 'NONE', #3216, #3060 ) ;
#1322 = VECTOR ( 'NONE', #296, 1000.000000000000000 ) ;
#1323 =( GEOMETRIC_REPRESENTATION_CONTEXT ( 3 ) GLOBAL_UNCERTAINTY_ASSIGNED_CONTEXT ( ( #3515 ) ) GLOBAL_UNIT_ASSIGNED_CONTEXT ( ( #3134, #515, #90 ) ) REPRESENTATION_CONTEXT ( 'NONE', 'WORKASPACE' ) );
#1324 =( NAMED_UNIT ( * ) PLANE_ANGLE_UNIT ( ) SI_UNIT ( $, .RADIAN. ) );
#1325 = CARTESIAN_POINT ( 'NONE',  ( 3.778388651735710813, 3.614262110453247967, -2.763388651735711132 ) ) ;
#1326 = FACE_OUTER_BOUND ( 'NONE', #270, .T. ) ;
#1327 = STYLED_ITEM ( 'NONE', ( #3874 ), #259 ) ;
#1328 = AXIS2_PLACEMENT_3D ( 'NONE', #1236, #1646, #2369 ) ;
#1329 = VECTOR ( 'NONE', #1928, 1000.000000000000114 ) ;
#1330 = DIRECTION ( 'NONE',  ( -1.000000000000000000, -0.0000000000000000000, -0.0000000000000000000 ) ) ;
#1331 = FACE_OUTER_BOUND ( 'NONE', #4179, .T. ) ;
#1332 = SURFACE_STYLE_FILL_AREA ( #1644 ) ;
#1333 = ADVANCED_FACE ( 'NONE', ( #1445 ), #1302, .T. ) ;
#1334 = DIRECTION ( 'NONE',  ( 0.0000000000000000000, -1.000000000000000000, 2.877422278584525882E-16 ) ) ;
#1335 =( NAMED_UNIT ( * ) SI_UNIT ( $, .STERADIAN. ) SOLID_ANGLE_UNIT ( ) );
#1336 = VECTOR ( 'NONE', #428, 1000.000000000000000 ) ;
#1337 = VERTEX_POINT ( 'NONE', #504 ) ;
#1338 = DIRECTION ( 'NONE',  ( 0.0000000000000000000, -0.9925461516413212060, 0.1218693434051534991 ) ) ;
#1339 = SURFACE_SIDE_STYLE ('',( #3676 ) ) ;
#1340 = ORIENTED_EDGE ( 'NONE', *, *, #143, .T. ) ;
#1341 = VECTOR ( 'NONE', #1487, 1000.000000000000000 ) ;
#1342 = COLOUR_RGB ( '',1.000000000000000000, 1.000000000000000000, 1.000000000000000000 ) ;
#1343 = EDGE_CURVE ( 'NONE', #3341, #348, #1178, .T. ) ;
#1344 =( GEOMETRIC_REPRESENTATION_CONTEXT ( 3 ) GLOBAL_UNCERTAINTY_ASSIGNED_CONTEXT ( ( #2414 ) ) GLOBAL_UNIT_ASSIGNED_CONTEXT ( ( #4873, #2906, #1025 ) ) REPRESENTATION_CONTEXT ( 'NONE', 'WORKASPACE' ) );
#1345 = VERTEX_POINT ( 'NONE', #1711 ) ;
#1346 = EDGE_LOOP ( 'NONE', ( #2618, #1954, #9, #1808, #3537 ) ) ;
#1347 = SURFACE_SIDE_STYLE ('',( #2551 ) ) ;
#1348 = LINE ( 'NONE', #3339, #446 ) ;
#1349 = EDGE_CURVE ( 'NONE', #4931, #3868, #189, .T. ) ;
#1350 = DIRECTION ( 'NONE',  ( -0.0000000000000000000, 0.9925461516413212060, 0.1218693434051535129 ) ) ;
#1351 = EDGE_LOOP ( 'NONE', ( #4265, #3335, #3937, #11 ) ) ;
#1352 = AXIS2_PLACEMENT_3D ( 'NONE', #1574, #1947, #366 ) ;
#1353 =( NAMED_UNIT ( * ) SI_UNIT ( $, .STERADIAN. ) SOLID_ANGLE_UNIT ( ) );
#1354 = EDGE_CURVE ( 'NONE', #4855, #2246, #1976, .T. ) ;
#1355 = ORIENTED_EDGE ( 'NONE', *, *, #2709, .T. ) ;
#1356 = ADVANCED_FACE ( 'NONE', ( #4158 ), #1680, .F. ) ;
#1357 =( NAMED_UNIT ( * ) PLANE_ANGLE_UNIT ( ) SI_UNIT ( $, .RADIAN. ) );
#1358 =( NAMED_UNIT ( * ) SI_UNIT ( $, .STERADIAN. ) SOLID_ANGLE_UNIT ( ) );
#1359 = VECTOR ( 'NONE', #1292, 1000.000000000000000 ) ;
#1360 = VERTEX_POINT ( 'NONE', #4350 ) ;
#1361 = VECTOR ( 'NONE', #4534, 1000.000000000000000 ) ;
#1362 = AXIS2_PLACEMENT_3D ( 'NONE', #4892, #4535, #2941 ) ;
#1363 = DIRECTION ( 'NONE',  ( 0.8665868137911754143, 0.4990263461614615204, 0.0000000000000000000 ) ) ;
#1364 = FILL_AREA_STYLE ('',( #4472 ) ) ;
#1365 =( LENGTH_UNIT ( ) NAMED_UNIT ( * ) SI_UNIT ( .MILLI., .METRE. ) );
#1366 = LINE ( 'NONE', #534, #3417 ) ;
#1367 = COLOUR_RGB ( '',1.000000000000000000, 1.000000000000000000, 1.000000000000000000 ) ;
#1368 = EDGE_LOOP ( 'NONE', ( #1315, #4861, #1548, #988 ) ) ;
#1369 =( LENGTH_UNIT ( ) NAMED_UNIT ( * ) SI_UNIT ( .MILLI., .METRE. ) );
#1370 = PRODUCT_DEFINITION_SHAPE ( 'NONE', 'NONE',  #849 ) ;
#1371 = DIRECTION ( 'NONE',  ( -0.0000000000000000000, 0.1218693434051450475, 0.9925461516413223162 ) ) ;
#1372 = PRESENTATION_STYLE_ASSIGNMENT (( #3865 ) ) ;
#1373 = ORIENTED_EDGE ( 'NONE', *, *, #2362, .T. ) ;
#1374 = CARTESIAN_POINT ( 'NONE',  ( 1.905000000000000027, 0.0000000000000000000, 0.0000000000000000000 ) ) ;
#1375 =( GEOMETRIC_REPRESENTATION_CONTEXT ( 3 ) GLOBAL_UNCERTAINTY_ASSIGNED_CONTEXT ( ( #490 ) ) GLOBAL_UNIT_ASSIGNED_CONTEXT ( ( #2494, #608, #2165 ) ) REPRESENTATION_CONTEXT ( 'NONE', 'WORKASPACE' ) );
#1376 = COLOUR_RGB ( '',1.000000000000000000, 1.000000000000000000, 1.000000000000000000 ) ;
#1377 = CARTESIAN_POINT ( 'NONE',  ( 3.174999999999999822, 1.179999999999940874, 3.037721543909708721 ) ) ;
#1378 = SURFACE_STYLE_USAGE ( .BOTH. , #4451 ) ;
#1379 = VECTOR ( 'NONE', #2254, 1000.000000000000000 ) ;
#1380 = UNCERTAINTY_MEASURE_WITH_UNIT (LENGTH_MEASURE( 1.000000000000000082E-05 ), #826, 'distance_accuracy_value', 'NONE');
#1381 = VERTEX_POINT ( 'NONE', #2828 ) ;
#1382 = ORIENTED_EDGE ( 'NONE', *, *, #4508, .T. ) ;
#1383 = DIRECTION ( 'NONE',  ( 0.6427876096865408062, -0.7660444431189766812, 0.0000000000000000000 ) ) ;
#1384 = MECHANICAL_DESIGN_GEOMETRIC_PRESENTATION_REPRESENTATION (  '', ( #4833 ), #2479 ) ;
#1385 = SURFACE_STYLE_USAGE ( .BOTH. , #4055 ) ;
#1386 = ADVANCED_FACE ( 'NONE', ( #4808 ), #2025, .F. ) ;
#1387 = ORIENTED_EDGE ( 'NONE', *, *, #4098, .T. ) ;
#1388 = CARTESIAN_POINT ( 'NONE',  ( 1.266983363503789040, 0.4181656752621606965, 4.203027153401479588 ) ) ;
#1389 = COLOUR_RGB ( '',1.000000000000000000, 1.000000000000000000, 1.000000000000000000 ) ;
#1390 = EDGE_CURVE ( 'NONE', #500, #1565, #2489, .T. ) ;
#1391 = SURFACE_SIDE_STYLE ('',( #4072 ) ) ;
#1392 = PRESENTATION_STYLE_ASSIGNMENT (( #3093 ) ) ;
#1393 = VECTOR ( 'NONE', #3765, 1000.000000000000000 ) ;
#1394 =( LENGTH_UNIT ( ) NAMED_UNIT ( * ) SI_UNIT ( .MILLI., .METRE. ) );
#1395 = EDGE_CURVE ( 'NONE', #394, #2458, #2729, .T. ) ;
#1396 = DIRECTION ( 'NONE',  ( -0.0000000000000000000, 0.1218693434051450475, 0.9925461516413223162 ) ) ;
#1397 = CARTESIAN_POINT ( 'NONE',  ( 0.6349999999999996758, 1.179999999999940652, 3.696407327450841329 ) ) ;
#1398 = SURFACE_STYLE_FILL_AREA ( #1038 ) ;
#1399 = COLOUR_RGB ( '',1.000000000000000000, 1.000000000000000000, 1.000000000000000000 ) ;
#1400 = LINE ( 'NONE', #3190, #2886 ) ;
#1401 = SURFACE_SIDE_STYLE ('',( #4322 ) ) ;
#1402 = ORIENTED_EDGE ( 'NONE', *, *, #4640, .F. ) ;
#1403 = DIRECTION ( 'NONE',  ( -1.000000000000000000, -0.0000000000000000000, 0.0000000000000000000 ) ) ;
#1404 = DIRECTION ( 'NONE',  ( -1.000000000000000000, -0.0000000000000000000, -0.0000000000000000000 ) ) ;
#1405 = PRESENTATION_LAYER_ASSIGNMENT (  '', '', ( #2444 ) ) ;
#1406 = ORIENTED_EDGE ( 'NONE', *, *, #4964, .F. ) ;
#1407 = CARTESIAN_POINT ( 'NONE',  ( -2.155000000000000693, 1.279999999999940963, -3.050000000000000266 ) ) ;
#1408 = LINE ( 'NONE', #715, #2181 ) ;
#1409 = ADVANCED_FACE ( 'NONE', ( #593 ), #4738, .T. ) ;
#1410 = APPLICATION_PROTOCOL_DEFINITION ( 'draft international standard', 'automotive_design', 1998, #631 ) ;
#1411 = DIRECTION ( 'NONE',  ( -0.0000000000000000000, -0.0000000000000000000, 1.000000000000000000 ) ) ;
#1412 = FILL_AREA_STYLE ('',( #2474 ) ) ;
#1413 = ORIENTED_EDGE ( 'NONE', *, *, #2582, .F. ) ;
#1414 = LINE ( 'NONE', #3624, #1950 ) ;
#1415 = STYLED_ITEM ( 'NONE', ( #2358 ), #2469 ) ;
#1416 = FILL_AREA_STYLE_COLOUR ( '', #3426 ) ;
#1417 = EDGE_LOOP ( 'NONE', ( #4335, #2475 ) ) ;
#1418 = CARTESIAN_POINT ( 'NONE',  ( -1.905000000000000471, 1.179999999999940874, -3.037721543909709165 ) ) ;
#1419 = CARTESIAN_POINT ( 'NONE',  ( -2.254999999999999893, -1.297579787036334587, -5.180000000000001492 ) ) ;
#1420 = EDGE_CURVE ( 'NONE', #981, #4819, #4323, .T. ) ;
#1421 =( LENGTH_UNIT ( ) NAMED_UNIT ( * ) SI_UNIT ( .MILLI., .METRE. ) );
#1422 = CARTESIAN_POINT ( 'NONE',  ( -2.744312401339973118, 3.279999999999999805, 2.198037216365466673 ) ) ;
#1423 = UNCERTAINTY_MEASURE_WITH_UNIT (LENGTH_MEASURE( 1.000000000000000082E-05 ), #1244, 'distance_accuracy_value', 'NONE');
#1424 = STYLED_ITEM ( 'NONE', ( #672 ), #3304 ) ;
#1425 = ORIENTED_EDGE ( 'NONE', *, *, #1017, .T. ) ;
#1426 =( NAMED_UNIT ( * ) SI_UNIT ( $, .STERADIAN. ) SOLID_ANGLE_UNIT ( ) );
#1427 =( GEOMETRIC_REPRESENTATION_CONTEXT ( 3 ) GLOBAL_UNCERTAINTY_ASSIGNED_CONTEXT ( ( #1516 ) ) GLOBAL_UNIT_ASSIGNED_CONTEXT ( ( #2614, #4970, #1545 ) ) REPRESENTATION_CONTEXT ( 'NONE', 'WORKASPACE' ) );
#1428 = FACE_OUTER_BOUND ( 'NONE', #2114, .T. ) ;
#1429 = ORIENTED_EDGE ( 'NONE', *, *, #1628, .T. ) ;
#1430 = LINE ( 'NONE', #4791, #4211 ) ;
#1431 =( GEOMETRIC_REPRESENTATION_CONTEXT ( 3 ) GLOBAL_UNCERTAINTY_ASSIGNED_CONTEXT ( ( #4467 ) ) GLOBAL_UNIT_ASSIGNED_CONTEXT ( ( #147, #128, #181 ) ) REPRESENTATION_CONTEXT ( 'NONE', 'WORKASPACE' ) );
#1432 = FILL_AREA_STYLE_COLOUR ( '', #1235 ) ;
#1433 = CARTESIAN_POINT ( 'NONE',  ( -2.665000000000000924, -1.297579787036334587, 5.180000000000001492 ) ) ;
#1434 = VERTEX_POINT ( 'NONE', #2314 ) ;
#1435 =( GEOMETRIC_REPRESENTATION_CONTEXT ( 3 ) GLOBAL_UNCERTAINTY_ASSIGNED_CONTEXT ( ( #2836 ) ) GLOBAL_UNIT_ASSIGNED_CONTEXT ( ( #4387, #3261, #2460 ) ) REPRESENTATION_CONTEXT ( 'NONE', 'WORKASPACE' ) );
#1436 = FILL_AREA_STYLE ('',( #1008 ) ) ;
#1437 = UNCERTAINTY_MEASURE_WITH_UNIT (LENGTH_MEASURE( 1.000000000000000082E-05 ), #4725, 'distance_accuracy_value', 'NONE');
#1438 = ADVANCED_FACE ( 'NONE', ( #3176 ), #1956, .T. ) ;
#1439 = FILL_AREA_STYLE_COLOUR ( '', #3370 ) ;
#1440 = VECTOR ( 'NONE', #2197, 1000.000000000000000 ) ;
#1441 = SURFACE_STYLE_USAGE ( .BOTH. , #4543 ) ;
#1442 = CARTESIAN_POINT ( 'NONE',  ( 2.155000000000000693, -3.252606517456513302E-16, -4.721292672549149749 ) ) ;
#1443 = FILL_AREA_STYLE_COLOUR ( '', #3886 ) ;
#1444 = LINE ( 'NONE', #1297, #1639 ) ;
#1445 = FACE_OUTER_BOUND ( 'NONE', #4268, .T. ) ;
#1446 = VERTEX_POINT ( 'NONE', #4247 ) ;
#1447 =( GEOMETRIC_REPRESENTATION_CONTEXT ( 3 ) GLOBAL_UNCERTAINTY_ASSIGNED_CONTEXT ( ( #127 ) ) GLOBAL_UNIT_ASSIGNED_CONTEXT ( ( #2831, #3632, #1307 ) ) REPRESENTATION_CONTEXT ( 'NONE', 'WORKASPACE' ) );
#1448 = MANIFOLD_SOLID_BREP ( 'Cut-Extrude1', #3760 ) ;
#1449 = EDGE_LOOP ( 'NONE', ( #647, #922, #4272, #2228 ) ) ;
#1450 =( NAMED_UNIT ( * ) PLANE_ANGLE_UNIT ( ) SI_UNIT ( $, .RADIAN. ) );
#1451 = DIRECTION ( 'NONE',  ( -0.6427876096865409172, -0.7660444431189766812, 0.0000000000000000000 ) ) ;
#1452 = LINE ( 'NONE', #3367, #426 ) ;
#1453 = ORIENTED_EDGE ( 'NONE', *, *, #3695, .T. ) ;
#1454 = CARTESIAN_POINT ( 'NONE',  ( 0.2049999999999999878, -0.7502145451867079373, -4.980000000000000426 ) ) ;
#1455 = CARTESIAN_POINT ( 'NONE',  ( 3.819430878194189916, 3.279999999999999805, -3.049999999999999822 ) ) ;
#1456 = UNCERTAINTY_MEASURE_WITH_UNIT (LENGTH_MEASURE( 1.000000000000000082E-05 ), #4801, 'distance_accuracy_value', 'NONE');
#1457 = MECHANICAL_DESIGN_GEOMETRIC_PRESENTATION_REPRESENTATION (  '', ( #1175 ), #576 ) ;
#1458 = DIRECTION ( 'NONE',  ( 0.0000000000000000000, 0.9925461516413223162, -0.1218693434051450475 ) ) ;
#1459 = SURFACE_SIDE_STYLE ('',( #600 ) ) ;
#1460 = CARTESIAN_POINT ( 'NONE',  ( -3.175000000000000266, 1.179999999999940874, 3.037721543909709165 ) ) ;
#1461 = VECTOR ( 'NONE', #25, 1000.000000000000000 ) ;
#1462 = VERTEX_POINT ( 'NONE', #3307 ) ;
#1463 = LINE ( 'NONE', #4344, #3375 ) ;
#1464 = EDGE_CURVE ( 'NONE', #1337, #1924, #3856, .T. ) ;
#1465 = CARTESIAN_POINT ( 'NONE',  ( -3.175000000000000266, 1.179999999999940652, 3.696407327450841329 ) ) ;
#1466 = VECTOR ( 'NONE', #1256, 1000.000000000000000 ) ;
#1467 = AXIS2_PLACEMENT_3D ( 'NONE', #251, #655, #623 ) ;
#1468 = ORIENTED_EDGE ( 'NONE', *, *, #2238, .F. ) ;
#1469 = DIRECTION ( 'NONE',  ( 0.6398927117843705714, -0.6398927117843772328, 0.4255286533366236523 ) ) ;
#1470 = ADVANCED_FACE ( 'NONE', ( #3971 ), #1105, .F. ) ;
#1471 = VECTOR ( 'NONE', #191, 1000.000000000000000 ) ;
#1472 = DIRECTION ( 'NONE',  ( 0.0000000000000000000, -0.9925461516413223162, 0.1218693434051450475 ) ) ;
#1473 = FILL_AREA_STYLE ('',( #4925 ) ) ;
#1474 = STYLED_ITEM ( 'NONE', ( #4797 ), #572 ) ;
#1475 = ORIENTED_EDGE ( 'NONE', *, *, #1017, .F. ) ;
#1476 = COLOUR_RGB ( '',1.000000000000000000, 1.000000000000000000, 1.000000000000000000 ) ;
#1477 = DIRECTION ( 'NONE',  ( 0.0000000000000000000, 0.0000000000000000000, -1.000000000000000000 ) ) ;
#1478 = SURFACE_STYLE_USAGE ( .BOTH. , #4136 ) ;
#1479 =( NAMED_UNIT ( * ) SI_UNIT ( $, .STERADIAN. ) SOLID_ANGLE_UNIT ( ) );
#1480 = ORIENTED_EDGE ( 'NONE', *, *, #3118, .F. ) ;
#1481 = PRESENTATION_STYLE_ASSIGNMENT (( #3277 ) ) ;
#1482 = PRESENTATION_LAYER_ASSIGNMENT (  '', '', ( #99 ) ) ;
#1483 = EDGE_LOOP ( 'NONE', ( #4297, #1969, #2200, #3471 ) ) ;
#1484 = LINE ( 'NONE', #3908, #1729 ) ;
#1485 = DIRECTION ( 'NONE',  ( -0.7660444431189766812, 0.6427876096865409172, 0.0000000000000000000 ) ) ;
#1486 = DIRECTION ( 'NONE',  ( -2.244486061844343516E-16, -1.000000000000000000, 0.0000000000000000000 ) ) ;
#1487 = DIRECTION ( 'NONE',  ( -1.000000000000000000, -0.0000000000000000000, 0.0000000000000000000 ) ) ;
#1488 = CARTESIAN_POINT ( 'NONE',  ( -1.905000000000000471, 1.379999999999941052, 3.050000000000000266 ) ) ;
#1489 = ORIENTED_EDGE ( 'NONE', *, *, #4073, .T. ) ;
#1490 = AXIS2_PLACEMENT_3D ( 'NONE', #4292, #3548, #3594 ) ;
#1491 = DIRECTION ( 'NONE',  ( -1.000000000000000000, -0.0000000000000000000, -0.0000000000000000000 ) ) ;
#1492 = PRESENTATION_STYLE_ASSIGNMENT (( #3053 ) ) ;
#1493 = CARTESIAN_POINT ( 'NONE',  ( 0.6349999999999996758, -3.229785454813289824, 4.980000000000000426 ) ) ;
#1494 = DIRECTION ( 'NONE',  ( 0.0000000000000000000, -0.0000000000000000000, 1.000000000000000000 ) ) ;
#1495 = VECTOR ( 'NONE', #585, 1000.000000000000114 ) ;
#1496 = ADVANCED_FACE ( 'NONE', ( #4438 ), #4692, .F. ) ;
#1497 = LINE ( 'NONE', #855, #1359 ) ;
#1498 = EDGE_CURVE ( 'NONE', #2388, #1762, #4317, .T. ) ;
#1499 = EDGE_LOOP ( 'NONE', ( #2900, #1133, #542, #2553 ) ) ;
#1500 = DIRECTION ( 'NONE',  ( -1.000000000000000000, -0.0000000000000000000, 0.0000000000000000000 ) ) ;
#1501 = SURFACE_STYLE_FILL_AREA ( #1553 ) ;
#1502 = DIRECTION ( 'NONE',  ( -0.0000000000000000000, -0.0000000000000000000, 1.000000000000000000 ) ) ;
#1503 = CARTESIAN_POINT ( 'NONE',  ( 2.155000000000000693, 1.379999999999941052, -3.037721543909709609 ) ) ;
#1504 = SURFACE_STYLE_FILL_AREA ( #1364 ) ;
#1505 = ORIENTED_EDGE ( 'NONE', *, *, #1811, .T. ) ;
#1506 = DIRECTION ( 'NONE',  ( -1.000000000000000000, -0.0000000000000000000, -0.0000000000000000000 ) ) ;
#1507 = FACE_OUTER_BOUND ( 'NONE', #3835, .T. ) ;
#1508 =( NAMED_UNIT ( * ) PLANE_ANGLE_UNIT ( ) SI_UNIT ( $, .RADIAN. ) );
#1509 = PRESENTATION_STYLE_ASSIGNMENT (( #4848 ) ) ;
#1510 = PRESENTATION_STYLE_ASSIGNMENT (( #779 ) ) ;
#1511 = DIRECTION ( 'NONE',  ( 0.4323696878290420043, -0.7508338448215395866, -0.4993045068063385883 ) ) ;
#1512 = PLANE ( 'NONE',  #4484 ) ;
#1513 = DIRECTION ( 'NONE',  ( 0.7071067811865509034, -0.7071067811865442421, 0.0000000000000000000 ) ) ;
#1514 = CARTESIAN_POINT ( 'NONE',  ( -0.6350000000000001199, 1.379999999999941052, -3.037721543909710054 ) ) ;
#1515 = ORIENTED_EDGE ( 'NONE', *, *, #3477, .F. ) ;
#1516 = UNCERTAINTY_MEASURE_WITH_UNIT (LENGTH_MEASURE( 1.000000000000000082E-05 ), #2614, 'distance_accuracy_value', 'NONE');
#1517 = EDGE_LOOP ( 'NONE', ( #2778, #2319, #2577, #2925 ) ) ;
#1518 = CARTESIAN_POINT ( 'NONE',  ( 2.202819513953836239, -1.848385041708787035, -5.180000000000001492 ) ) ;
#1519 = ADVANCED_FACE ( 'NONE', ( #4923 ), #1654, .F. ) ;
#1520 = PRESENTATION_LAYER_ASSIGNMENT (  '', '', ( #4691 ) ) ;
#1521 = DIRECTION ( 'NONE',  ( 0.0000000000000000000, 0.0000000000000000000, -1.000000000000000000 ) ) ;
#1522 = UNCERTAINTY_MEASURE_WITH_UNIT (LENGTH_MEASURE( 1.000000000000000082E-05 ), #1394, 'distance_accuracy_value', 'NONE');
#1523 = PRESENTATION_STYLE_ASSIGNMENT (( #2985 ) ) ;
#1524 = LINE ( 'NONE', #2656, #1329 ) ;
#1525 = LINE ( 'NONE', #3861, #3988 ) ;
#1526 = EDGE_CURVE ( 'NONE', #224, #2458, #3797, .T. ) ;
#1527 = DIRECTION ( 'NONE',  ( -1.000000000000000000, -0.0000000000000000000, 0.0000000000000000000 ) ) ;
#1528 = VECTOR ( 'NONE', #3779, 1000.000000000000000 ) ;
#1529 = LINE ( 'NONE', #1062, #2338 ) ;
#1530 =( GEOMETRIC_REPRESENTATION_CONTEXT ( 3 ) GLOBAL_UNCERTAINTY_ASSIGNED_CONTEXT ( ( #3144 ) ) GLOBAL_UNIT_ASSIGNED_CONTEXT ( ( #2993, #361, #4213 ) ) REPRESENTATION_CONTEXT ( 'NONE', 'WORKASPACE' ) );
#1531 = LINE ( 'NONE', #4279, #3201 ) ;
#1532 = DIRECTION ( 'NONE',  ( 0.0000000000000000000, -2.877422278584525882E-16, 1.000000000000000000 ) ) ;
#1533 = EDGE_CURVE ( 'NONE', #2270, #4464, #711, .T. ) ;
#1534 = ORIENTED_EDGE ( 'NONE', *, *, #3826, .T. ) ;
#1535 = FILL_AREA_STYLE ('',( #3077 ) ) ;
#1536 = PRESENTATION_LAYER_ASSIGNMENT (  '', '', ( #2439 ) ) ;
#1537 = FILL_AREA_STYLE_COLOUR ( '', #3194 ) ;
#1538 = ORIENTED_EDGE ( 'NONE', *, *, #2532, .F. ) ;
#1539 = FILL_AREA_STYLE_COLOUR ( '', #4141 ) ;
#1540 = LINE ( 'NONE', #1503, #1667 ) ;
#1541 = PLANE ( 'NONE',  #2519 ) ;
#1542 = ORIENTED_EDGE ( 'NONE', *, *, #3547, .T. ) ;
#1543 = COLOUR_RGB ( '',1.000000000000000000, 1.000000000000000000, 1.000000000000000000 ) ;
#1544 = FILL_AREA_STYLE ('',( #789 ) ) ;
#1545 =( NAMED_UNIT ( * ) SI_UNIT ( $, .STERADIAN. ) SOLID_ANGLE_UNIT ( ) );
#1546 = UNCERTAINTY_MEASURE_WITH_UNIT (LENGTH_MEASURE( 1.000000000000000082E-05 ), #3004, 'distance_accuracy_value', 'NONE');
#1547 =( GEOMETRIC_REPRESENTATION_CONTEXT ( 3 ) GLOBAL_UNCERTAINTY_ASSIGNED_CONTEXT ( ( #1777 ) ) GLOBAL_UNIT_ASSIGNED_CONTEXT ( ( #4499, #1450, #1005 ) ) REPRESENTATION_CONTEXT ( 'NONE', 'WORKASPACE' ) );
#1548 = ORIENTED_EDGE ( 'NONE', *, *, #2243, .F. ) ;
#1549 = CARTESIAN_POINT ( 'NONE',  ( -2.665000000000000924, -1.297579787036334587, -5.180000000000001492 ) ) ;
#1550 = FILL_AREA_STYLE ('',( #1537 ) ) ;
#1551 = VERTEX_POINT ( 'NONE', #2787 ) ;
#1552 = DIRECTION ( 'NONE',  ( -0.0000000000000000000, -0.0000000000000000000, 1.000000000000000000 ) ) ;
#1553 = FILL_AREA_STYLE ('',( #3311 ) ) ;
#1554 = SURFACE_STYLE_FILL_AREA ( #3662 ) ;
#1555 = AXIS2_PLACEMENT_3D ( 'NONE', #4754, #4704, #1273 ) ;
#1556 = COLOUR_RGB ( '',0.2509803921568627416, 0.2509803921568627416, 0.2509803921568627416 ) ;
#1557 = LINE ( 'NONE', #12, #2255 ) ;
#1558 = ORIENTED_EDGE ( 'NONE', *, *, #751, .F. ) ;
#1559 =( NAMED_UNIT ( * ) SI_UNIT ( $, .STERADIAN. ) SOLID_ANGLE_UNIT ( ) );
#1560 = LINE ( 'NONE', #1377, #1243 ) ;
#1561 = SURFACE_STYLE_USAGE ( .BOTH. , #2269 ) ;
#1562 = FILL_AREA_STYLE ('',( #2665 ) ) ;
#1563 = EDGE_CURVE ( 'NONE', #2603, #2012, #2608, .T. ) ;
#1564 = LINE ( 'NONE', #350, #2980 ) ;
#1565 = VERTEX_POINT ( 'NONE', #4732 ) ;
#1566 =( NAMED_UNIT ( * ) PLANE_ANGLE_UNIT ( ) SI_UNIT ( $, .RADIAN. ) );
#1567 =( NAMED_UNIT ( * ) SI_UNIT ( $, .STERADIAN. ) SOLID_ANGLE_UNIT ( ) );
#1568 = COLOUR_RGB ( '',0.7921568627450980005, 0.8196078431372548767, 0.9333333333333333481 ) ;
#1569 = EDGE_CURVE ( 'NONE', #487, #2960, #3674, .T. ) ;
#1570 = PRESENTATION_LAYER_ASSIGNMENT (  '', '', ( #3799 ) ) ;
#1571 = SURFACE_SIDE_STYLE ('',( #2935 ) ) ;
#1572 = CARTESIAN_POINT ( 'NONE',  ( -2.155000000000000693, 1.379999999999940830, -3.803592672549160891 ) ) ;
#1573 = ORIENTED_EDGE ( 'NONE', *, *, #3972, .F. ) ;
#1574 = CARTESIAN_POINT ( 'NONE',  ( -2.254999999999999893, -1.297579787036334587, -5.180000000000001492 ) ) ;
#1575 = DIRECTION ( 'NONE',  ( 1.000000000000000000, 0.0000000000000000000, 0.0000000000000000000 ) ) ;
#1576 = EDGE_LOOP ( 'NONE', ( #1980, #626, #1684, #2734, #991, #3526 ) ) ;
#1577 = LINE ( 'NONE', #2261, #2678 ) ;
#1578 = EDGE_LOOP ( 'NONE', ( #696, #1629, #1402, #2929, #3917, #3314, #3723 ) ) ;
#1579 =( LENGTH_UNIT ( ) NAMED_UNIT ( * ) SI_UNIT ( .MILLI., .METRE. ) );
#1580 = MECHANICAL_DESIGN_GEOMETRIC_PRESENTATION_REPRESENTATION (  '', ( #284 ), #1827 ) ;
#1581 = CARTESIAN_POINT ( 'NONE',  ( -0.6350000000000001199, 1.179999999999940652, -3.696407327450841329 ) ) ;
#1582 = VECTOR ( 'NONE', #1226, 1000.000000000000000 ) ;
#1583 = ORIENTED_EDGE ( 'NONE', *, *, #581, .F. ) ;
#1584 = SURFACE_STYLE_USAGE ( .BOTH. , #3058 ) ;
#1585 = EDGE_CURVE ( 'NONE', #2952, #1843, #1747, .T. ) ;
#1586 = SURFACE_STYLE_USAGE ( .BOTH. , #2345 ) ;
#1587 = LINE ( 'NONE', #4943, #23 ) ;
#1588 =( NAMED_UNIT ( * ) PLANE_ANGLE_UNIT ( ) SI_UNIT ( $, .RADIAN. ) );
#1589 = LINE ( 'NONE', #3993, #1019 ) ;
#1590 = SURFACE_STYLE_USAGE ( .BOTH. , #3097 ) ;
#1591 = FILL_AREA_STYLE_COLOUR ( '', #85 ) ;
#1592 = VECTOR ( 'NONE', #837, 1000.000000000000000 ) ;
#1593 = COLOUR_RGB ( '',1.000000000000000000, 1.000000000000000000, 1.000000000000000000 ) ;
#1594 = VERTEX_POINT ( 'NONE', #4440 ) ;
#1595 = EDGE_CURVE ( 'NONE', #1672, #2002, #3612, .T. ) ;
#1596 = DIRECTION ( 'NONE',  ( -0.0000000000000000000, 0.0000000000000000000, 1.000000000000000000 ) ) ;
#1597 = LINE ( 'NONE', #1316, #1146 ) ;
#1598 =( GEOMETRIC_REPRESENTATION_CONTEXT ( 3 ) GLOBAL_UNCERTAINTY_ASSIGNED_CONTEXT ( ( #4942 ) ) GLOBAL_UNIT_ASSIGNED_CONTEXT ( ( #2136, #4383, #1335 ) ) REPRESENTATION_CONTEXT ( 'NONE', 'WORKASPACE' ) );
#1599 = CARTESIAN_POINT ( 'NONE',  ( 2.155000000000000693, 1.179999999999940874, -3.037721543909708721 ) ) ;
#1600 = CARTESIAN_POINT ( 'NONE',  ( -1.905000000000000471, 1.179999999999940652, -3.696407327450841329 ) ) ;
#1601 = ADVANCED_FACE ( 'NONE', ( #4805 ), #3684, .F. ) ;
#1602 = ORIENTED_EDGE ( 'NONE', *, *, #4900, .T. ) ;
#1603 =( GEOMETRIC_REPRESENTATION_CONTEXT ( 3 ) GLOBAL_UNCERTAINTY_ASSIGNED_CONTEXT ( ( #2518 ) ) GLOBAL_UNIT_ASSIGNED_CONTEXT ( ( #1365, #1733, #4084 ) ) REPRESENTATION_CONTEXT ( 'NONE', 'WORKASPACE' ) );
#1604 = PRESENTATION_LAYER_ASSIGNMENT (  '', '', ( #4357 ) ) ;
#1605 = EDGE_LOOP ( 'NONE', ( #423, #3149, #2561, #2386 ) ) ;
#1606 = CARTESIAN_POINT ( 'NONE',  ( -0.2050000000000002098, -1.297579787036334587, -5.180000000000001492 ) ) ;
#1607 = LINE ( 'NONE', #596, #160 ) ;
#1608 = SURFACE_SIDE_STYLE ('',( #81 ) ) ;
#1609 = FILL_AREA_STYLE ('',( #4600 ) ) ;
#1610 = CARTESIAN_POINT ( 'NONE',  ( 0.6349999999999996758, 1.379999999999941052, 3.037721543909710054 ) ) ;
#1611 = EDGE_LOOP ( 'NONE', ( #4742, #1645, #3128, #4711 ) ) ;
#1612 = VECTOR ( 'NONE', #3643, 1000.000000000000000 ) ;
#1613 = SURFACE_SIDE_STYLE ('',( #4706 ) ) ;
#1614 = MANIFOLD_SOLID_BREP ( 'Cut-Extrude2[4]', #2137 ) ;
#1615 = DIRECTION ( 'NONE',  ( -0.0000000000000000000, -0.0000000000000000000, 1.000000000000000000 ) ) ;
#1616 = DIRECTION ( 'NONE',  ( 0.0000000000000000000, 0.0000000000000000000, -1.000000000000000000 ) ) ;
#1617 = FILL_AREA_STYLE_COLOUR ( '', #612 ) ;
#1618 = VERTEX_POINT ( 'NONE', #1826 ) ;
#1619 =( LENGTH_UNIT ( ) NAMED_UNIT ( * ) SI_UNIT ( .MILLI., .METRE. ) );
#1620 = LINE ( 'NONE', #391, #4016 ) ;
#1621 =( GEOMETRIC_REPRESENTATION_CONTEXT ( 3 ) GLOBAL_UNCERTAINTY_ASSIGNED_CONTEXT ( ( #345 ) ) GLOBAL_UNIT_ASSIGNED_CONTEXT ( ( #3145, #3615, #1701 ) ) REPRESENTATION_CONTEXT ( 'NONE', 'WORKASPACE' ) );
#1622 = VECTOR ( 'NONE', #4338, 1000.000000000000000 ) ;
#1623 = ORIENTED_EDGE ( 'NONE', *, *, #4041, .F. ) ;
#1624 = DIRECTION ( 'NONE',  ( -0.4990263461614614648, 0.8665868137911754143, 0.0000000000000000000 ) ) ;
#1625 = DIRECTION ( 'NONE',  ( 1.000000000000000000, 0.0000000000000000000, 0.0000000000000000000 ) ) ;
#1626 = ADVANCED_FACE ( 'NONE', ( #2480 ), #4097, .T. ) ;
#1627 = PRESENTATION_STYLE_ASSIGNMENT (( #1196 ) ) ;
#1628 = EDGE_CURVE ( 'NONE', #3027, #2796, #1564, .T. ) ;
#1629 = ORIENTED_EDGE ( 'NONE', *, *, #4315, .F. ) ;
#1630 = FILL_AREA_STYLE ('',( #421 ) ) ;
#1631 = LINE ( 'NONE', #3173, #3421 ) ;
#1632 = FILL_AREA_STYLE ('',( #74 ) ) ;
#1633 =( GEOMETRIC_REPRESENTATION_CONTEXT ( 3 ) GLOBAL_UNCERTAINTY_ASSIGNED_CONTEXT ( ( #4565 ) ) GLOBAL_UNIT_ASSIGNED_CONTEXT ( ( #3466, #29, #1559 ) ) REPRESENTATION_CONTEXT ( 'NONE', 'WORKASPACE' ) );
#1634 = VECTOR ( 'NONE', #656, 1000.000000000000227 ) ;
#1635 = SURFACE_SIDE_STYLE ('',( #2712 ) ) ;
#1636 = EDGE_CURVE ( 'NONE', #880, #1104, #3418, .T. ) ;
#1637 = COLOUR_RGB ( '',1.000000000000000000, 1.000000000000000000, 1.000000000000000000 ) ;
#1638 = STYLED_ITEM ( 'NONE', ( #782 ), #4194 ) ;
#1639 = VECTOR ( 'NONE', #1330, 1000.000000000000000 ) ;
#1640 = FACE_OUTER_BOUND ( 'NONE', #1183, .T. ) ;
#1641 = STYLED_ITEM ( 'NONE', ( #4354 ), #649 ) ;
#1642 = VERTEX_POINT ( 'NONE', #4591 ) ;
#1643 = DIRECTION ( 'NONE',  ( 0.0000000000000000000, -0.8326902705830219187, 0.5537390299377259462 ) ) ;
#1644 = FILL_AREA_STYLE ('',( #3541 ) ) ;
#1645 = ORIENTED_EDGE ( 'NONE', *, *, #2835, .T. ) ;
#1646 = DIRECTION ( 'NONE',  ( -1.000000000000000000, 2.244486061844343516E-16, 0.0000000000000000000 ) ) ;
#1647 = CARTESIAN_POINT ( 'NONE',  ( 0.7484104718430666381, -0.5294825664389725128, -5.180000000000001492 ) ) ;
#1648 = MECHANICAL_DESIGN_GEOMETRIC_PRESENTATION_REPRESENTATION (  '', ( #99 ), #1741 ) ;
#1649 = SURFACE_STYLE_USAGE ( .BOTH. , #2747 ) ;
#1650 = COLOUR_RGB ( '',1.000000000000000000, 1.000000000000000000, 1.000000000000000000 ) ;
#1651 = VECTOR ( 'NONE', #2266, 1000.000000000000000 ) ;
#1652 = CARTESIAN_POINT ( 'NONE',  ( 2.665000000000000924, -1.297579787036334587, -4.980000000000000426 ) ) ;
#1653 = LINE ( 'NONE', #1454, #3382 ) ;
#1654 = PLANE ( 'NONE',  #3174 ) ;
#1655 = PRESENTATION_STYLE_ASSIGNMENT (( #3192 ) ) ;
#1656 = DIRECTION ( 'NONE',  ( 1.000000000000000000, 5.611215154610858790E-17, 0.0000000000000000000 ) ) ;
#1657 = ORIENTED_EDGE ( 'NONE', *, *, #2158, .T. ) ;
#1658 =( GEOMETRIC_REPRESENTATION_CONTEXT ( 3 ) GLOBAL_UNCERTAINTY_ASSIGNED_CONTEXT ( ( #203 ) ) GLOBAL_UNIT_ASSIGNED_CONTEXT ( ( #1074, #684, #1426 ) ) REPRESENTATION_CONTEXT ( 'NONE', 'WORKASPACE' ) );
#1659 = CARTESIAN_POINT ( 'NONE',  ( -2.744312401339973118, 3.079999999999999627, 1.535116495578768392 ) ) ;
#1660 = VECTOR ( 'NONE', #1404, 1000.000000000000000 ) ;
#1661 = DIRECTION ( 'NONE',  ( -1.000000000000000000, 0.0000000000000000000, 0.0000000000000000000 ) ) ;
#1662 = EDGE_CURVE ( 'NONE', #114, #3829, #1799, .T. ) ;
#1663 = ORIENTED_EDGE ( 'NONE', *, *, #2124, .T. ) ;
#1664 = DIRECTION ( 'NONE',  ( -0.0000000000000000000, 0.8326902705830219187, -0.5537390299377258351 ) ) ;
#1665 = DIRECTION ( 'NONE',  ( -0.0000000000000000000, -0.0000000000000000000, 1.000000000000000000 ) ) ;
#1666 = STYLED_ITEM ( 'NONE', ( #788 ), #3842 ) ;
#1667 = VECTOR ( 'NONE', #2188, 1000.000000000000000 ) ;
#1668 = SURFACE_STYLE_USAGE ( .BOTH. , #1635 ) ;
#1669 =( NAMED_UNIT ( * ) PLANE_ANGLE_UNIT ( ) SI_UNIT ( $, .RADIAN. ) );
#1670 = EDGE_CURVE ( 'NONE', #2952, #437, #3852, .T. ) ;
#1671 =( GEOMETRIC_REPRESENTATION_CONTEXT ( 3 ) GLOBAL_UNCERTAINTY_ASSIGNED_CONTEXT ( ( #3980 ) ) GLOBAL_UNIT_ASSIGNED_CONTEXT ( ( #1199, #4295, #2011 ) ) REPRESENTATION_CONTEXT ( 'NONE', 'WORKASPACE' ) );
#1672 = VERTEX_POINT ( 'NONE', #1887 ) ;
#1673 = UNCERTAINTY_MEASURE_WITH_UNIT (LENGTH_MEASURE( 1.000000000000000082E-05 ), #4632, 'distance_accuracy_value', 'NONE');
#1674 =( NAMED_UNIT ( * ) PLANE_ANGLE_UNIT ( ) SI_UNIT ( $, .RADIAN. ) );
#1675 = DIRECTION ( 'NONE',  ( -1.000000000000000000, -0.0000000000000000000, -0.0000000000000000000 ) ) ;
#1676 = ORIENTED_EDGE ( 'NONE', *, *, #897, .F. ) ;
#1677 =( NAMED_UNIT ( * ) SI_UNIT ( $, .STERADIAN. ) SOLID_ANGLE_UNIT ( ) );
#1678 = SURFACE_SIDE_STYLE ('',( #3556 ) ) ;
#1679 = UNCERTAINTY_MEASURE_WITH_UNIT (LENGTH_MEASURE( 1.000000000000000082E-05 ), #2259, 'distance_accuracy_value', 'NONE');
#1680 = PLANE ( 'NONE',  #63 ) ;
#1681 = PRODUCT ( 'MOC3021SM', 'MOC3021SM', '', ( #3660 ) ) ;
#1682 = MECHANICAL_DESIGN_GEOMETRIC_PRESENTATION_REPRESENTATION (  '', ( #4363 ), #2691 ) ;
#1683 = PRESENTATION_STYLE_ASSIGNMENT (( #563 ) ) ;
#1684 = ORIENTED_EDGE ( 'NONE', *, *, #2844, .T. ) ;
#1685 = SURFACE_STYLE_FILL_AREA ( #1274 ) ;
#1686 = LINE ( 'NONE', #3836, #3722 ) ;
#1687 = ORIENTED_EDGE ( 'NONE', *, *, #3214, .T. ) ;
#1688 = PLANE ( 'NONE',  #1020 ) ;
#1689 = MECHANICAL_DESIGN_GEOMETRIC_PRESENTATION_REPRESENTATION (  '', ( #3652 ), #2330 ) ;
#1690 = SURFACE_STYLE_FILL_AREA ( #4622 ) ;
#1691 = ORIENTED_EDGE ( 'NONE', *, *, #2262, .T. ) ;
#1692 = EDGE_CURVE ( 'NONE', #2784, #3701, #646, .T. ) ;
#1693 = VECTOR ( 'NONE', #4538, 1000.000000000000000 ) ;
#1694 = PRESENTATION_STYLE_ASSIGNMENT (( #1875 ) ) ;
#1695 = CARTESIAN_POINT ( 'NONE',  ( 0.6349999999999996758, 1.379999999999940830, 3.803592672549160891 ) ) ;
#1696 =( GEOMETRIC_REPRESENTATION_CONTEXT ( 3 ) GLOBAL_UNCERTAINTY_ASSIGNED_CONTEXT ( ( #3579 ) ) GLOBAL_UNIT_ASSIGNED_CONTEXT ( ( #4304, #4316, #2721 ) ) REPRESENTATION_CONTEXT ( 'NONE', 'WORKASPACE' ) );
#1697 = CARTESIAN_POINT ( 'NONE',  ( 4.065000000000000391, 1.280000000000031113, 3.049999999999999822 ) ) ;
#1698 = LINE ( 'NONE', #1778, #3247 ) ;
#1699 = LINE ( 'NONE', #3188, #301 ) ;
#1700 = ORIENTED_EDGE ( 'NONE', *, *, #1595, .F. ) ;
#1701 =( NAMED_UNIT ( * ) SI_UNIT ( $, .STERADIAN. ) SOLID_ANGLE_UNIT ( ) );
#1702 = PRESENTATION_LAYER_ASSIGNMENT (  '', '', ( #3230 ) ) ;
#1703 = ORIENTED_EDGE ( 'NONE', *, *, #3942, .T. ) ;
#1704 = ADVANCED_FACE ( 'NONE', ( #1742 ), #745, .F. ) ;
#1705 = STYLED_ITEM ( 'NONE', ( #2672 ), #1220 ) ;
#1706 = LINE ( 'NONE', #2805, #663 ) ;
#1707 = CARTESIAN_POINT ( 'NONE',  ( 3.174999999999999822, 1.179999999999940874, 3.037721543909708721 ) ) ;
#1708 = LINE ( 'NONE', #1514, #665 ) ;
#1709 = LINE ( 'NONE', #4266, #2938 ) ;
#1710 = SURFACE_STYLE_USAGE ( .BOTH. , #898 ) ;
#1711 = CARTESIAN_POINT ( 'NONE',  ( 0.6350000000000001199, -0.6897854548132907881, 5.180000000000001492 ) ) ;
#1712 = CARTESIAN_POINT ( 'NONE',  ( -3.175000000000000266, -0.6897854548132905661, -5.180000000000001492 ) ) ;
#1713 = DIRECTION ( 'NONE',  ( 0.0000000000000000000, -0.1218693434051535129, -0.9925461516413213170 ) ) ;
#1714 = FILL_AREA_STYLE_COLOUR ( '', #3102 ) ;
#1715 = SURFACE_STYLE_FILL_AREA ( #419 ) ;
#1716 = ORIENTED_EDGE ( 'NONE', *, *, #1725, .T. ) ;
#1717 = SURFACE_STYLE_USAGE ( .BOTH. , #1347 ) ;
#1718 = EDGE_LOOP ( 'NONE', ( #1382, #4730, #1355, #1542, #3709, #1073, #2132 ) ) ;
#1719 = SURFACE_SIDE_STYLE ('',( #3763 ) ) ;
#1720 =( NAMED_UNIT ( * ) PLANE_ANGLE_UNIT ( ) SI_UNIT ( $, .RADIAN. ) );
#1721 =( GEOMETRIC_REPRESENTATION_CONTEXT ( 3 ) GLOBAL_UNCERTAINTY_ASSIGNED_CONTEXT ( ( #3895 ) ) GLOBAL_UNIT_ASSIGNED_CONTEXT ( ( #304, #4570, #3795 ) ) REPRESENTATION_CONTEXT ( 'NONE', 'WORKASPACE' ) );
#1722 =( LENGTH_UNIT ( ) NAMED_UNIT ( * ) SI_UNIT ( .MILLI., .METRE. ) );
#1723 = VERTEX_POINT ( 'NONE', #1066 ) ;
#1724 = EDGE_CURVE ( 'NONE', #634, #3984, #3606, .T. ) ;
#1725 = EDGE_CURVE ( 'NONE', #974, #1345, #3232, .T. ) ;
#1726 = DIRECTION ( 'NONE',  ( 0.0000000000000000000, -0.8326902705830219187, 0.5537390299377259462 ) ) ;
#1727 = STYLED_ITEM ( 'NONE', ( #4681 ), #4630 ) ;
#1728 = ORIENTED_EDGE ( 'NONE', *, *, #1260, .T. ) ;
#1729 = VECTOR ( 'NONE', #2719, 1000.000000000000000 ) ;
#1730 = MECHANICAL_DESIGN_GEOMETRIC_PRESENTATION_REPRESENTATION (  '', ( #3983 ), #22 ) ;
#1731 = FILL_AREA_STYLE ('',( #4831 ) ) ;
#1732 = ORIENTED_EDGE ( 'NONE', *, *, #4929, .F. ) ;
#1733 =( NAMED_UNIT ( * ) PLANE_ANGLE_UNIT ( ) SI_UNIT ( $, .RADIAN. ) );
#1734 =( NAMED_UNIT ( * ) SI_UNIT ( $, .STERADIAN. ) SOLID_ANGLE_UNIT ( ) );
#1735 =( NAMED_UNIT ( * ) SI_UNIT ( $, .STERADIAN. ) SOLID_ANGLE_UNIT ( ) );
#1736 = LINE ( 'NONE', #3819, #3289 ) ;
#1737 = COLOUR_RGB ( '',1.000000000000000000, 1.000000000000000000, 1.000000000000000000 ) ;
#1738 = VERTEX_POINT ( 'NONE', #315 ) ;
#1739 = PLANE ( 'NONE',  #3581 ) ;
#1740 = FACE_OUTER_BOUND ( 'NONE', #1090, .T. ) ;
#1741 =( GEOMETRIC_REPRESENTATION_CONTEXT ( 3 ) GLOBAL_UNCERTAINTY_ASSIGNED_CONTEXT ( ( #4487 ) ) GLOBAL_UNIT_ASSIGNED_CONTEXT ( ( #4567, #4124, #288 ) ) REPRESENTATION_CONTEXT ( 'NONE', 'WORKASPACE' ) );
#1742 = FACE_OUTER_BOUND ( 'NONE', #4523, .T. ) ;
#1743 = ORIENTED_EDGE ( 'NONE', *, *, #1083, .T. ) ;
#1744 = PRESENTATION_STYLE_ASSIGNMENT (( #4684 ) ) ;
#1745 =( NAMED_UNIT ( * ) PLANE_ANGLE_UNIT ( ) SI_UNIT ( $, .RADIAN. ) );
#1746 = UNCERTAINTY_MEASURE_WITH_UNIT (LENGTH_MEASURE( 1.000000000000000082E-05 ), #3672, 'distance_accuracy_value', 'NONE');
#1747 = LINE ( 'NONE', #2529, #3424 ) ;
#1748 = EDGE_CURVE ( 'NONE', #3219, #2789, #4734, .T. ) ;
#1749 = CARTESIAN_POINT ( 'NONE',  ( -0.2050000000000000988, -3.229785454813289824, -4.980000000000000426 ) ) ;
#1750 = PRESENTATION_LAYER_ASSIGNMENT (  '', '', ( #4927 ) ) ;
#1751 = SURFACE_SIDE_STYLE ('',( #1763 ) ) ;
#1752 = EDGE_CURVE ( 'NONE', #1854, #3055, #1686, .T. ) ;
#1753 = SURFACE_SIDE_STYLE ('',( #3337 ) ) ;
#1754 = DIRECTION ( 'NONE',  ( 0.0000000000000000000, 0.8326902705830219187, 0.5537390299377259462 ) ) ;
#1755 = VECTOR ( 'NONE', #4325, 1000.000000000000000 ) ;
#1756 = VERTEX_POINT ( 'NONE', #3436 ) ;
#1757 = STYLED_ITEM ( 'NONE', ( #792 ), #3715 ) ;
#1758 = CARTESIAN_POINT ( 'NONE',  ( -2.744312401339973118, 3.279999999999999805, 1.866576855972117643 ) ) ;
#1759 = CARTESIAN_POINT ( 'NONE',  ( 3.174999999999999822, 1.179999999999940652, 3.696407327450840885 ) ) ;
#1760 = FACE_OUTER_BOUND ( 'NONE', #409, .T. ) ;
#1761 = AXIS2_PLACEMENT_3D ( 'NONE', #1419, #4116, #3714 ) ;
#1762 = VERTEX_POINT ( 'NONE', #3052 ) ;
#1763 = SURFACE_STYLE_FILL_AREA ( #192 ) ;
#1764 = VECTOR ( 'NONE', #4617, 1000.000000000000000 ) ;
#1765 = SURFACE_SIDE_STYLE ('',( #1504 ) ) ;
#1766 = DIRECTION ( 'NONE',  ( -0.0000000000000000000, -0.0000000000000000000, -1.000000000000000000 ) ) ;
#1767 =( NAMED_UNIT ( * ) SI_UNIT ( $, .STERADIAN. ) SOLID_ANGLE_UNIT ( ) );
#1768 = LINE ( 'NONE', #1164, #2882 ) ;
#1769 = ORIENTED_EDGE ( 'NONE', *, *, #1692, .F. ) ;
#1770 = DIRECTION ( 'NONE',  ( 0.0000000000000000000, 3.354547903289223418E-16, 1.000000000000000000 ) ) ;
#1771 = VECTOR ( 'NONE', #469, 1000.000000000000114 ) ;
#1772 = ORIENTED_EDGE ( 'NONE', *, *, #1585, .T. ) ;
#1773 = ADVANCED_FACE ( 'NONE', ( #174 ), #3071, .F. ) ;
#1774 = DIRECTION ( 'NONE',  ( -0.0000000000000000000, -0.0000000000000000000, -1.000000000000000000 ) ) ;
#1775 = ORIENTED_EDGE ( 'NONE', *, *, #916, .T. ) ;
#1776 =( GEOMETRIC_REPRESENTATION_CONTEXT ( 3 ) GLOBAL_UNCERTAINTY_ASSIGNED_CONTEXT ( ( #508 ) ) GLOBAL_UNIT_ASSIGNED_CONTEXT ( ( #1722, #4385, #1677 ) ) REPRESENTATION_CONTEXT ( 'NONE', 'WORKASPACE' ) );
#1777 = UNCERTAINTY_MEASURE_WITH_UNIT (LENGTH_MEASURE( 1.000000000000000082E-05 ), #4499, 'distance_accuracy_value', 'NONE');
#1778 = CARTESIAN_POINT ( 'NONE',  ( -2.254999999999999893, -1.297579787036334587, -5.180000000000001492 ) ) ;
#1779 = DIRECTION ( 'NONE',  ( 1.000000000000000000, 0.0000000000000000000, 0.0000000000000000000 ) ) ;
#1780 = EDGE_CURVE ( 'NONE', #3748, #4778, #2535, .T. ) ;
#1781 = ORIENTED_EDGE ( 'NONE', *, *, #3073, .T. ) ;
#1782 = AXIS2_PLACEMENT_3D ( 'NONE', #3395, #1879, #2606 ) ;
#1783 = PLANE ( 'NONE',  #3043 ) ;
#1784 = SURFACE_STYLE_USAGE ( .BOTH. , #2434 ) ;
#1785 = EDGE_CURVE ( 'NONE', #3027, #1172, #1557, .T. ) ;
#1786 = ORIENTED_EDGE ( 'NONE', *, *, #3540, .T. ) ;
#1787 = COLOUR_RGB ( '',0.2509803921568627416, 0.2509803921568627416, 0.2509803921568627416 ) ;
#1788 = APPLICATION_CONTEXT ( 'automotive_design' ) ;
#1789 =( GEOMETRIC_REPRESENTATION_CONTEXT ( 3 ) GLOBAL_UNCERTAINTY_ASSIGNED_CONTEXT ( ( #975 ) ) GLOBAL_UNIT_ASSIGNED_CONTEXT ( ( #4636, #3930, #3120 ) ) REPRESENTATION_CONTEXT ( 'NONE', 'WORKASPACE' ) );
#1790 =( NAMED_UNIT ( * ) PLANE_ANGLE_UNIT ( ) SI_UNIT ( $, .RADIAN. ) );
#1791 = ORIENTED_EDGE ( 'NONE', *, *, #2761, .T. ) ;
#1792 = PRESENTATION_LAYER_ASSIGNMENT (  '', '', ( #4219 ) ) ;
#1793 = CARTESIAN_POINT ( 'NONE',  ( -1.905000000000000471, -0.6897854548132907881, -5.180000000000001492 ) ) ;
#1794 = ADVANCED_FACE ( 'NONE', ( #4023 ), #4624, .F. ) ;
#1795 = CLOSED_SHELL ( 'NONE', ( #1039, #2534, #4864, #4117, #4741, #1601, #2157, #2183, #904, #4630, #572, #259, #4533, #2615, #1837 ) ) ;
#1796 = CARTESIAN_POINT ( 'NONE',  ( 3.174999999999999822, 1.379999999999941052, 3.037721543909709609 ) ) ;
#1797 = PRODUCT_DEFINITION ( 'UNKNOWN', '', #2290, #4121 ) ;
#1798 = CARTESIAN_POINT ( 'NONE',  ( -3.175000000000000266, 1.179999999999940652, -3.696407327450841329 ) ) ;
#1799 = LINE ( 'NONE', #3387, #2083 ) ;
#1800 = VERTEX_POINT ( 'NONE', #1599 ) ;
#1801 = MECHANICAL_DESIGN_GEOMETRIC_PRESENTATION_REPRESENTATION (  '', ( #1953 ), #1277 ) ;
#1802 = SURFACE_SIDE_STYLE ('',( #1109 ) ) ;
#1803 = ORIENTED_EDGE ( 'NONE', *, *, #2887, .F. ) ;
#1804 = PLANE ( 'NONE',  #1467 ) ;
#1805 = STYLED_ITEM ( 'NONE', ( #2347 ), #3035 ) ;
#1806 = DIRECTION ( 'NONE',  ( 0.0000000000000000000, -0.9925461516413212060, -0.1218693434051534991 ) ) ;
#1807 = CARTESIAN_POINT ( 'NONE',  ( 3.175000000000000266, -0.6897854548132905661, -5.180000000000001492 ) ) ;
#1808 = ORIENTED_EDGE ( 'NONE', *, *, #2879, .F. ) ;
#1809 = DIRECTION ( 'NONE',  ( 0.0000000000000000000, 0.9925461516413212060, -0.1218693434051535129 ) ) ;
#1810 = LINE ( 'NONE', #512, #723 ) ;
#1811 = EDGE_CURVE ( 'NONE', #114, #1618, #2140, .T. ) ;
#1812 = UNCERTAINTY_MEASURE_WITH_UNIT (LENGTH_MEASURE( 1.000000000000000082E-05 ), #1914, 'distance_accuracy_value', 'NONE');
#1813 = CARTESIAN_POINT ( 'NONE',  ( -3.907835762044281847, 0.0000000000000000000, 2.892835762044282610 ) ) ;
#1814 = STYLED_ITEM ( 'NONE', ( #894 ), #4480 ) ;
#1815 = LINE ( 'NONE', #818, #2870 ) ;
#1816 = ADVANCED_FACE ( 'NONE', ( #234 ), #1163, .F. ) ;
#1817 = SURFACE_STYLE_USAGE ( .BOTH. , #4127 ) ;
#1818 = FILL_AREA_STYLE ('',( #2539 ) ) ;
#1819 = STYLED_ITEM ( 'NONE', ( #2112 ), #475 ) ;
#1820 = EDGE_CURVE ( 'NONE', #2713, #1854, #3036, .T. ) ;
#1821 = PRESENTATION_STYLE_ASSIGNMENT (( #4697 ) ) ;
#1822 = LINE ( 'NONE', #4042, #3444 ) ;
#1823 = DIRECTION ( 'NONE',  ( -0.5775512808318011837, 0.8163544071109961608, 0.0000000000000000000 ) ) ;
#1824 = SURFACE_SIDE_STYLE ('',( #2286 ) ) ;
#1825 = ORIENTED_EDGE ( 'NONE', *, *, #213, .F. ) ;
#1826 = CARTESIAN_POINT ( 'NONE',  ( 0.6349999999999996758, 1.179999999999940652, -3.696407327450841329 ) ) ;
#1827 =( GEOMETRIC_REPRESENTATION_CONTEXT ( 3 ) GLOBAL_UNCERTAINTY_ASSIGNED_CONTEXT ( ( #1546 ) ) GLOBAL_UNIT_ASSIGNED_CONTEXT ( ( #3004, #3769, #4527 ) ) REPRESENTATION_CONTEXT ( 'NONE', 'WORKASPACE' ) );
#1828 = EDGE_LOOP ( 'NONE', ( #1945, #3516, #52, #2492 ) ) ;
#1829 = CARTESIAN_POINT ( 'NONE',  ( -0.2050000000000000988, -3.229785454813289824, -5.180000000000001492 ) ) ;
#1830 = FILL_AREA_STYLE_COLOUR ( '', #262 ) ;
#1831 = ORIENTED_EDGE ( 'NONE', *, *, #4066, .T. ) ;
#1832 = SURFACE_STYLE_USAGE ( .BOTH. , #2923 ) ;
#1833 = SURFACE_STYLE_FILL_AREA ( #3969 ) ;
#1834 = AXIS2_PLACEMENT_3D ( 'NONE', #3608, #4720, #2036 ) ;
#1835 = VERTEX_POINT ( 'NONE', #3468 ) ;
#1836 = SURFACE_STYLE_USAGE ( .BOTH. , #3366 ) ;
#1837 = ADVANCED_FACE ( 'NONE', ( #1904 ), #4282, .T. ) ;
#1838 = EDGE_CURVE ( 'NONE', #4922, #553, #2851, .T. ) ;
#1839 = CARTESIAN_POINT ( 'NONE',  ( -3.175000000000000266, 1.179999999999940652, -3.696407327450841329 ) ) ;
#1840 =( NAMED_UNIT ( * ) PLANE_ANGLE_UNIT ( ) SI_UNIT ( $, .RADIAN. ) );
#1841 = DIRECTION ( 'NONE',  ( 0.0000000000000000000, -0.8326902705830219187, -0.5537390299377259462 ) ) ;
#1842 = PRESENTATION_LAYER_ASSIGNMENT (  '', '', ( #3224 ) ) ;
#1843 = VERTEX_POINT ( 'NONE', #4320 ) ;
#1844 = SURFACE_STYLE_USAGE ( .BOTH. , #2602 ) ;
#1845 = LINE ( 'NONE', #4924, #48 ) ;
#1846 =( GEOMETRIC_REPRESENTATION_CONTEXT ( 3 ) GLOBAL_UNCERTAINTY_ASSIGNED_CONTEXT ( ( #195 ) ) GLOBAL_UNIT_ASSIGNED_CONTEXT ( ( #1013, #2966, #676 ) ) REPRESENTATION_CONTEXT ( 'NONE', 'WORKASPACE' ) );
#1847 = SURFACE_STYLE_USAGE ( .BOTH. , #667 ) ;
#1848 = EDGE_LOOP ( 'NONE', ( #3817, #302, #2838, #197, #4626 ) ) ;
#1849 = LINE ( 'NONE', #219, #882 ) ;
#1850 = MECHANICAL_DESIGN_GEOMETRIC_PRESENTATION_REPRESENTATION (  '', ( #4357 ), #3059 ) ;
#1851 = CARTESIAN_POINT ( 'NONE',  ( -1.905000000000000471, -0.7502145451867079373, -4.980000000000001315 ) ) ;
#1852 = DIRECTION ( 'NONE',  ( 0.0000000000000000000, 0.0000000000000000000, -1.000000000000000000 ) ) ;
#1853 = DIRECTION ( 'NONE',  ( 0.1209742911513514846, 0.9852565360152939489, -0.1209742911513514985 ) ) ;
#1854 = VERTEX_POINT ( 'NONE', #492 ) ;
#1855 = SURFACE_STYLE_USAGE ( .BOTH. , #1401 ) ;
#1856 = LINE ( 'NONE', #3400, #530 ) ;
#1857 = PLANE ( 'NONE',  #4417 ) ;
#1858 = STYLED_ITEM ( 'NONE', ( #4558 ), #1837 ) ;
#1859 = CARTESIAN_POINT ( 'NONE',  ( 0.6349999999999996758, 1.379999999999941052, -3.050000000000000266 ) ) ;
#1860 = ADVANCED_FACE ( 'NONE', ( #4665 ), #3947, .T. ) ;
#1861 = VERTEX_POINT ( 'NONE', #1276 ) ;
#1862 = DIRECTION ( 'NONE',  ( 0.0000000000000000000, -0.8326902705830219187, 0.5537390299377259462 ) ) ;
#1863 = PRESENTATION_STYLE_ASSIGNMENT (( #1151 ) ) ;
#1864 = VERTEX_POINT ( 'NONE', #4756 ) ;
#1865 = EDGE_CURVE ( 'NONE', #3868, #2178, #1631, .T. ) ;
#1866 = CARTESIAN_POINT ( 'NONE',  ( -1.905000000000000471, 1.179999999999940652, -3.696407327450841329 ) ) ;
#1867 = SURFACE_STYLE_FILL_AREA ( #999 ) ;
#1868 = MECHANICAL_DESIGN_GEOMETRIC_PRESENTATION_REPRESENTATION (  '', ( #1424 ), #744 ) ;
#1869 =( NAMED_UNIT ( * ) PLANE_ANGLE_UNIT ( ) SI_UNIT ( $, .RADIAN. ) );
#1870 = FILL_AREA_STYLE ('',( #2233 ) ) ;
#1871 = VECTOR ( 'NONE', #3566, 1000.000000000000227 ) ;
#1872 = VECTOR ( 'NONE', #3561, 1000.000000000000000 ) ;
#1873 = FACE_OUTER_BOUND ( 'NONE', #2298, .T. ) ;
#1874 = EDGE_CURVE ( 'NONE', #2178, #338, #3538, .T. ) ;
#1875 = SURFACE_STYLE_USAGE ( .BOTH. , #3740 ) ;
#1876 = STYLED_ITEM ( 'NONE', ( #1863 ), #4362 ) ;
#1877 = FACE_OUTER_BOUND ( 'NONE', #3507, .T. ) ;
#1878 = ORIENTED_EDGE ( 'NONE', *, *, #3298, .T. ) ;
#1879 = DIRECTION ( 'NONE',  ( 0.0000000000000000000, -1.000000000000000000, 2.877422278584525882E-16 ) ) ;
#1880 = CARTESIAN_POINT ( 'NONE',  ( -1.905000000000000471, 1.379999999999940830, -3.803592672549160891 ) ) ;
#1881 = SURFACE_STYLE_USAGE ( .BOTH. , #2978 ) ;
#1882 = STYLED_ITEM ( 'NONE', ( #2748 ), #904 ) ;
#1883 = DIRECTION ( 'NONE',  ( 0.0000000000000000000, 0.8326902705830219187, 0.5537390299377258351 ) ) ;
#1884 = EDGE_LOOP ( 'NONE', ( #2022, #1716, #2100, #2, #4013, #525 ) ) ;
#1885 = PLANE ( 'NONE',  #2346 ) ;
#1886 = PRESENTATION_STYLE_ASSIGNMENT (( #2455 ) ) ;
#1887 = CARTESIAN_POINT ( 'NONE',  ( -2.155000000000000693, 1.179999999999940874, -3.037721543909709165 ) ) ;
#1888 = ADVANCED_FACE ( 'NONE', ( #461 ), #2031, .T. ) ;
#1889 = SURFACE_SIDE_STYLE ('',( #371 ) ) ;
#1890 = VERTEX_POINT ( 'NONE', #2370 ) ;
#1891 = SURFACE_SIDE_STYLE ('',( #1867 ) ) ;
#1892 = SURFACE_STYLE_FILL_AREA ( #4190 ) ;
#1893 = MECHANICAL_DESIGN_GEOMETRIC_PRESENTATION_REPRESENTATION (  '', ( #2726 ), #4753 ) ;
#1894 = EDGE_LOOP ( 'NONE', ( #794, #1691, #3921, #2467, #1206, #4394 ) ) ;
#1895 = DIRECTION ( 'NONE',  ( -0.6427876096865409172, -0.7660444431189766812, 0.0000000000000000000 ) ) ;
#1896 = FILL_AREA_STYLE ('',( #3831 ) ) ;
#1897 = SURFACE_STYLE_USAGE ( .BOTH. , #4218 ) ;
#1898 = ORIENTED_EDGE ( 'NONE', *, *, #4315, .T. ) ;
#1899 = PRESENTATION_LAYER_ASSIGNMENT (  '', '', ( #2545 ) ) ;
#1900 = VECTOR ( 'NONE', #721, 1000.000000000000000 ) ;
#1901 = CARTESIAN_POINT ( 'NONE',  ( -1.905000000000000471, 1.279999999999940963, 3.050000000000000266 ) ) ;
#1902 = DIRECTION ( 'NONE',  ( -0.0000000000000000000, -0.0000000000000000000, 1.000000000000000000 ) ) ;
#1903 = CARTESIAN_POINT ( 'NONE',  ( -0.6350000000000001199, -0.6897854548132904551, -4.939814654901677038 ) ) ;
#1904 = FACE_OUTER_BOUND ( 'NONE', #3825, .T. ) ;
#1905 = EDGE_CURVE ( 'NONE', #2796, #2802, #1497, .T. ) ;
#1906 = ORIENTED_EDGE ( 'NONE', *, *, #3268, .F. ) ;
#1907 =( LENGTH_UNIT ( ) NAMED_UNIT ( * ) SI_UNIT ( .MILLI., .METRE. ) );
#1908 = VECTOR ( 'NONE', #2958, 1000.000000000000000 ) ;
#1909 = UNCERTAINTY_MEASURE_WITH_UNIT (LENGTH_MEASURE( 1.000000000000000082E-05 ), #2182, 'distance_accuracy_value', 'NONE');
#1910 = SURFACE_STYLE_USAGE ( .BOTH. , #3854 ) ;
#1911 = AXIS2_PLACEMENT_3D ( 'NONE', #2447, #3242, #172 ) ;
#1912 = SURFACE_STYLE_FILL_AREA ( #1544 ) ;
#1913 = ORIENTED_EDGE ( 'NONE', *, *, #3290, .T. ) ;
#1914 =( LENGTH_UNIT ( ) NAMED_UNIT ( * ) SI_UNIT ( .MILLI., .METRE. ) );
#1915 = EDGE_CURVE ( 'NONE', #3950, #778, #3297, .T. ) ;
#1916 = AXIS2_PLACEMENT_3D ( 'NONE', #220, #2160, #2521 ) ;
#1917 =( NAMED_UNIT ( * ) SI_UNIT ( $, .STERADIAN. ) SOLID_ANGLE_UNIT ( ) );
#1918 = ADVANCED_FACE ( 'NONE', ( #2251 ), #131, .F. ) ;
#1919 = DIRECTION ( 'NONE',  ( 1.000000000000000000, 0.0000000000000000000, 0.0000000000000000000 ) ) ;
#1920 = CARTESIAN_POINT ( 'NONE',  ( 1.905000000000000471, -0.6897854548132907881, -5.180000000000001492 ) ) ;
#1921 = DIRECTION ( 'NONE',  ( 0.0000000000000000000, -0.1218693434051535129, 0.9925461516413213170 ) ) ;
#1922 = DIRECTION ( 'NONE',  ( -1.000000000000000000, -0.0000000000000000000, 0.0000000000000000000 ) ) ;
#1923 = LINE ( 'NONE', #4722, #2552 ) ;
#1924 = VERTEX_POINT ( 'NONE', #3978 ) ;
#1925 = EDGE_CURVE ( 'NONE', #1835, #4588, #3234, .T. ) ;
#1926 = ORIENTED_EDGE ( 'NONE', *, *, #374, .F. ) ;
#1927 = FACE_OUTER_BOUND ( 'NONE', #1828, .T. ) ;
#1928 = DIRECTION ( 'NONE',  ( 0.0000000000000000000, -0.9925461516413212060, 0.1218693434051534991 ) ) ;
#1929 = PRESENTATION_LAYER_ASSIGNMENT (  '', '', ( #4195 ) ) ;
#1930 = SURFACE_SIDE_STYLE ('',( #1501 ) ) ;
#1931 = LINE ( 'NONE', #3257, #2278 ) ;
#1932 = SURFACE_STYLE_FILL_AREA ( #4255 ) ;
#1933 = EDGE_CURVE ( 'NONE', #2981, #761, #1849, .T. ) ;
#1934 = PRESENTATION_STYLE_ASSIGNMENT (( #2225 ) ) ;
#1935 = AXIS2_PLACEMENT_3D ( 'NONE', #4661, #3919, #781 ) ;
#1936 = CARTESIAN_POINT ( 'NONE',  ( 3.174999999999999822, 1.379999999999940830, -3.803592672549160447 ) ) ;
#1937 = DIRECTION ( 'NONE',  ( -0.5775512808318012947, -0.8163544071109960498, 0.0000000000000000000 ) ) ;
#1938 = PRESENTATION_STYLE_ASSIGNMENT (( #2103 ) ) ;
#1939 = AXIS2_PLACEMENT_3D ( 'NONE', #4560, #32, #2681 ) ;
#1940 = ORIENTED_EDGE ( 'NONE', *, *, #2483, .T. ) ;
#1941 = CARTESIAN_POINT ( 'NONE',  ( -0.2050000000000002931, -1.150299106695227759E-17, 5.180000000000001492 ) ) ;
#1942 = STYLED_ITEM ( 'NONE', ( #990 ), #4915 ) ;
#1943 = UNCERTAINTY_MEASURE_WITH_UNIT (LENGTH_MEASURE( 1.000000000000000082E-05 ), #1103, 'distance_accuracy_value', 'NONE');
#1944 = CARTESIAN_POINT ( 'NONE',  ( 1.132305525200816732, 0.6520411803952980145, -5.180000000000001492 ) ) ;
#1945 = ORIENTED_EDGE ( 'NONE', *, *, #3425, .T. ) ;
#1946 =( GEOMETRIC_REPRESENTATION_CONTEXT ( 3 ) GLOBAL_UNCERTAINTY_ASSIGNED_CONTEXT ( ( #4858 ) ) GLOBAL_UNIT_ASSIGNED_CONTEXT ( ( #3802, #1869, #2231 ) ) REPRESENTATION_CONTEXT ( 'NONE', 'WORKASPACE' ) );
#1947 = DIRECTION ( 'NONE',  ( 0.8665868137911754143, -0.4990263461614615204, 0.0000000000000000000 ) ) ;
#1948 = DIRECTION ( 'NONE',  ( 0.4990263461614615204, 0.8665868137911754143, 0.0000000000000000000 ) ) ;
#1949 = VERTEX_POINT ( 'NONE', #4810 ) ;
#1950 = VECTOR ( 'NONE', #2073, 1000.000000000000000 ) ;
#1951 =( LENGTH_UNIT ( ) NAMED_UNIT ( * ) SI_UNIT ( .MILLI., .METRE. ) );
#1952 = DIRECTION ( 'NONE',  ( -0.5775512808318011837, 0.8163544071109961608, 0.0000000000000000000 ) ) ;
#1953 = STYLED_ITEM ( 'NONE', ( #3783 ), #1816 ) ;
#1954 = ORIENTED_EDGE ( 'NONE', *, *, #3319, .T. ) ;
#1955 = VECTOR ( 'NONE', #3543, 1000.000000000000227 ) ;
#1956 = PLANE ( 'NONE',  #4463 ) ;
#1957 =( LENGTH_UNIT ( ) NAMED_UNIT ( * ) SI_UNIT ( .MILLI., .METRE. ) );
#1958 = ORIENTED_EDGE ( 'NONE', *, *, #235, .F. ) ;
#1959 =( LENGTH_UNIT ( ) NAMED_UNIT ( * ) SI_UNIT ( .MILLI., .METRE. ) );
#1960 = DIRECTION ( 'NONE',  ( -0.0000000000000000000, -0.0000000000000000000, 1.000000000000000000 ) ) ;
#1961 = STYLED_ITEM ( 'NONE', ( #491 ), #3595 ) ;
#1962 = SURFACE_STYLE_FILL_AREA ( #4672 ) ;
#1963 = ORIENTED_EDGE ( 'NONE', *, *, #3598, .T. ) ;
#1964 = LINE ( 'NONE', #2852, #238 ) ;
#1965 = UNCERTAINTY_MEASURE_WITH_UNIT (LENGTH_MEASURE( 1.000000000000000082E-05 ), #4089, 'distance_accuracy_value', 'NONE');
#1966 =( LENGTH_UNIT ( ) NAMED_UNIT ( * ) SI_UNIT ( .MILLI., .METRE. ) );
#1967 = EDGE_CURVE ( 'NONE', #3017, #2515, #4737, .T. ) ;
#1968 = VECTOR ( 'NONE', #1615, 1000.000000000000000 ) ;
#1969 = ORIENTED_EDGE ( 'NONE', *, *, #1318, .T. ) ;
#1970 = PRESENTATION_LAYER_ASSIGNMENT (  '', '', ( #1727 ) ) ;
#1971 = SURFACE_STYLE_USAGE ( .BOTH. , #478 ) ;
#1972 = PLANE ( 'NONE',  #1935 ) ;
#1973 = ORIENTED_EDGE ( 'NONE', *, *, #1670, .F. ) ;
#1974 = AXIS2_PLACEMENT_3D ( 'NONE', #4046, #2868, #2893 ) ;
#1975 = CARTESIAN_POINT ( 'NONE',  ( -1.077500000000011893, -1.077500000000000346, -5.180000000000001492 ) ) ;
#1976 = LINE ( 'NONE', #560, #2155 ) ;
#1977 = CARTESIAN_POINT ( 'NONE',  ( 1.077500000000010560, -1.077500000000000568, -5.180000000000001492 ) ) ;
#1978 = DIRECTION ( 'NONE',  ( 0.5727524859299125692, -0.6825798327742351734, 0.4539155887948797541 ) ) ;
#1979 = VERTEX_POINT ( 'NONE', #3266 ) ;
#1980 = ORIENTED_EDGE ( 'NONE', *, *, #21, .F. ) ;
#1981 = STYLED_ITEM ( 'NONE', ( #531 ), #1448 ) ;
#1982 = CARTESIAN_POINT ( 'NONE',  ( 2.155000000000000693, 1.279999999999940963, 3.049999999999999822 ) ) ;
#1983 = ORIENTED_EDGE ( 'NONE', *, *, #4448, .F. ) ;
#1984 = DIRECTION ( 'NONE',  ( 0.0000000000000000000, 0.0000000000000000000, 1.000000000000000000 ) ) ;
#1985 = EDGE_CURVE ( 'NONE', #4024, #118, #2975, .T. ) ;
#1986 = CYLINDRICAL_SURFACE ( 'NONE', #3301, 0.3314603603933490850 ) ;
#1987 = DIRECTION ( 'NONE',  ( 0.0000000000000000000, -0.9925461516413212060, 0.1218693434051534991 ) ) ;
#1988 = MECHANICAL_DESIGN_GEOMETRIC_PRESENTATION_REPRESENTATION (  '', ( #4927 ), #1696 ) ;
#1989 = COLOUR_RGB ( '',1.000000000000000000, 1.000000000000000000, 1.000000000000000000 ) ;
#1990 = CARTESIAN_POINT ( 'NONE',  ( 0.6349999999999996758, -0.6897854548132907881, 5.180000000000000604 ) ) ;
#1991 = COLOUR_RGB ( '',1.000000000000000000, 1.000000000000000000, 1.000000000000000000 ) ;
#1992 = ORIENTED_EDGE ( 'NONE', *, *, #4481, .T. ) ;
#1993 = EDGE_CURVE ( 'NONE', #3954, #3665, #1964, .T. ) ;
#1994 = CARTESIAN_POINT ( 'NONE',  ( -2.665000000000000924, -1.297579787036334587, 4.980000000000001315 ) ) ;
#1995 = PRESENTATION_STYLE_ASSIGNMENT (( #356 ) ) ;
#1996 = DIRECTION ( 'NONE',  ( 0.0000000000000000000, -0.9925461516413223162, -0.1218693434051450475 ) ) ;
#1997 = STYLED_ITEM ( 'NONE', ( #1938 ), #3770 ) ;
#1998 = DIRECTION ( 'NONE',  ( -0.0000000000000000000, -0.0000000000000000000, 1.000000000000000000 ) ) ;
#1999 = EDGE_LOOP ( 'NONE', ( #3350, #3864, #689, #3999 ) ) ;
#2000 = EDGE_CURVE ( 'NONE', #265, #3490, #642, .T. ) ;
#2001 = MECHANICAL_DESIGN_GEOMETRIC_PRESENTATION_REPRESENTATION (  '', ( #375 ), #4420 ) ;
#2002 = VERTEX_POINT ( 'NONE', #2465 ) ;
#2003 = DIRECTION ( 'NONE',  ( -1.000000000000000000, 0.0000000000000000000, 0.0000000000000000000 ) ) ;
#2004 = CARTESIAN_POINT ( 'NONE',  ( -2.155000000000000693, 1.379999999999941052, 3.803592672549160891 ) ) ;
#2005 = PLANE ( 'NONE',  #4802 ) ;
#2006 = PLANE ( 'NONE',  #4075 ) ;
#2007 = DIRECTION ( 'NONE',  ( -1.000000000000000000, -0.0000000000000000000, 0.0000000000000000000 ) ) ;
#2008 = ORIENTED_EDGE ( 'NONE', *, *, #2649, .T. ) ;
#2009 = SURFACE_STYLE_USAGE ( .BOTH. , #3228 ) ;
#2010 = CARTESIAN_POINT ( 'NONE',  ( -2.991950849420488065E-16, 3.279999999999999805, -2.804430878194189347 ) ) ;
#2011 =( NAMED_UNIT ( * ) SI_UNIT ( $, .STERADIAN. ) SOLID_ANGLE_UNIT ( ) );
#2012 = VERTEX_POINT ( 'NONE', #4450 ) ;
#2013 = FACE_OUTER_BOUND ( 'NONE', #2620, .T. ) ;
#2014 = CARTESIAN_POINT ( 'NONE',  ( -0.6350000000000001199, 1.379999999999941052, 3.037721543909710054 ) ) ;
#2015 = ORIENTED_EDGE ( 'NONE', *, *, #830, .T. ) ;
#2016 = MANIFOLD_SOLID_BREP ( 'Cut-Extrude2[1]', #3464 ) ;
#2017 = MECHANICAL_DESIGN_GEOMETRIC_PRESENTATION_REPRESENTATION (  '', ( #230 ), #2263 ) ;
#2018 = FILL_AREA_STYLE ('',( #1181 ) ) ;
#2019 = CARTESIAN_POINT ( 'NONE',  ( 0.6349999999999996758, 1.179999999999940652, -3.696407327450841329 ) ) ;
#2020 = FILL_AREA_STYLE ('',( #2768 ) ) ;
#2021 = EDGE_CURVE ( 'NONE', #842, #556, #1430, .T. ) ;
#2022 = ORIENTED_EDGE ( 'NONE', *, *, #1117, .T. ) ;
#2023 = SURFACE_STYLE_FILL_AREA ( #4828 ) ;
#2024 = SURFACE_STYLE_USAGE ( .BOTH. , #1678 ) ;
#2025 = PLANE ( 'NONE',  #4403 ) ;
#2026 = STYLED_ITEM ( 'NONE', ( #2226 ), #3227 ) ;
#2027 = FILL_AREA_STYLE ('',( #4739 ) ) ;
#2028 = DIRECTION ( 'NONE',  ( -0.0000000000000000000, -0.0000000000000000000, 1.000000000000000000 ) ) ;
#2029 = PRESENTATION_STYLE_ASSIGNMENT (( #1971 ) ) ;
#2030 = CARTESIAN_POINT ( 'NONE',  ( 3.174999999999999822, 1.379999999999940830, 3.803592672549160447 ) ) ;
#2031 = PLANE ( 'NONE',  #4887 ) ;
#2032 = EDGE_CURVE ( 'NONE', #870, #2769, #992, .T. ) ;
#2033 = MECHANICAL_DESIGN_GEOMETRIC_PRESENTATION_REPRESENTATION (  '', ( #2855 ), #1789 ) ;
#2034 = ORIENTED_EDGE ( 'NONE', *, *, #2151, .F. ) ;
#2035 = CARTESIAN_POINT ( 'NONE',  ( -0.2050000000000002931, -1.150299106695227759E-17, -5.180000000000001492 ) ) ;
#2036 = DIRECTION ( 'NONE',  ( -1.000000000000000000, 0.0000000000000000000, 1.066865606381800214E-16 ) ) ;
#2037 = FILL_AREA_STYLE_COLOUR ( '', #1637 ) ;
#2038 = VECTOR ( 'NONE', #3472, 999.9999999999998863 ) ;
#2039 = EDGE_LOOP ( 'NONE', ( #3412, #221, #4378, #4445 ) ) ;
#2040 = PRODUCT_RELATED_PRODUCT_CATEGORY ( 'part', '', ( #1681 ) ) ;
#2041 = CARTESIAN_POINT ( 'NONE',  ( -3.175000000000000266, -0.6897854548132907881, 4.939814654901677926 ) ) ;
#2042 = FILL_AREA_STYLE ('',( #2404 ) ) ;
#2043 = VECTOR ( 'NONE', #1766, 1000.000000000000000 ) ;
#2044 =( LENGTH_UNIT ( ) NAMED_UNIT ( * ) SI_UNIT ( .MILLI., .METRE. ) );
#2045 = AXIS2_PLACEMENT_3D ( 'NONE', #1176, #1616, #2308 ) ;
#2046 = CARTESIAN_POINT ( 'NONE',  ( -2.254999999999999893, -3.229785454813289380, 5.180000000000001492 ) ) ;
#2047 = COLOUR_RGB ( '',1.000000000000000000, 1.000000000000000000, 1.000000000000000000 ) ;
#2048 = LINE ( 'NONE', #4584, #3570 ) ;
#2049 = CARTESIAN_POINT ( 'NONE',  ( -2.749468363889458367, 0.5944683638894633360, -4.085785865464320210 ) ) ;
#2050 = ORIENTED_EDGE ( 'NONE', *, *, #1349, .F. ) ;
#2051 = COLOUR_RGB ( '',1.000000000000000000, 1.000000000000000000, 1.000000000000000000 ) ;
#2052 =( NAMED_UNIT ( * ) PLANE_ANGLE_UNIT ( ) SI_UNIT ( $, .RADIAN. ) );
#2053 = LINE ( 'NONE', #3136, #4178 ) ;
#2054 = ORIENTED_EDGE ( 'NONE', *, *, #454, .T. ) ;
#2055 = MECHANICAL_DESIGN_GEOMETRIC_PRESENTATION_REPRESENTATION (  '', ( #2737 ), #1658 ) ;
#2056 = CARTESIAN_POINT ( 'NONE',  ( 0.6349999999999996758, -3.229785454813289824, 5.180000000000000604 ) ) ;
#2057 = LINE ( 'NONE', #3804, #2949 ) ;
#2058 = EDGE_CURVE ( 'NONE', #2991, #1446, #4146, .T. ) ;
#2059 = DIRECTION ( 'NONE',  ( 2.244486061844343516E-16, 1.000000000000000000, 0.0000000000000000000 ) ) ;
#2060 = EDGE_CURVE ( 'NONE', #2784, #2960, #1560, .T. ) ;
#2061 = ORIENTED_EDGE ( 'NONE', *, *, #897, .T. ) ;
#2062 = SURFACE_STYLE_FILL_AREA ( #1412 ) ;
#2063 =( NAMED_UNIT ( * ) PLANE_ANGLE_UNIT ( ) SI_UNIT ( $, .RADIAN. ) );
#2064 = PRESENTATION_LAYER_ASSIGNMENT (  '', '', ( #87 ) ) ;
#2065 = DIRECTION ( 'NONE',  ( -1.000000000000000000, -0.0000000000000000000, 0.0000000000000000000 ) ) ;
#2066 = EDGE_CURVE ( 'NONE', #2349, #4332, #3170, .T. ) ;
#2067 = MECHANICAL_DESIGN_GEOMETRIC_PRESENTATION_REPRESENTATION (  '', ( #2410 ), #2820 ) ;
#2068 = ORIENTED_EDGE ( 'NONE', *, *, #2990, .F. ) ;
#2069 = CARTESIAN_POINT ( 'NONE',  ( -4.065000000000000391, 1.280000000000031113, 3.050000000000000711 ) ) ;
#2070 = COLOUR_RGB ( '',1.000000000000000000, 1.000000000000000000, 1.000000000000000000 ) ;
#2071 = ORIENTED_EDGE ( 'NONE', *, *, #2268, .T. ) ;
#2072 = LINE ( 'NONE', #1156, #3655 ) ;
#2073 = DIRECTION ( 'NONE',  ( -2.244486061844343516E-16, -1.000000000000000000, 0.0000000000000000000 ) ) ;
#2074 = PRESENTATION_LAYER_ASSIGNMENT (  '', '', ( #4919 ) ) ;
#2075 = ORIENTED_EDGE ( 'NONE', *, *, #3484, .F. ) ;
#2076 =( NAMED_UNIT ( * ) SI_UNIT ( $, .STERADIAN. ) SOLID_ANGLE_UNIT ( ) );
#2077 = CARTESIAN_POINT ( 'NONE',  ( -0.6350000000000001199, 1.179999999999940874, 3.037721543909709165 ) ) ;
#2078 = CARTESIAN_POINT ( 'NONE',  ( -1.905000000000000471, -0.6897854548132907881, 5.180000000000001492 ) ) ;
#2079 = ORIENTED_EDGE ( 'NONE', *, *, #4790, .F. ) ;
#2080 = VECTOR ( 'NONE', #4010, 1000.000000000000000 ) ;
#2081 = CARTESIAN_POINT ( 'NONE',  ( 4.229253938251055445, 0.5666254636039942394, 4.104301394154157734 ) ) ;
#2082 = SURFACE_STYLE_FILL_AREA ( #1161 ) ;
#2083 = VECTOR ( 'NONE', #4153, 1000.000000000000000 ) ;
#2084 = ORIENTED_EDGE ( 'NONE', *, *, #4139, .T. ) ;
#2085 = CARTESIAN_POINT ( 'NONE',  ( -2.665000000000000924, -1.297579787036334587, -5.180000000000001492 ) ) ;
#2086 = CARTESIAN_POINT ( 'NONE',  ( 0.0000000000000000000, 3.279999999999999805, 0.0000000000000000000 ) ) ;
#2087 = EDGE_CURVE ( 'NONE', #3558, #4057, #767, .T. ) ;
#2088 = DIRECTION ( 'NONE',  ( 0.0000000000000000000, 0.8326902705830219187, 0.5537390299377258351 ) ) ;
#2089 = FILL_AREA_STYLE ('',( #4751 ) ) ;
#2090 = LINE ( 'NONE', #1866, #4563 ) ;
#2091 = CARTESIAN_POINT ( 'NONE',  ( -2.744312401339973118, 3.079999999999999627, 1.866576855972117643 ) ) ;
#2092 = STYLED_ITEM ( 'NONE', ( #322 ), #3796 ) ;
#2093 = FILL_AREA_STYLE_COLOUR ( '', #2249 ) ;
#2094 = PRESENTATION_STYLE_ASSIGNMENT (( #1253 ) ) ;
#2095 = VERTEX_POINT ( 'NONE', #2815 ) ;
#2096 = CARTESIAN_POINT ( 'NONE',  ( -0.6350000000000001199, 0.0000000000000000000, 2.884066873769634763E-16 ) ) ;
#2097 = STYLED_ITEM ( 'NONE', ( #321 ), #57 ) ;
#2098 = UNCERTAINTY_MEASURE_WITH_UNIT (LENGTH_MEASURE( 1.000000000000000082E-05 ), #260, 'distance_accuracy_value', 'NONE');
#2099 = AXIS2_PLACEMENT_3D ( 'NONE', #2724, #1596, #3142 ) ;
#2100 = ORIENTED_EDGE ( 'NONE', *, *, #4448, .T. ) ;
#2101 = CARTESIAN_POINT ( 'NONE',  ( 1.905000000000000471, -0.6897854548132907881, -5.180000000000001492 ) ) ;
#2102 = SURFACE_STYLE_USAGE ( .BOTH. , #1719 ) ;
#2103 = SURFACE_STYLE_USAGE ( .BOTH. , #862 ) ;
#2104 = COLOUR_RGB ( '',1.000000000000000000, 1.000000000000000000, 1.000000000000000000 ) ;
#2105 = LINE ( 'NONE', #3859, #4051 ) ;
#2106 = PRESENTATION_STYLE_ASSIGNMENT (( #4427 ) ) ;
#2107 = VECTOR ( 'NONE', #4162, 1000.000000000000114 ) ;
#2108 = DIRECTION ( 'NONE',  ( 0.0000000000000000000, 0.0000000000000000000, 1.000000000000000000 ) ) ;
#2109 = ADVANCED_FACE ( 'NONE', ( #4379 ), #3677, .T. ) ;
#2110 = CARTESIAN_POINT ( 'NONE',  ( -2.744312401339973118, 3.079999999999999627, 1.535116495578768392 ) ) ;
#2111 =( LENGTH_UNIT ( ) NAMED_UNIT ( * ) SI_UNIT ( .MILLI., .METRE. ) );
#2112 = PRESENTATION_STYLE_ASSIGNMENT (( #3898 ) ) ;
#2113 = DIRECTION ( 'NONE',  ( 0.6427876096865409172, 0.7660444431189766812, 0.0000000000000000000 ) ) ;
#2114 = EDGE_LOOP ( 'NONE', ( #3209, #2068, #3866, #4852 ) ) ;
#2115 = FILL_AREA_STYLE ('',( #607 ) ) ;
#2116 = ORIENTED_EDGE ( 'NONE', *, *, #369, .T. ) ;
#2117 = FILL_AREA_STYLE ('',( #4069 ) ) ;
#2118 = EDGE_CURVE ( 'NONE', #4246, #2599, #4488, .T. ) ;
#2119 = AXIS2_PLACEMENT_3D ( 'NONE', #2659, #4571, #4961 ) ;
#2120 = EDGE_LOOP ( 'NONE', ( #3124, #2293, #236, #3408 ) ) ;
#2121 = FILL_AREA_STYLE_COLOUR ( '', #1543 ) ;
#2122 = DIRECTION ( 'NONE',  ( 0.0000000000000000000, -0.5537390299377259462, 0.8326902705830219187 ) ) ;
#2123 = FACE_OUTER_BOUND ( 'NONE', #4002, .T. ) ;
#2124 = EDGE_CURVE ( 'NONE', #3665, #3278, #4082, .T. ) ;
#2125 = SURFACE_STYLE_USAGE ( .BOTH. , #4063 ) ;
#2126 = MECHANICAL_DESIGN_GEOMETRIC_PRESENTATION_REPRESENTATION (  '', ( #271 ), #3427 ) ;
#2127 = DIRECTION ( 'NONE',  ( -0.0000000000000000000, -0.0000000000000000000, 1.000000000000000000 ) ) ;
#2128 = EDGE_LOOP ( 'NONE', ( #1037, #1534, #4644, #4800, #2850 ) ) ;
#2129 = LINE ( 'NONE', #3152, #1955 ) ;
#2130 = PRESENTATION_LAYER_ASSIGNMENT (  '', '', ( #1474 ) ) ;
#2131 = CARTESIAN_POINT ( 'NONE',  ( 1.132305525200816732, 0.6520411803952980145, -5.180000000000001492 ) ) ;
#2132 = ORIENTED_EDGE ( 'NONE', *, *, #3118, .T. ) ;
#2133 = SURFACE_STYLE_USAGE ( .BOTH. , #1765 ) ;
#2134 =( LENGTH_UNIT ( ) NAMED_UNIT ( * ) SI_UNIT ( .MILLI., .METRE. ) );
#2135 =( NAMED_UNIT ( * ) PLANE_ANGLE_UNIT ( ) SI_UNIT ( $, .RADIAN. ) );
#2136 =( LENGTH_UNIT ( ) NAMED_UNIT ( * ) SI_UNIT ( .MILLI., .METRE. ) );
#2137 = CLOSED_SHELL ( 'NONE', ( #3743, #57, #3304, #1386, #1094, #729, #3715, #475, #3035, #2849, #2642, #1333, #2956, #305, #4889, #2275, #2469 ) ) ;
#2138 = CARTESIAN_POINT ( 'NONE',  ( 0.6349999999999996758, 1.379999999999941052, -3.037721543909710054 ) ) ;
#2139 = DIRECTION ( 'NONE',  ( -0.5775512808318011837, 0.8163544071109961608, -0.0000000000000000000 ) ) ;
#2140 = LINE ( 'NONE', #3518, #2429 ) ;
#2141 = ORIENTED_EDGE ( 'NONE', *, *, #112, .T. ) ;
#2142 = VECTOR ( 'NONE', #4773, 999.9999999999998863 ) ;
#2143 = DIRECTION ( 'NONE',  ( -0.6398927117843711265, -0.6398927117843768997, 0.4255286533366233193 ) ) ;
#2144 =( NAMED_UNIT ( * ) SI_UNIT ( $, .STERADIAN. ) SOLID_ANGLE_UNIT ( ) );
#2145 = ORIENTED_EDGE ( 'NONE', *, *, #2409, .T. ) ;
#2146 =( LENGTH_UNIT ( ) NAMED_UNIT ( * ) SI_UNIT ( .MILLI., .METRE. ) );
#2147 = AXIS2_PLACEMENT_3D ( 'NONE', #2085, #2825, #3241 ) ;
#2148 = DIRECTION ( 'NONE',  ( -5.611215154610858790E-17, 1.000000000000000000, 0.0000000000000000000 ) ) ;
#2149 =( LENGTH_UNIT ( ) NAMED_UNIT ( * ) SI_UNIT ( .MILLI., .METRE. ) );
#2150 = DIRECTION ( 'NONE',  ( 5.611215154610858790E-17, -1.000000000000000000, 0.0000000000000000000 ) ) ;
#2151 = EDGE_CURVE ( 'NONE', #3100, #2632, #4731, .T. ) ;
#2152 =( LENGTH_UNIT ( ) NAMED_UNIT ( * ) SI_UNIT ( .MILLI., .METRE. ) );
#2153 =( NAMED_UNIT ( * ) PLANE_ANGLE_UNIT ( ) SI_UNIT ( $, .RADIAN. ) );
#2154 = FACE_OUTER_BOUND ( 'NONE', #130, .T. ) ;
#2155 = VECTOR ( 'NONE', #3208, 1000.000000000000000 ) ;
#2156 = PRESENTATION_LAYER_ASSIGNMENT (  '', '', ( #1666 ) ) ;
#2157 = ADVANCED_FACE ( 'NONE', ( #2658 ), #2575, .F. ) ;
#2158 = EDGE_CURVE ( 'NONE', #2871, #3219, #4430, .T. ) ;
#2159 = ORIENTED_EDGE ( 'NONE', *, *, #2548, .F. ) ;
#2160 = DIRECTION ( 'NONE',  ( 1.000000000000000000, 0.0000000000000000000, 0.0000000000000000000 ) ) ;
#2161 = CIRCLE ( 'NONE', #1086, 0.3314603603933490850 ) ;
#2162 = FILL_AREA_STYLE_COLOUR ( '', #205 ) ;
#2163 = FILL_AREA_STYLE_COLOUR ( '', #4928 ) ;
#2164 = COLOUR_RGB ( '',1.000000000000000000, 1.000000000000000000, 1.000000000000000000 ) ;
#2165 =( NAMED_UNIT ( * ) SI_UNIT ( $, .STERADIAN. ) SOLID_ANGLE_UNIT ( ) );
#2166 = DIRECTION ( 'NONE',  ( 0.0000000000000000000, -0.8326902705830219187, -0.5537390299377259462 ) ) ;
#2167 = SURFACE_SIDE_STYLE ('',( #3377 ) ) ;
#2168 = VECTOR ( 'NONE', #1883, 1000.000000000000227 ) ;
#2169 = STYLED_ITEM ( 'NONE', ( #125 ), #1386 ) ;
#2170 = UNCERTAINTY_MEASURE_WITH_UNIT (LENGTH_MEASURE( 1.000000000000000082E-05 ), #3644, 'distance_accuracy_value', 'NONE');
#2171 = DIRECTION ( 'NONE',  ( 0.0000000000000000000, 0.5537390299377258351, -0.8326902705830219187 ) ) ;
#2172 = SURFACE_STYLE_FILL_AREA ( #4668 ) ;
#2173 = LINE ( 'NONE', #4251, #27 ) ;
#2174 = ORIENTED_EDGE ( 'NONE', *, *, #1670, .T. ) ;
#2175 = DIRECTION ( 'NONE',  ( -1.000000000000000000, -0.0000000000000000000, 0.0000000000000000000 ) ) ;
#2176 =( LENGTH_UNIT ( ) NAMED_UNIT ( * ) SI_UNIT ( .MILLI., .METRE. ) );
#2177 = CARTESIAN_POINT ( 'NONE',  ( -2.744312401339973118, 3.079999999999999627, 2.198037216365466673 ) ) ;
#2178 = VERTEX_POINT ( 'NONE', #2191 ) ;
#2179 = MECHANICAL_DESIGN_GEOMETRIC_PRESENTATION_REPRESENTATION (  '', ( #137 ), #3844 ) ;
#2180 =( LENGTH_UNIT ( ) NAMED_UNIT ( * ) SI_UNIT ( .MILLI., .METRE. ) );
#2181 = VECTOR ( 'NONE', #1091, 1000.000000000000000 ) ;
#2182 =( LENGTH_UNIT ( ) NAMED_UNIT ( * ) SI_UNIT ( .MILLI., .METRE. ) );
#2183 = ADVANCED_FACE ( 'NONE', ( #287 ), #4466, .F. ) ;
#2184 = EDGE_CURVE ( 'NONE', #1642, #2822, #4608, .T. ) ;
#2185 = CARTESIAN_POINT ( 'NONE',  ( 2.254999999999999893, 0.0000000000000000000, 5.180000000000001492 ) ) ;
#2186 = EDGE_LOOP ( 'NONE', ( #705, #2174, #3627, #2586 ) ) ;
#2187 = AXIS2_PLACEMENT_3D ( 'NONE', #1707, #557, #544 ) ;
#2188 = DIRECTION ( 'NONE',  ( 0.0000000000000000000, -0.9925461516413223162, -0.1218693434051450475 ) ) ;
#2189 = MECHANICAL_DESIGN_GEOMETRIC_PRESENTATION_REPRESENTATION (  '', ( #2248 ), #2955 ) ;
#2190 = VERTEX_POINT ( 'NONE', #3780 ) ;
#2191 = CARTESIAN_POINT ( 'NONE',  ( -0.6350000000000000089, -0.6897854548132907881, -5.180000000000001492 ) ) ;
#2192 = DIRECTION ( 'NONE',  ( -1.000000000000000000, -0.0000000000000000000, 0.0000000000000000000 ) ) ;
#2193 = VECTOR ( 'NONE', #1115, 1000.000000000000114 ) ;
#2194 = SURFACE_SIDE_STYLE ('',( #3571 ) ) ;
#2195 = CLOSED_SHELL ( 'NONE', ( #1918, #2736, #84, #3820, #280, #1519, #698, #4480, #2878, #1165, #1888, #2230, #1438, #3227, #3329, #1626, #3555 ) ) ;
#2196 =( GEOMETRIC_REPRESENTATION_CONTEXT ( 3 ) GLOBAL_UNCERTAINTY_ASSIGNED_CONTEXT ( ( #35 ) ) GLOBAL_UNIT_ASSIGNED_CONTEXT ( ( #4954, #4154, #354 ) ) REPRESENTATION_CONTEXT ( 'NONE', 'WORKASPACE' ) );
#2197 = DIRECTION ( 'NONE',  ( 0.0000000000000000000, -2.877422278584525882E-16, 1.000000000000000000 ) ) ;
#2198 = DIRECTION ( 'NONE',  ( -1.000000000000000000, -0.0000000000000000000, -0.0000000000000000000 ) ) ;
#2199 = PLANE ( 'NONE',  #303 ) ;
#2200 = ORIENTED_EDGE ( 'NONE', *, *, #545, .F. ) ;
#2201 = DIRECTION ( 'NONE',  ( -0.0000000000000000000, 1.000000000000000000, 0.0000000000000000000 ) ) ;
#2202 = CARTESIAN_POINT ( 'NONE',  ( 3.174999999999999822, 1.179999999999940652, -3.696407327450840885 ) ) ;
#2203 = ORIENTED_EDGE ( 'NONE', *, *, #2548, .T. ) ;
#2204 = PRESENTATION_LAYER_ASSIGNMENT (  '', '', ( #1858 ) ) ;
#2205 = PLANE ( 'NONE',  #1782 ) ;
#2206 = ADVANCED_FACE ( 'NONE', ( #1740 ), #3360, .F. ) ;
#2207 = COLOUR_RGB ( '',1.000000000000000000, 1.000000000000000000, 1.000000000000000000 ) ;
#2208 = ORIENTED_EDGE ( 'NONE', *, *, #1533, .T. ) ;
#2209 =( NAMED_UNIT ( * ) PLANE_ANGLE_UNIT ( ) SI_UNIT ( $, .RADIAN. ) );
#2210 = DIRECTION ( 'NONE',  ( -1.000000000000000000, 0.0000000000000000000, 1.066865606381800214E-16 ) ) ;
#2211 = CARTESIAN_POINT ( 'NONE',  ( 3.174999999999999822, -3.229785454813289824, 5.180000000000000604 ) ) ;
#2212 = PRESENTATION_STYLE_ASSIGNMENT (( #1881 ) ) ;
#2213 = ORIENTED_EDGE ( 'NONE', *, *, #1249, .F. ) ;
#2214 = DIRECTION ( 'NONE',  ( 0.6398927117843711265, 0.6398927117843768997, 0.4255286533366233193 ) ) ;
#2215 = VECTOR ( 'NONE', #3873, 1000.000000000000114 ) ;
#2216 = ORIENTED_EDGE ( 'NONE', *, *, #213, .T. ) ;
#2217 = EDGE_CURVE ( 'NONE', #3482, #1835, #2368, .T. ) ;
#2218 = CARTESIAN_POINT ( 'NONE',  ( -3.907835762044281847, 0.0000000000000000000, -2.892835762044280834 ) ) ;
#2219 = FACE_OUTER_BOUND ( 'NONE', #466, .T. ) ;
#2220 = AXIS2_PLACEMENT_3D ( 'NONE', #276, #4096, #3346 ) ;
#2221 = DIRECTION ( 'NONE',  ( 0.0000000000000000000, 0.0000000000000000000, 1.000000000000000000 ) ) ;
#2222 = EDGE_CURVE ( 'NONE', #1594, #1345, #355, .T. ) ;
#2223 = CARTESIAN_POINT ( 'NONE',  ( 0.6349999999999996758, -0.6897854548132914543, 2.884066873769634763E-16 ) ) ;
#2224 = AXIS2_PLACEMENT_3D ( 'NONE', #722, #4907, #1852 ) ;
#2225 = SURFACE_STYLE_USAGE ( .BOTH. , #2194 ) ;
#2226 = PRESENTATION_STYLE_ASSIGNMENT (( #1015 ) ) ;
#2227 =( LENGTH_UNIT ( ) NAMED_UNIT ( * ) SI_UNIT ( .MILLI., .METRE. ) );
#2228 = ORIENTED_EDGE ( 'NONE', *, *, #2294, .F. ) ;
#2229 = PLANE ( 'NONE',  #1761 ) ;
#2230 = ADVANCED_FACE ( 'NONE', ( #2476 ), #4572, .T. ) ;
#2231 =( NAMED_UNIT ( * ) SI_UNIT ( $, .STERADIAN. ) SOLID_ANGLE_UNIT ( ) );
#2232 = FACE_OUTER_BOUND ( 'NONE', #2810, .T. ) ;
#2233 = FILL_AREA_STYLE_COLOUR ( '', #2801 ) ;
#2234 = PRESENTATION_LAYER_ASSIGNMENT (  '', '', ( #945 ) ) ;
#2235 = ORIENTED_EDGE ( 'NONE', *, *, #618, .F. ) ;
#2236 = CARTESIAN_POINT ( 'NONE',  ( -2.867575827370505870, 0.7125758273705121715, 4.247429747347744033 ) ) ;
#2237 = ORIENTED_EDGE ( 'NONE', *, *, #1390, .T. ) ;
#2238 = EDGE_CURVE ( 'NONE', #3941, #1864, #1845, .T. ) ;
#2239 = UNCERTAINTY_MEASURE_WITH_UNIT (LENGTH_MEASURE( 1.000000000000000082E-05 ), #2180, 'distance_accuracy_value', 'NONE');
#2240 = EDGE_LOOP ( 'NONE', ( #2256, #4956, #91, #4888, #459, #4849, #3654 ) ) ;
#2241 = DIRECTION ( 'NONE',  ( -0.0000000000000000000, -0.0000000000000000000, 1.000000000000000000 ) ) ;
#2242 = ORIENTED_EDGE ( 'NONE', *, *, #2372, .F. ) ;
#2243 = EDGE_CURVE ( 'NONE', #4615, #1172, #4976, .T. ) ;
#2244 = CARTESIAN_POINT ( 'NONE',  ( 0.6349999999999996758, 1.379999999999941052, 3.050000000000000266 ) ) ;
#2245 = DIRECTION ( 'NONE',  ( -0.6427876096865409172, -0.7660444431189766812, 0.0000000000000000000 ) ) ;
#2246 = VERTEX_POINT ( 'NONE', #3014 ) ;
#2247 = EDGE_CURVE ( 'NONE', #3080, #1310, #1620, .T. ) ;
#2248 = STYLED_ITEM ( 'NONE', ( #1523 ), #280 ) ;
#2249 = COLOUR_RGB ( '',0.7921568627450980005, 0.8196078431372548767, 0.9333333333333333481 ) ;
#2250 = ADVANCED_FACE ( 'NONE', ( #3713 ), #1127, .F. ) ;
#2251 = FACE_OUTER_BOUND ( 'NONE', #4979, .T. ) ;
#2252 = ORIENTED_EDGE ( 'NONE', *, *, #1820, .F. ) ;
#2253 = PRESENTATION_STYLE_ASSIGNMENT (( #4891 ) ) ;
#2254 = DIRECTION ( 'NONE',  ( -1.000000000000000000, -0.0000000000000000000, -0.0000000000000000000 ) ) ;
#2255 = VECTOR ( 'NONE', #4240, 1000.000000000000000 ) ;
#2256 = ORIENTED_EDGE ( 'NONE', *, *, #4105, .T. ) ;
#2257 = FILL_AREA_STYLE ('',( #1113 ) ) ;
#2258 = SURFACE_SIDE_STYLE ('',( #59 ) ) ;
#2259 =( LENGTH_UNIT ( ) NAMED_UNIT ( * ) SI_UNIT ( .MILLI., .METRE. ) );
#2260 = DIRECTION ( 'NONE',  ( 0.7071067811865441310, 0.7071067811865507924, 0.0000000000000000000 ) ) ;
#2261 = CARTESIAN_POINT ( 'NONE',  ( -0.2050000000000000988, -3.229785454813289824, -5.180000000000001492 ) ) ;
#2262 = EDGE_CURVE ( 'NONE', #3055, #4638, #982, .T. ) ;
#2263 =( GEOMETRIC_REPRESENTATION_CONTEXT ( 3 ) GLOBAL_UNCERTAINTY_ASSIGNED_CONTEXT ( ( #4883 ) ) GLOBAL_UNIT_ASSIGNED_CONTEXT ( ( #2846, #2499, #214 ) ) REPRESENTATION_CONTEXT ( 'NONE', 'WORKASPACE' ) );
#2264 = ORIENTED_EDGE ( 'NONE', *, *, #143, .F. ) ;
#2265 = SURFACE_STYLE_USAGE ( .BOTH. , #1930 ) ;
#2266 = DIRECTION ( 'NONE',  ( 0.0000000000000000000, 1.000000000000000000, 0.0000000000000000000 ) ) ;
#2267 = SURFACE_STYLE_FILL_AREA ( #4368 ) ;
#2268 = EDGE_CURVE ( 'NONE', #2349, #180, #4199, .T. ) ;
#2269 = SURFACE_SIDE_STYLE ('',( #4214 ) ) ;
#2270 = VERTEX_POINT ( 'NONE', #377 ) ;
#2271 = COLOUR_RGB ( '',1.000000000000000000, 1.000000000000000000, 1.000000000000000000 ) ;
#2272 = ORIENTED_EDGE ( 'NONE', *, *, #4579, .T. ) ;
#2273 = PRESENTATION_LAYER_ASSIGNMENT (  '', '', ( #1175 ) ) ;
#2274 = DIRECTION ( 'NONE',  ( 0.0000000000000000000, 0.0000000000000000000, -1.000000000000000000 ) ) ;
#2275 = ADVANCED_FACE ( 'NONE', ( #4426 ), #329, .T. ) ;
#2276 = CARTESIAN_POINT ( 'NONE',  ( 0.2050000000000000988, -1.297579787036334587, -5.180000000000001492 ) ) ;
#2277 = DIRECTION ( 'NONE',  ( 0.0000000000000000000, -0.8326902705830219187, 0.5537390299377258351 ) ) ;
#2278 = VECTOR ( 'NONE', #1317, 1000.000000000000227 ) ;
#2279 = EDGE_CURVE ( 'NONE', #778, #1233, #3032, .T. ) ;
#2280 = FILL_AREA_STYLE_COLOUR ( '', #1568 ) ;
#2281 = LINE ( 'NONE', #736, #1139 ) ;
#2282 = LINE ( 'NONE', #3800, #4761 ) ;
#2283 = DIRECTION ( 'NONE',  ( 0.8665868137911754143, 0.4990263461614615204, 0.0000000000000000000 ) ) ;
#2284 = CARTESIAN_POINT ( 'NONE',  ( 3.763534350929345518, 3.735240682165634318, 2.748534350929344949 ) ) ;
#2285 = PRESENTATION_LAYER_ASSIGNMENT (  '', '', ( #3469 ) ) ;
#2286 = SURFACE_STYLE_FILL_AREA ( #2325 ) ;
#2287 = ORIENTED_EDGE ( 'NONE', *, *, #3809, .F. ) ;
#2288 =( NAMED_UNIT ( * ) SI_UNIT ( $, .STERADIAN. ) SOLID_ANGLE_UNIT ( ) );
#2289 = DIRECTION ( 'NONE',  ( -1.000000000000000000, -0.0000000000000000000, 0.0000000000000000000 ) ) ;
#2290 = PRODUCT_DEFINITION_FORMATION_WITH_SPECIFIED_SOURCE ( 'ANY', '', #1681, .NOT_KNOWN. ) ;
#2291 =( NAMED_UNIT ( * ) PLANE_ANGLE_UNIT ( ) SI_UNIT ( $, .RADIAN. ) );
#2292 = CARTESIAN_POINT ( 'NONE',  ( 4.065000000000000391, 1.279999999999940963, 3.049999999999999822 ) ) ;
#2293 = ORIENTED_EDGE ( 'NONE', *, *, #1249, .T. ) ;
#2294 = EDGE_CURVE ( 'NONE', #895, #3027, #2653, .T. ) ;
#2295 =( LENGTH_UNIT ( ) NAMED_UNIT ( * ) SI_UNIT ( .MILLI., .METRE. ) );
#2296 = DIRECTION ( 'NONE',  ( 0.0000000000000000000, 0.0000000000000000000, -1.000000000000000000 ) ) ;
#2297 = UNCERTAINTY_MEASURE_WITH_UNIT (LENGTH_MEASURE( 1.000000000000000082E-05 ), #1280, 'distance_accuracy_value', 'NONE');
#2298 = EDGE_LOOP ( 'NONE', ( #1898, #1983, #2574, #386 ) ) ;
#2299 = PRESENTATION_STYLE_ASSIGNMENT (( #628 ) ) ;
#2300 =( NAMED_UNIT ( * ) PLANE_ANGLE_UNIT ( ) SI_UNIT ( $, .RADIAN. ) );
#2301 = CARTESIAN_POINT ( 'NONE',  ( 0.6349999999999996758, -3.229785454813289824, -4.980000000000000426 ) ) ;
#2302 = CARTESIAN_POINT ( 'NONE',  ( -2.155000000000000693, -2.168404344971008868E-16, 4.481107327450825295 ) ) ;
#2303 = EDGE_LOOP ( 'NONE', ( #4140, #2159, #859, #1786 ) ) ;
#2304 = PRESENTATION_LAYER_ASSIGNMENT (  '', '', ( #1805 ) ) ;
#2305 = LINE ( 'NONE', #1285, #567 ) ;
#2306 = SURFACE_SIDE_STYLE ('',( #965 ) ) ;
#2307 =( NAMED_UNIT ( * ) PLANE_ANGLE_UNIT ( ) SI_UNIT ( $, .RADIAN. ) );
#2308 = DIRECTION ( 'NONE',  ( 1.000000000000000000, 0.0000000000000000000, 0.0000000000000000000 ) ) ;
#2309 = SURFACE_SIDE_STYLE ('',( #2711 ) ) ;
#2310 = EDGE_CURVE ( 'NONE', #3100, #394, #757, .T. ) ;
#2311 = VERTEX_POINT ( 'NONE', #1173 ) ;
#2312 = STYLED_ITEM ( 'NONE', ( #4875 ), #4169 ) ;
#2313 = ORIENTED_EDGE ( 'NONE', *, *, #1865, .T. ) ;
#2314 = CARTESIAN_POINT ( 'NONE',  ( 2.155000000000000693, 1.379999999999941496, 3.803592672549158671 ) ) ;
#2315 = AXIS2_PLACEMENT_3D ( 'NONE', #3536, #3087, #791 ) ;
#2316 = CARTESIAN_POINT ( 'NONE',  ( -2.620511074464890289, -1.350599623873458777, 4.980000000000001315 ) ) ;
#2317 = LINE ( 'NONE', #854, #414 ) ;
#2318 = SURFACE_STYLE_FILL_AREA ( #232 ) ;
#2319 = ORIENTED_EDGE ( 'NONE', *, *, #1985, .F. ) ;
#2320 =( NAMED_UNIT ( * ) SI_UNIT ( $, .STERADIAN. ) SOLID_ANGLE_UNIT ( ) );
#2321 = MANIFOLD_SOLID_BREP ( 'Cut-Extrude2[6]', #1119 ) ;
#2322 = CARTESIAN_POINT ( 'NONE',  ( 1.905000000000000027, -0.6897854548132907881, 5.180000000000000604 ) ) ;
#2323 =( NAMED_UNIT ( * ) PLANE_ANGLE_UNIT ( ) SI_UNIT ( $, .RADIAN. ) );
#2324 =( GEOMETRIC_REPRESENTATION_CONTEXT ( 3 ) GLOBAL_UNCERTAINTY_ASSIGNED_CONTEXT ( ( #914 ) ) GLOBAL_UNIT_ASSIGNED_CONTEXT ( ( #3476, #4263, #2699 ) ) REPRESENTATION_CONTEXT ( 'NONE', 'WORKASPACE' ) );
#2325 = FILL_AREA_STYLE ('',( #4700 ) ) ;
#2326 = EDGE_LOOP ( 'NONE', ( #4326, #2242, #486, #2450 ) ) ;
#2327 =( NAMED_UNIT ( * ) PLANE_ANGLE_UNIT ( ) SI_UNIT ( $, .RADIAN. ) );
#2328 = VERTEX_POINT ( 'NONE', #3860 ) ;
#2329 = VECTOR ( 'NONE', #102, 1000.000000000000114 ) ;
#2330 =( GEOMETRIC_REPRESENTATION_CONTEXT ( 3 ) GLOBAL_UNCERTAINTY_ASSIGNED_CONTEXT ( ( #4980 ) ) GLOBAL_UNIT_ASSIGNED_CONTEXT ( ( #881, #519, #3587 ) ) REPRESENTATION_CONTEXT ( 'NONE', 'WORKASPACE' ) );
#2331 = CARTESIAN_POINT ( 'NONE',  ( 3.174999999999999822, 1.179999999999940874, -3.037721543909708721 ) ) ;
#2332 = PRESENTATION_STYLE_ASSIGNMENT (( #1836 ) ) ;
#2333 = PRESENTATION_STYLE_ASSIGNMENT (( #282 ) ) ;
#2334 = EDGE_CURVE ( 'NONE', #2246, #3110, #343, .T. ) ;
#2335 = EDGE_CURVE ( 'NONE', #3249, #4615, #1484, .T. ) ;
#2336 = CARTESIAN_POINT ( 'NONE',  ( 1.905000000000000027, -0.2500000000000033307, -4.887542672549154865 ) ) ;
#2337 = UNCERTAINTY_MEASURE_WITH_UNIT (LENGTH_MEASURE( 1.000000000000000082E-05 ), #1959, 'distance_accuracy_value', 'NONE');
#2338 = VECTOR ( 'NONE', #1853, 999.9999999999998863 ) ;
#2339 = MECHANICAL_DESIGN_GEOMETRIC_PRESENTATION_REPRESENTATION (  '', ( #3224 ), #3392 ) ;
#2340 = DIRECTION ( 'NONE',  ( 0.0000000000000000000, -0.8326902705830219187, -0.5537390299377258351 ) ) ;
#2341 = COLOUR_RGB ( '',1.000000000000000000, 1.000000000000000000, 1.000000000000000000 ) ;
#2342 = PRESENTATION_LAYER_ASSIGNMENT (  '', '', ( #2097 ) ) ;
#2343 = ORIENTED_EDGE ( 'NONE', *, *, #1177, .F. ) ;
#2344 = SURFACE_STYLE_USAGE ( .BOTH. , #4716 ) ;
#2345 = SURFACE_SIDE_STYLE ('',( #1715 ) ) ;
#2346 = AXIS2_PLACEMENT_3D ( 'NONE', #4575, #1921, #1129 ) ;
#2347 = PRESENTATION_STYLE_ASSIGNMENT (( #2384 ) ) ;
#2348 = PLANE ( 'NONE',  #1217 ) ;
#2349 = VERTEX_POINT ( 'NONE', #2701 ) ;
#2350 = DIRECTION ( 'NONE',  ( 0.0000000000000000000, 1.000000000000000000, 0.0000000000000000000 ) ) ;
#2351 = CARTESIAN_POINT ( 'NONE',  ( 1.905000000000000471, -0.6897854548132907881, 4.939814654901674373 ) ) ;
#2352 = LINE ( 'NONE', #4866, #444 ) ;
#2353 = PLANE ( 'NONE',  #2099 ) ;
#2354 = VERTEX_POINT ( 'NONE', #4679 ) ;
#2355 = SURFACE_SIDE_STYLE ('',( #4209 ) ) ;
#2356 = AXIS2_PLACEMENT_3D ( 'NONE', #4161, #3342, #4147 ) ;
#2357 = ORIENTED_EDGE ( 'NONE', *, *, #866, .F. ) ;
#2358 = PRESENTATION_STYLE_ASSIGNMENT (( #1590 ) ) ;
#2359 =( NAMED_UNIT ( * ) SI_UNIT ( $, .STERADIAN. ) SOLID_ANGLE_UNIT ( ) );
#2360 =( LENGTH_UNIT ( ) NAMED_UNIT ( * ) SI_UNIT ( .MILLI., .METRE. ) );
#2361 = ORIENTED_EDGE ( 'NONE', *, *, #521, .T. ) ;
#2362 = EDGE_CURVE ( 'NONE', #4397, #3080, #453, .T. ) ;
#2363 = DIRECTION ( 'NONE',  ( -2.805607577305429395E-17, 1.000000000000000000, -0.0000000000000000000 ) ) ;
#2364 = STYLED_ITEM ( 'NONE', ( #3699 ), #3429 ) ;
#2365 = CARTESIAN_POINT ( 'NONE',  ( 3.907835762044281847, 0.0000000000000000000, 2.892835762044281722 ) ) ;
#2366 = ORIENTED_EDGE ( 'NONE', *, *, #983, .F. ) ;
#2367 = CARTESIAN_POINT ( 'NONE',  ( -4.065000000000000391, 1.279999999999940963, 3.050000000000000711 ) ) ;
#2368 = LINE ( 'NONE', #4906, #1361 ) ;
#2369 = DIRECTION ( 'NONE',  ( -2.244486061844343516E-16, -1.000000000000000000, 0.0000000000000000000 ) ) ;
#2370 = CARTESIAN_POINT ( 'NONE',  ( 1.905000000000000027, -0.2500000000000033307, 4.647357327450831299 ) ) ;
#2371 = DIRECTION ( 'NONE',  ( 1.000000000000000000, 0.0000000000000000000, 0.0000000000000000000 ) ) ;
#2372 = EDGE_CURVE ( 'NONE', #348, #3341, #693, .T. ) ;
#2373 = PRESENTATION_STYLE_ASSIGNMENT (( #3210 ) ) ;
#2374 = PRESENTATION_STYLE_ASSIGNMENT (( #4834 ) ) ;
#2375 = ORIENTED_EDGE ( 'NONE', *, *, #1464, .F. ) ;
#2376 = AXIS2_PLACEMENT_3D ( 'NONE', #264, #4166, #3782 ) ;
#2377 = CARTESIAN_POINT ( 'NONE',  ( 3.174999999999999822, -0.6897854548132907881, -5.180000000000000604 ) ) ;
#2378 = SURFACE_STYLE_FILL_AREA ( #3816 ) ;
#2379 = MECHANICAL_DESIGN_GEOMETRIC_PRESENTATION_REPRESENTATION (  '', ( #274 ), #688 ) ;
#2380 = DIRECTION ( 'NONE',  ( -0.0000000000000000000, 0.9925461516413223162, -0.1218693434051450475 ) ) ;
#2381 = SURFACE_SIDE_STYLE ('',( #3217 ) ) ;
#2382 =( LENGTH_UNIT ( ) NAMED_UNIT ( * ) SI_UNIT ( .MILLI., .METRE. ) );
#2383 = UNCERTAINTY_MEASURE_WITH_UNIT (LENGTH_MEASURE( 1.000000000000000082E-05 ), #4926, 'distance_accuracy_value', 'NONE');
#2384 = SURFACE_STYLE_USAGE ( .BOTH. , #2742 ) ;
#2385 = CARTESIAN_POINT ( 'NONE',  ( 0.0000000000000000000, 0.0000000000000000000, 0.0000000000000000000 ) ) ;
#2386 = ORIENTED_EDGE ( 'NONE', *, *, #2268, .F. ) ;
#2387 = FACE_OUTER_BOUND ( 'NONE', #4160, .T. ) ;
#2388 = VERTEX_POINT ( 'NONE', #39 ) ;
#2389 = MECHANICAL_DESIGN_GEOMETRIC_PRESENTATION_REPRESENTATION (  '', ( #1981 ), #2324 ) ;
#2390 = FACE_OUTER_BOUND ( 'NONE', #2589, .T. ) ;
#2391 = VECTOR ( 'NONE', #3925, 1000.000000000000000 ) ;
#2392 = ORIENTED_EDGE ( 'NONE', *, *, #2782, .F. ) ;
#2393 = CARTESIAN_POINT ( 'NONE',  ( 3.174999999999999822, -3.229785454813289824, -5.180000000000000604 ) ) ;
#2394 = CARTESIAN_POINT ( 'NONE',  ( -3.819430878194189916, 3.279999999999999805, -2.804430878194188903 ) ) ;
#2395 = DIRECTION ( 'NONE',  ( 0.0000000000000000000, -0.0000000000000000000, 1.000000000000000000 ) ) ;
#2396 =( NAMED_UNIT ( * ) SI_UNIT ( $, .STERADIAN. ) SOLID_ANGLE_UNIT ( ) );
#2397 = LINE ( 'NONE', #4004, #19 ) ;
#2398 = SURFACE_SIDE_STYLE ('',( #4262 ) ) ;
#2399 = DIRECTION ( 'NONE',  ( -0.0000000000000000000, -0.0000000000000000000, 1.000000000000000000 ) ) ;
#2400 = VECTOR ( 'NONE', #3229, 1000.000000000000227 ) ;
#2401 = FACE_OUTER_BOUND ( 'NONE', #3461, .T. ) ;
#2402 = FACE_OUTER_BOUND ( 'NONE', #3233, .T. ) ;
#2403 = EDGE_CURVE ( 'NONE', #880, #1462, #3402, .T. ) ;
#2404 = FILL_AREA_STYLE_COLOUR ( '', #4432 ) ;
#2405 = MECHANICAL_DESIGN_GEOMETRIC_PRESENTATION_REPRESENTATION (  '', ( #1666 ), #2651 ) ;
#2406 = DIRECTION ( 'NONE',  ( -1.000000000000000000, -0.0000000000000000000, 0.0000000000000000000 ) ) ;
#2407 = VECTOR ( 'NONE', #1136, 1000.000000000000000 ) ;
#2408 = EDGE_LOOP ( 'NONE', ( #3276, #289, #1212, #865, #1099, #1143 ) ) ;
#2409 = EDGE_CURVE ( 'NONE', #1381, #3017, #2129, .T. ) ;
#2410 = STYLED_ITEM ( 'NONE', ( #793 ), #506 ) ;
#2411 = CARTESIAN_POINT ( 'NONE',  ( -0.6350000000000001199, 1.279999999999940963, -3.050000000000000266 ) ) ;
#2412 = ORIENTED_EDGE ( 'NONE', *, *, #2310, .F. ) ;
#2413 =( NAMED_UNIT ( * ) PLANE_ANGLE_UNIT ( ) SI_UNIT ( $, .RADIAN. ) );
#2414 = UNCERTAINTY_MEASURE_WITH_UNIT (LENGTH_MEASURE( 1.000000000000000082E-05 ), #4873, 'distance_accuracy_value', 'NONE');
#2415 =( LENGTH_UNIT ( ) NAMED_UNIT ( * ) SI_UNIT ( .MILLI., .METRE. ) );
#2416 = DIRECTION ( 'NONE',  ( 0.5075789797523821978, 0.7174502954629138340, -0.4771044464828518294 ) ) ;
#2417 = CARTESIAN_POINT ( 'NONE',  ( 0.6349999999999996758, 1.279999999999940963, -3.050000000000000266 ) ) ;
#2418 = ORIENTED_EDGE ( 'NONE', *, *, #392, .T. ) ;
#2419 =( GEOMETRIC_REPRESENTATION_CONTEXT ( 3 ) GLOBAL_UNCERTAINTY_ASSIGNED_CONTEXT ( ( #1965 ) ) GLOBAL_UNIT_ASSIGNED_CONTEXT ( ( #4089, #2153, #598 ) ) REPRESENTATION_CONTEXT ( 'NONE', 'WORKASPACE' ) );
#2420 = CARTESIAN_POINT ( 'NONE',  ( -1.905000000000000471, -0.2500000000000028311, 4.647357327450830411 ) ) ;
#2421 = SURFACE_SIDE_STYLE ('',( #1232 ) ) ;
#2422 = ORIENTED_EDGE ( 'NONE', *, *, #1874, .T. ) ;
#2423 = VECTOR ( 'NONE', #412, 1000.000000000000000 ) ;
#2424 = DIRECTION ( 'NONE',  ( 0.0000000000000000000, 1.000000000000000000, 0.0000000000000000000 ) ) ;
#2425 = ORIENTED_EDGE ( 'NONE', *, *, #3726, .F. ) ;
#2426 = SURFACE_STYLE_FILL_AREA ( #2976 ) ;
#2427 = CARTESIAN_POINT ( 'NONE',  ( 0.6349999999999996758, 1.379999999999940830, -3.803592672549160891 ) ) ;
#2428 = CARTESIAN_POINT ( 'NONE',  ( -2.155000000000000693, 1.379999999999940830, 3.803592672549160891 ) ) ;
#2429 = VECTOR ( 'NONE', #4605, 1000.000000000000227 ) ;
#2430 = EDGE_CURVE ( 'NONE', #2713, #3100, #1223, .T. ) ;
#2431 = ORIENTED_EDGE ( 'NONE', *, *, #1075, .F. ) ;
#2432 = SURFACE_STYLE_USAGE ( .BOTH. , #2398 ) ;
#2433 = COLOUR_RGB ( '',1.000000000000000000, 1.000000000000000000, 1.000000000000000000 ) ;
#2434 = SURFACE_SIDE_STYLE ('',( #4168 ) ) ;
#2435 = DIRECTION ( 'NONE',  ( -1.000000000000000000, -0.0000000000000000000, -0.0000000000000000000 ) ) ;
#2436 = AXIS2_PLACEMENT_3D ( 'NONE', #2086, #3639, #3622 ) ;
#2437 = EDGE_LOOP ( 'NONE', ( #1112, #2208, #2967, #3577, #3205, #4597 ) ) ;
#2438 = SURFACE_SIDE_STYLE ('',( #1685 ) ) ;
#2439 = STYLED_ITEM ( 'NONE', ( #51 ), #4889 ) ;
#2440 = CARTESIAN_POINT ( 'NONE',  ( -3.175000000000000266, 1.379999999999941052, 3.037721543909710054 ) ) ;
#2441 = DIRECTION ( 'NONE',  ( 0.0000000000000000000, 0.5537390299377258351, -0.8326902705830219187 ) ) ;
#2442 = LINE ( 'NONE', #1311, #4327 ) ;
#2443 = LINE ( 'NONE', #3837, #3308 ) ;
#2444 = STYLED_ITEM ( 'NONE', ( #3061 ), #1039 ) ;
#2445 = ORIENTED_EDGE ( 'NONE', *, *, #2913, .F. ) ;
#2446 = CARTESIAN_POINT ( 'NONE',  ( 2.155000000000000693, 1.379999999999940830, 3.803592672549160447 ) ) ;
#2447 = CARTESIAN_POINT ( 'NONE',  ( -1.905000000000000471, 1.379999999999940830, 3.803592672549160891 ) ) ;
#2448 = ORIENTED_EDGE ( 'NONE', *, *, #3290, .F. ) ;
#2449 = ORIENTED_EDGE ( 'NONE', *, *, #1662, .F. ) ;
#2450 = ORIENTED_EDGE ( 'NONE', *, *, #3263, .T. ) ;
#2451 = DIRECTION ( 'NONE',  ( -0.0000000000000000000, -0.0000000000000000000, 1.000000000000000000 ) ) ;
#2452 = AXIS2_PLACEMENT_3D ( 'NONE', #2010, #4355, #3962 ) ;
#2453 = SURFACE_STYLE_FILL_AREA ( #4857 ) ;
#2454 = DIRECTION ( 'NONE',  ( -0.0000000000000000000, 1.000000000000000000, -0.0000000000000000000 ) ) ;
#2455 = SURFACE_STYLE_USAGE ( .BOTH. , #3273 ) ;
#2456 = CARTESIAN_POINT ( 'NONE',  ( -2.665000000000000924, -0.7502145451867081594, -4.980000000000001315 ) ) ;
#2457 = LINE ( 'NONE', #442, #3640 ) ;
#2458 = VERTEX_POINT ( 'NONE', #61 ) ;
#2459 = CARTESIAN_POINT ( 'NONE',  ( 0.2050000000000000155, 5.751495533476131091E-18, -5.180000000000001492 ) ) ;
#2460 =( NAMED_UNIT ( * ) SI_UNIT ( $, .STERADIAN. ) SOLID_ANGLE_UNIT ( ) );
#2461 = EDGE_CURVE ( 'NONE', #1233, #870, #278, .T. ) ;
#2462 = ORIENTED_EDGE ( 'NONE', *, *, #3519, .T. ) ;
#2463 = AXIS2_PLACEMENT_3D ( 'NONE', #3407, #3838, #1088 ) ;
#2464 = VECTOR ( 'NONE', #2380, 1000.000000000000114 ) ;
#2465 = CARTESIAN_POINT ( 'NONE',  ( -3.175000000000000266, 1.179999999999940874, -3.037721543909709165 ) ) ;
#2466 = STYLED_ITEM ( 'NONE', ( #4018 ), #624 ) ;
#2467 = ORIENTED_EDGE ( 'NONE', *, *, #4508, .F. ) ;
#2468 = DIRECTION ( 'NONE',  ( -0.5727524859299126803, -0.6825798327742351734, 0.4539155887948797541 ) ) ;
#2469 = ADVANCED_FACE ( 'NONE', ( #3778 ), #1209, .T. ) ;
#2470 = FILL_AREA_STYLE ('',( #3288 ) ) ;
#2471 = ORIENTED_EDGE ( 'NONE', *, *, #483, .T. ) ;
#2472 = CARTESIAN_POINT ( 'NONE',  ( -1.905000000000000471, -0.6897854548132907881, -4.939814654901676150 ) ) ;
#2473 = ORIENTED_EDGE ( 'NONE', *, *, #1752, .T. ) ;
#2474 = FILL_AREA_STYLE_COLOUR ( '', #1342 ) ;
#2475 = ORIENTED_EDGE ( 'NONE', *, *, #1343, .T. ) ;
#2476 = FACE_OUTER_BOUND ( 'NONE', #1346, .T. ) ;
#2477 = EDGE_CURVE ( 'NONE', #927, #4832, #2072, .T. ) ;
#2478 =( LENGTH_UNIT ( ) NAMED_UNIT ( * ) SI_UNIT ( .MILLI., .METRE. ) );
#2479 =( GEOMETRIC_REPRESENTATION_CONTEXT ( 3 ) GLOBAL_UNCERTAINTY_ASSIGNED_CONTEXT ( ( #258 ) ) GLOBAL_UNIT_ASSIGNED_CONTEXT ( ( #3790, #3409, #4869 ) ) REPRESENTATION_CONTEXT ( 'NONE', 'WORKASPACE' ) );
#2480 = FACE_OUTER_BOUND ( 'NONE', #70, .T. ) ;
#2481 = EDGE_LOOP ( 'NONE', ( #2203, #3774, #360, #3393 ) ) ;
#2482 = DIRECTION ( 'NONE',  ( 0.5775512808318012947, 0.8163544071109960498, 0.0000000000000000000 ) ) ;
#2483 = EDGE_CURVE ( 'NONE', #265, #2871, #1295, .T. ) ;
#2484 = EDGE_CURVE ( 'NONE', #3901, #2718, #4602, .T. ) ;
#2485 = SURFACE_SIDE_STYLE ('',( #4475 ) ) ;
#2486 = VECTOR ( 'NONE', #4222, 1000.000000000000000 ) ;
#2487 = VECTOR ( 'NONE', #3733, 1000.000000000000000 ) ;
#2488 = AXIS2_PLACEMENT_3D ( 'NONE', #3525, #2791, #1625 ) ;
#2489 = LINE ( 'NONE', #3294, #4221 ) ;
#2490 = PLANE ( 'NONE',  #1916 ) ;
#2491 = STYLED_ITEM ( 'NONE', ( #2332 ), #305 ) ;
#2492 = ORIENTED_EDGE ( 'NONE', *, *, #3353, .F. ) ;
#2493 = CARTESIAN_POINT ( 'NONE',  ( -2.665000000000000480, -3.229785454813289824, -5.180000000000001492 ) ) ;
#2494 =( LENGTH_UNIT ( ) NAMED_UNIT ( * ) SI_UNIT ( .MILLI., .METRE. ) );
#2495 = DIRECTION ( 'NONE',  ( -0.0000000000000000000, 3.354547903289223418E-16, -1.000000000000000000 ) ) ;
#2496 = SURFACE_SIDE_STYLE ('',( #2937 ) ) ;
#2497 = LINE ( 'NONE', #4609, #3926 ) ;
#2498 = ORIENTED_EDGE ( 'NONE', *, *, #2032, .T. ) ;
#2499 =( NAMED_UNIT ( * ) PLANE_ANGLE_UNIT ( ) SI_UNIT ( $, .RADIAN. ) );
#2500 = FILL_AREA_STYLE_COLOUR ( '', #4569 ) ;
#2501 = COLOUR_RGB ( '',1.000000000000000000, 1.000000000000000000, 1.000000000000000000 ) ;
#2502 = LINE ( 'NONE', #1920, #1764 ) ;
#2503 = SURFACE_SIDE_STYLE ('',( #2062 ) ) ;
#2504 = VECTOR ( 'NONE', #3111, 1000.000000000000000 ) ;
#2505 = VERTEX_POINT ( 'NONE', #1301 ) ;
#2506 = LINE ( 'NONE', #1712, #1771 ) ;
#2507 =( NAMED_UNIT ( * ) SI_UNIT ( $, .STERADIAN. ) SOLID_ANGLE_UNIT ( ) );
#2508 = ORIENTED_EDGE ( 'NONE', *, *, #2819, .T. ) ;
#2509 = FILL_AREA_STYLE ('',( #4135 ) ) ;
#2510 = CARTESIAN_POINT ( 'NONE',  ( 0.2050000000000000988, -3.229785454813289824, -5.180000000000001492 ) ) ;
#2511 = EDGE_CURVE ( 'NONE', #3341, #3558, #3892, .T. ) ;
#2512 = SURFACE_STYLE_FILL_AREA ( #574 ) ;
#2513 = FILL_AREA_STYLE_COLOUR ( '', #2271 ) ;
#2514 = PRESENTATION_LAYER_ASSIGNMENT (  '', '', ( #2364 ) ) ;
#2515 = VERTEX_POINT ( 'NONE', #2302 ) ;
#2516 =( NAMED_UNIT ( * ) SI_UNIT ( $, .STERADIAN. ) SOLID_ANGLE_UNIT ( ) );
#2517 = EDGE_CURVE ( 'NONE', #3642, #4303, #2305, .T. ) ;
#2518 = UNCERTAINTY_MEASURE_WITH_UNIT (LENGTH_MEASURE( 1.000000000000000082E-05 ), #1365, 'distance_accuracy_value', 'NONE');
#2519 = AXIS2_PLACEMENT_3D ( 'NONE', #2612, #4559, #3450 ) ;
#2520 = DIRECTION ( 'NONE',  ( 1.000000000000000000, 2.805607577305429395E-17, 0.0000000000000000000 ) ) ;
#2521 = DIRECTION ( 'NONE',  ( 0.0000000000000000000, 0.0000000000000000000, -1.000000000000000000 ) ) ;
#2522 = ORIENTED_EDGE ( 'NONE', *, *, #2032, .F. ) ;
#2523 = VECTOR ( 'NONE', #4803, 1000.000000000000000 ) ;
#2524 = MECHANICAL_DESIGN_GEOMETRIC_PRESENTATION_REPRESENTATION (  '', ( #3469 ), #4781 ) ;
#2525 = SURFACE_SIDE_STYLE ('',( #2859 ) ) ;
#2526 = UNCERTAINTY_MEASURE_WITH_UNIT (LENGTH_MEASURE( 1.000000000000000082E-05 ), #4137, 'distance_accuracy_value', 'NONE');
#2527 = ORIENTED_EDGE ( 'NONE', *, *, #1662, .T. ) ;
#2528 = COLOUR_RGB ( '',1.000000000000000000, 1.000000000000000000, 1.000000000000000000 ) ;
#2529 = CARTESIAN_POINT ( 'NONE',  ( -2.155000000000000693, 1.179999999999940874, 3.037721543909709165 ) ) ;
#2530 =( NAMED_UNIT ( * ) PLANE_ANGLE_UNIT ( ) SI_UNIT ( $, .RADIAN. ) );
#2531 = ORIENTED_EDGE ( 'NONE', *, *, #1289, .T. ) ;
#2532 = EDGE_CURVE ( 'NONE', #766, #3110, #3600, .T. ) ;
#2533 = VECTOR ( 'NONE', #4079, 1000.000000000000000 ) ;
#2534 = ADVANCED_FACE ( 'NONE', ( #4134 ), #3989, .F. ) ;
#2535 = LINE ( 'NONE', #1936, #4144 ) ;
#2536 = ORIENTED_EDGE ( 'NONE', *, *, #3353, .T. ) ;
#2537 = VECTOR ( 'NONE', #1774, 1000.000000000000000 ) ;
#2538 = SURFACE_SIDE_STYLE ('',( #3414 ) ) ;
#2539 = FILL_AREA_STYLE_COLOUR ( '', #1069 ) ;
#2540 = CARTESIAN_POINT ( 'NONE',  ( -1.905000000000000471, 1.379999999999941052, -3.037721543909710054 ) ) ;
#2541 = VECTOR ( 'NONE', #1937, 999.9999999999998863 ) ;
#2542 = PRESENTATION_STYLE_ASSIGNMENT (( #743 ) ) ;
#2543 = ORIENTED_EDGE ( 'NONE', *, *, #3158, .T. ) ;
#2544 = CARTESIAN_POINT ( 'NONE',  ( -0.7484104718430666381, -0.5294825664389722908, -5.180000000000001492 ) ) ;
#2545 = STYLED_ITEM ( 'NONE', ( #797 ), #2956 ) ;
#2546 = DIRECTION ( 'NONE',  ( -0.0000000000000000000, -0.0000000000000000000, 1.000000000000000000 ) ) ;
#2547 = CARTESIAN_POINT ( 'NONE',  ( -2.254999999999999893, -3.229785454813289380, -5.180000000000001492 ) ) ;
#2548 = EDGE_CURVE ( 'NONE', #4660, #1756, #1034, .T. ) ;
#2549 = EDGE_CURVE ( 'NONE', #2994, #1861, #3028, .T. ) ;
#2550 =( NAMED_UNIT ( * ) SI_UNIT ( $, .STERADIAN. ) SOLID_ANGLE_UNIT ( ) );
#2551 = SURFACE_STYLE_FILL_AREA ( #1731 ) ;
#2552 = VECTOR ( 'NONE', #2435, 1000.000000000000000 ) ;
#2553 = ORIENTED_EDGE ( 'NONE', *, *, #3942, .F. ) ;
#2554 = STYLED_ITEM ( 'NONE', ( #300 ), #4390 ) ;
#2555 = ORIENTED_EDGE ( 'NONE', *, *, #429, .F. ) ;
#2556 = LINE ( 'NONE', #120, #1131 ) ;
#2557 = MECHANICAL_DESIGN_GEOMETRIC_PRESENTATION_REPRESENTATION (  '', ( #2922 ), #3092 ) ;
#2558 = ORIENTED_EDGE ( 'NONE', *, *, #3263, .F. ) ;
#2559 = CARTESIAN_POINT ( 'NONE',  ( -1.905000000000000471, 1.379999999999940830, -3.803592672549160891 ) ) ;
#2560 = CARTESIAN_POINT ( 'NONE',  ( -0.6350000000000001199, 1.379999999999940830, -3.803592672549160891 ) ) ;
#2561 = ORIENTED_EDGE ( 'NONE', *, *, #838, .T. ) ;
#2562 = CARTESIAN_POINT ( 'NONE',  ( -3.812636267374660104, 0.07011985759881900204, -4.434477622147608322 ) ) ;
#2563 = LINE ( 'NONE', #1061, #2107 ) ;
#2564 =( NAMED_UNIT ( * ) SI_UNIT ( $, .STERADIAN. ) SOLID_ANGLE_UNIT ( ) );
#2565 = FILL_AREA_STYLE ('',( #4542 ) ) ;
#2566 = ADVANCED_FACE ( 'NONE', ( #2764 ), #157, .T. ) ;
#2567 = FILL_AREA_STYLE_COLOUR ( '', #4512 ) ;
#2568 = DIRECTION ( 'NONE',  ( -1.000000000000000000, -0.0000000000000000000, 0.0000000000000000000 ) ) ;
#2569 = LINE ( 'NONE', #1155, #1461 ) ;
#2570 = SURFACE_STYLE_FILL_AREA ( #4693 ) ;
#2571 = AXIS2_PLACEMENT_3D ( 'NONE', #4863, #2927, #1806 ) ;
#2572 = SURFACE_STYLE_FILL_AREA ( #2020 ) ;
#2573 = SURFACE_STYLE_FILL_AREA ( #1238 ) ;
#2574 = ORIENTED_EDGE ( 'NONE', *, *, #1260, .F. ) ;
#2575 = PLANE ( 'NONE',  #324 ) ;
#2576 = CARTESIAN_POINT ( 'NONE',  ( -1.905000000000000471, -0.6897854548132907881, -5.180000000000001492 ) ) ;
#2577 = ORIENTED_EDGE ( 'NONE', *, *, #1144, .F. ) ;
#2578 =( GEOMETRIC_REPRESENTATION_CONTEXT ( 3 ) GLOBAL_UNCERTAINTY_ASSIGNED_CONTEXT ( ( #2337 ) ) GLOBAL_UNIT_ASSIGNED_CONTEXT ( ( #1959, #4275, #2320 ) ) REPRESENTATION_CONTEXT ( 'NONE', 'WORKASPACE' ) );
#2579 = DIRECTION ( 'NONE',  ( 0.4990263461614615204, -0.8665868137911754143, 0.0000000000000000000 ) ) ;
#2580 = SURFACE_STYLE_FILL_AREA ( #4401 ) ;
#2581 = EDGE_CURVE ( 'NONE', #799, #1756, #395, .T. ) ;
#2582 = EDGE_CURVE ( 'NONE', #3731, #4832, #4655, .T. ) ;
#2583 = DIRECTION ( 'NONE',  ( -1.000000000000000000, 0.0000000000000000000, 0.0000000000000000000 ) ) ;
#2584 =( NAMED_UNIT ( * ) SI_UNIT ( $, .STERADIAN. ) SOLID_ANGLE_UNIT ( ) );
#2585 =( NAMED_UNIT ( * ) PLANE_ANGLE_UNIT ( ) SI_UNIT ( $, .RADIAN. ) );
#2586 = ORIENTED_EDGE ( 'NONE', *, *, #2649, .F. ) ;
#2587 = CARTESIAN_POINT ( 'NONE',  ( -0.2050000000000002098, -1.297579787036334587, -4.980000000000000426 ) ) ;
#2588 =( GEOMETRIC_REPRESENTATION_CONTEXT ( 3 ) GLOBAL_UNCERTAINTY_ASSIGNED_CONTEXT ( ( #2383 ) ) GLOBAL_UNIT_ASSIGNED_CONTEXT ( ( #4926, #3334, #1007 ) ) REPRESENTATION_CONTEXT ( 'NONE', 'WORKASPACE' ) );
#2589 = EDGE_LOOP ( 'NONE', ( #3766, #3435, #753, #1130 ) ) ;
#2590 = PRESENTATION_STYLE_ASSIGNMENT (( #2432 ) ) ;
#2591 = PLANE ( 'NONE',  #903 ) ;
#2592 = ADVANCED_FACE ( 'NONE', ( #3086 ), #3955, .F. ) ;
#2593 = AXIS2_PLACEMENT_3D ( 'NONE', #3498, #1575, #3549 ) ;
#2594 = CARTESIAN_POINT ( 'NONE',  ( -1.931132539061443332, -0.7351660523222688370, -4.980000000000001315 ) ) ;
#2595 = UNCERTAINTY_MEASURE_WITH_UNIT (LENGTH_MEASURE( 1.000000000000000082E-05 ), #529, 'distance_accuracy_value', 'NONE');
#2596 = ORIENTED_EDGE ( 'NONE', *, *, #4699, .F. ) ;
#2597 = COLOUR_RGB ( '',0.7921568627450980005, 0.8196078431372548767, 0.9333333333333333481 ) ;
#2598 = PLANE ( 'NONE',  #4872 ) ;
#2599 = VERTEX_POINT ( 'NONE', #1250 ) ;
#2600 = CARTESIAN_POINT ( 'NONE',  ( 3.174999999999999822, 1.379999999999941052, 3.037721543909709609 ) ) ;
#2601 = CARTESIAN_POINT ( 'NONE',  ( 0.6349999999999996758, 1.179999999999940652, 3.696407327450841329 ) ) ;
#2602 = SURFACE_SIDE_STYLE ('',( #1892 ) ) ;
#2603 = VERTEX_POINT ( 'NONE', #110 ) ;
#2604 = EDGE_CURVE ( 'NONE', #2599, #799, #1414, .T. ) ;
#2605 = FILL_AREA_STYLE ('',( #2500 ) ) ;
#2606 = DIRECTION ( 'NONE',  ( 0.0000000000000000000, 2.877422278584525882E-16, 1.000000000000000000 ) ) ;
#2607 = STYLED_ITEM ( 'NONE', ( #4911 ), #2321 ) ;
#2608 = LINE ( 'NONE', #3198, #1634 ) ;
#2609 = EDGE_CURVE ( 'NONE', #4660, #1337, #1607, .T. ) ;
#2610 = VECTOR ( 'NONE', #2579, 1000.000000000000000 ) ;
#2611 = VECTOR ( 'NONE', #20, 1000.000000000000000 ) ;
#2612 = CARTESIAN_POINT ( 'NONE',  ( 3.819430878194189916, 3.279999999999999805, 0.0000000000000000000 ) ) ;
#2613 = STYLED_ITEM ( 'NONE', ( #3140 ), #3329 ) ;
#2614 =( LENGTH_UNIT ( ) NAMED_UNIT ( * ) SI_UNIT ( .MILLI., .METRE. ) );
#2615 = ADVANCED_FACE ( 'NONE', ( #103 ), #1739, .T. ) ;
#2616 = PLANE ( 'NONE',  #1555 ) ;
#2617 = COLOUR_RGB ( '',0.2509803921568627416, 0.2509803921568627416, 0.2509803921568627416 ) ;
#2618 = ORIENTED_EDGE ( 'NONE', *, *, #3656, .T. ) ;
#2619 = EDGE_CURVE ( 'NONE', #3189, #41, #3462, .T. ) ;
#2620 = EDGE_LOOP ( 'NONE', ( #3981, #3735, #3291, #226 ) ) ;
#2621 = STYLED_ITEM ( 'NONE', ( #831 ), #4561 ) ;
#2622 = COLOUR_RGB ( '',0.7921568627450980005, 0.8196078431372548767, 0.9333333333333333481 ) ;
#2623 = CARTESIAN_POINT ( 'NONE',  ( -2.744312401339973118, 3.279999999999999805, 1.535116495578768392 ) ) ;
#2624 = SURFACE_STYLE_USAGE ( .BOTH. , #771 ) ;
#2625 = SURFACE_STYLE_FILL_AREA ( #2117 ) ;
#2626 = COLOUR_RGB ( '',0.2509803921568627416, 0.2509803921568627416, 0.2509803921568627416 ) ;
#2627 = PRESENTATION_STYLE_ASSIGNMENT (( #3430 ) ) ;
#2628 = SURFACE_SIDE_STYLE ('',( #2806 ) ) ;
#2629 =( NAMED_UNIT ( * ) PLANE_ANGLE_UNIT ( ) SI_UNIT ( $, .RADIAN. ) );
#2630 = FACE_OUTER_BOUND ( 'NONE', #1001, .T. ) ;
#2631 = VECTOR ( 'NONE', #1506, 1000.000000000000000 ) ;
#2632 = VERTEX_POINT ( 'NONE', #3306 ) ;
#2633 = SURFACE_SIDE_STYLE ('',( #2580 ) ) ;
#2634 = SURFACE_STYLE_USAGE ( .BOTH. , #4259 ) ;
#2635 = FILL_AREA_STYLE ('',( #4224 ) ) ;
#2636 = SURFACE_SIDE_STYLE ('',( #2684 ) ) ;
#2637 = MECHANICAL_DESIGN_GEOMETRIC_PRESENTATION_REPRESENTATION (  '', ( #945 ), #4060 ) ;
#2638 = ORIENTED_EDGE ( 'NONE', *, *, #1046, .F. ) ;
#2639 = FACE_OUTER_BOUND ( 'NONE', #748, .T. ) ;
#2640 = DIRECTION ( 'NONE',  ( -1.000000000000000000, 0.0000000000000000000, -0.0000000000000000000 ) ) ;
#2641 = SURFACE_STYLE_FILL_AREA ( #3010 ) ;
#2642 = ADVANCED_FACE ( 'NONE', ( #3593 ), #1783, .T. ) ;
#2643 = EDGE_LOOP ( 'NONE', ( #3376, #398, #2508, #4941, #4065, #3853 ) ) ;
#2644 = CARTESIAN_POINT ( 'NONE',  ( 4.065000000000000391, 1.280000000000031113, 3.049999999999999822 ) ) ;
#2645 = LINE ( 'NONE', #1407, #861 ) ;
#2646 = MECHANICAL_DESIGN_GEOMETRIC_PRESENTATION_REPRESENTATION (  '', ( #3448 ), #863 ) ;
#2647 =( NAMED_UNIT ( * ) PLANE_ANGLE_UNIT ( ) SI_UNIT ( $, .RADIAN. ) );
#2648 = EDGE_LOOP ( 'NONE', ( #835, #3803, #2888, #2313 ) ) ;
#2649 = EDGE_CURVE ( 'NONE', #1843, #3899, #223, .T. ) ;
#2650 = DIRECTION ( 'NONE',  ( -0.7660444431189766812, 0.6427876096865409172, 0.0000000000000000000 ) ) ;
#2651 =( GEOMETRIC_REPRESENTATION_CONTEXT ( 3 ) GLOBAL_UNCERTAINTY_ASSIGNED_CONTEXT ( ( #2595 ) ) GLOBAL_UNIT_ASSIGNED_CONTEXT ( ( #529, #1720, #3218 ) ) REPRESENTATION_CONTEXT ( 'NONE', 'WORKASPACE' ) );
#2652 = ORIENTED_EDGE ( 'NONE', *, *, #4348, .T. ) ;
#2653 = LINE ( 'NONE', #4234, #4077 ) ;
#2654 = UNCERTAINTY_MEASURE_WITH_UNIT (LENGTH_MEASURE( 1.000000000000000082E-05 ), #3667, 'distance_accuracy_value', 'NONE');
#2655 = AXIS2_PLACEMENT_3D ( 'NONE', #1600, #83, #2340 ) ;
#2656 = CARTESIAN_POINT ( 'NONE',  ( 2.155000000000000693, 1.279999999999940963, -3.049999999999999822 ) ) ;
#2657 = EDGE_LOOP ( 'NONE', ( #3433, #3282, #1257, #4358, #4951, #342, #2445 ) ) ;
#2658 = FACE_OUTER_BOUND ( 'NONE', #2662, .T. ) ;
#2659 = CARTESIAN_POINT ( 'NONE',  ( 2.155000000000000693, 0.0000000000000000000, -5.180000000000001492 ) ) ;
#2660 = SURFACE_SIDE_STYLE ('',( #109 ) ) ;
#2661 = CARTESIAN_POINT ( 'NONE',  ( 0.2050000000000000988, -3.229785454813289824, 4.980000000000001315 ) ) ;
#2662 = EDGE_LOOP ( 'NONE', ( #3493, #2638, #4305, #4689 ) ) ;
#2663 = CARTESIAN_POINT ( 'NONE',  ( 2.155000000000000693, 1.379999999999941052, -5.180000000000001492 ) ) ;
#2664 = CARTESIAN_POINT ( 'NONE',  ( 3.174999999999999822, 1.379999999999941052, -3.037721543909709609 ) ) ;
#2665 = FILL_AREA_STYLE_COLOUR ( '', #577 ) ;
#2666 = ORIENTED_EDGE ( 'NONE', *, *, #2087, .F. ) ;
#2667 = FILL_AREA_STYLE ('',( #913 ) ) ;
#2668 = FILL_AREA_STYLE ('',( #798 ) ) ;
#2669 = STYLED_ITEM ( 'NONE', ( #2969 ), #2250 ) ;
#2670 = DIRECTION ( 'NONE',  ( 0.0000000000000000000, 0.8326902705830219187, -0.5537390299377259462 ) ) ;
#2671 = FACE_OUTER_BOUND ( 'NONE', #930, .T. ) ;
#2672 = PRESENTATION_STYLE_ASSIGNMENT (( #1118 ) ) ;
#2673 = ORIENTED_EDGE ( 'NONE', *, *, #1865, .F. ) ;
#2674 = EDGE_CURVE ( 'NONE', #2095, #1672, #2645, .T. ) ;
#2675 = CARTESIAN_POINT ( 'NONE',  ( -4.065000000000000391, 1.280000000000031113, 3.050000000000000711 ) ) ;
#2676 = UNCERTAINTY_MEASURE_WITH_UNIT (LENGTH_MEASURE( 1.000000000000000082E-05 ), #4680, 'distance_accuracy_value', 'NONE');
#2677 = EDGE_LOOP ( 'NONE', ( #2945, #372, #4128, #3321 ) ) ;
#2678 = VECTOR ( 'NONE', #1502, 1000.000000000000000 ) ;
#2679 = FACE_OUTER_BOUND ( 'NONE', #2303, .T. ) ;
#2680 = MECHANICAL_DESIGN_GEOMETRIC_PRESENTATION_REPRESENTATION (  '', ( #333 ), #3552 ) ;
#2681 = DIRECTION ( 'NONE',  ( 0.0000000000000000000, -0.9925461516413223162, 0.1218693434051450475 ) ) ;
#2682 = CARTESIAN_POINT ( 'NONE',  ( -2.254999999999999893, -1.297579787036334587, 5.180000000000001492 ) ) ;
#2683 = FACE_OUTER_BOUND ( 'NONE', #3368, .T. ) ;
#2684 = SURFACE_STYLE_FILL_AREA ( #3439 ) ;
#2685 =( GEOMETRIC_REPRESENTATION_CONTEXT ( 3 ) GLOBAL_UNCERTAINTY_ASSIGNED_CONTEXT ( ( #1124 ) ) GLOBAL_UNIT_ASSIGNED_CONTEXT ( ( #4361, #2766, #3179 ) ) REPRESENTATION_CONTEXT ( 'NONE', 'WORKASPACE' ) );
#2686 = PRESENTATION_LAYER_ASSIGNMENT (  '', '', ( #993 ) ) ;
#2687 = PRESENTATION_STYLE_ASSIGNMENT (( #1847 ) ) ;
#2688 = LINE ( 'NONE', #2559, #3500 ) ;
#2689 = DIRECTION ( 'NONE',  ( -1.000000000000000000, 0.0000000000000000000, -0.0000000000000000000 ) ) ;
#2690 =( NAMED_UNIT ( * ) SI_UNIT ( $, .STERADIAN. ) SOLID_ANGLE_UNIT ( ) );
#2691 =( GEOMETRIC_REPRESENTATION_CONTEXT ( 3 ) GLOBAL_UNCERTAINTY_ASSIGNED_CONTEXT ( ( #918 ) ) GLOBAL_UNIT_ASSIGNED_CONTEXT ( ( #3374, #1052, #1567 ) ) REPRESENTATION_CONTEXT ( 'NONE', 'WORKASPACE' ) );
#2692 = VECTOR ( 'NONE', #2198, 1000.000000000000000 ) ;
#2693 = VERTEX_POINT ( 'NONE', #2885 ) ;
#2694 = CARTESIAN_POINT ( 'NONE',  ( -3.819430878194189916, 3.279999999999999805, 2.804430878194190679 ) ) ;
#2695 = PLANE ( 'NONE',  #4613 ) ;
#2696 = SURFACE_STYLE_USAGE ( .BOTH. , #2707 ) ;
#2697 = ORIENTED_EDGE ( 'NONE', *, *, #4830, .T. ) ;
#2698 = STYLED_ITEM ( 'NONE', ( #352 ), #1918 ) ;
#2699 =( NAMED_UNIT ( * ) SI_UNIT ( $, .STERADIAN. ) SOLID_ANGLE_UNIT ( ) );
#2700 = ORIENTED_EDGE ( 'NONE', *, *, #72, .F. ) ;
#2701 = CARTESIAN_POINT ( 'NONE',  ( 3.819430878194189916, 3.279999999999999805, -2.804430878194189791 ) ) ;
#2702 =( NAMED_UNIT ( * ) PLANE_ANGLE_UNIT ( ) SI_UNIT ( $, .RADIAN. ) );
#2703 = ORIENTED_EDGE ( 'NONE', *, *, #838, .F. ) ;
#2704 = STYLED_ITEM ( 'NONE', ( #2687 ), #3404 ) ;
#2705 = FILL_AREA_STYLE_COLOUR ( '', #3791 ) ;
#2706 = PRODUCT_DEFINITION_SHAPE ( 'NONE', 'NONE',  #1797 ) ;
#2707 = SURFACE_SIDE_STYLE ('',( #1962 ) ) ;
#2708 = DIRECTION ( 'NONE',  ( 0.0000000000000000000, 0.8326902705830219187, 0.5537390299377258351 ) ) ;
#2709 = EDGE_CURVE ( 'NONE', #556, #1169, #4189, .T. ) ;
#2710 = ORIENTED_EDGE ( 'NONE', *, *, #2939, .F. ) ;
#2711 = SURFACE_STYLE_FILL_AREA ( #4625 ) ;
#2712 = SURFACE_STYLE_FILL_AREA ( #3596 ) ;
#2713 = VERTEX_POINT ( 'NONE', #2472 ) ;
#2714 = VECTOR ( 'NONE', #200, 1000.000000000000000 ) ;
#2715 =( GEOMETRIC_REPRESENTATION_CONTEXT ( 3 ) GLOBAL_UNCERTAINTY_ASSIGNED_CONTEXT ( ( #4712 ) ) GLOBAL_UNIT_ASSIGNED_CONTEXT ( ( #4033, #1669, #3597 ) ) REPRESENTATION_CONTEXT ( 'NONE', 'WORKASPACE' ) );
#2716 = CARTESIAN_POINT ( 'NONE',  ( -1.905000000000000471, -0.6897854548132906771, 5.768133747539269525E-16 ) ) ;
#2717 = VECTOR ( 'NONE', #3818, 1000.000000000000000 ) ;
#2718 = VERTEX_POINT ( 'NONE', #193 ) ;
#2719 = DIRECTION ( 'NONE',  ( 1.000000000000000000, 0.0000000000000000000, -1.066865606381800214E-16 ) ) ;
#2720 = CARTESIAN_POINT ( 'NONE',  ( 3.174999999999999822, 1.379999999999941052, -3.049999999999999822 ) ) ;
#2721 =( NAMED_UNIT ( * ) SI_UNIT ( $, .STERADIAN. ) SOLID_ANGLE_UNIT ( ) );
#2722 = VECTOR ( 'NONE', #1984, 1000.000000000000000 ) ;
#2723 = ORIENTED_EDGE ( 'NONE', *, *, #3547, .F. ) ;
#2724 = CARTESIAN_POINT ( 'NONE',  ( 0.6349999999999996758, -0.7502145451867079373, 4.980000000000000426 ) ) ;
#2725 =( NAMED_UNIT ( * ) SI_UNIT ( $, .STERADIAN. ) SOLID_ANGLE_UNIT ( ) );
#2726 = STYLED_ITEM ( 'NONE', ( #2374 ), #1601 ) ;
#2727 = CARTESIAN_POINT ( 'NONE',  ( 2.155000000000000693, 1.179999999999940874, 3.696407327450840885 ) ) ;
#2728 = LINE ( 'NONE', #3365, #2610 ) ;
#2729 = LINE ( 'NONE', #4840, #717 ) ;
#2730 = LINE ( 'NONE', #1759, #1379 ) ;
#2731 = ORIENTED_EDGE ( 'NONE', *, *, #2483, .F. ) ;
#2732 = LINE ( 'NONE', #2377, #1755 ) ;
#2733 = FACE_OUTER_BOUND ( 'NONE', #1128, .T. ) ;
#2734 = ORIENTED_EDGE ( 'NONE', *, *, #4347, .T. ) ;
#2735 =( NAMED_UNIT ( * ) SI_UNIT ( $, .STERADIAN. ) SOLID_ANGLE_UNIT ( ) );
#2736 = ADVANCED_FACE ( 'NONE', ( #2123 ), #558, .F. ) ;
#2737 = STYLED_ITEM ( 'NONE', ( #4470 ), #2824 ) ;
#2738 = CARTESIAN_POINT ( 'NONE',  ( -1.077500000000011893, -1.077500000000000346, -5.180000000000001492 ) ) ;
#2739 = DIRECTION ( 'NONE',  ( 0.0000000000000000000, 0.9925461516413212060, -0.1218693434051535129 ) ) ;
#2740 = LINE ( 'NONE', #3348, #3808 ) ;
#2741 = ORIENTED_EDGE ( 'NONE', *, *, #804, .T. ) ;
#2742 = SURFACE_SIDE_STYLE ('',( #919 ) ) ;
#2743 = EDGE_CURVE ( 'NONE', #1618, #1979, #4256, .T. ) ;
#2744 = PLANE ( 'NONE',  #2593 ) ;
#2745 = ADVANCED_BREP_SHAPE_REPRESENTATION ( 'MOC3021SM', ( #1448, #2016, #1058, #2905, #1614, #547, #2321, #595 ), #307 ) ;
#2746 =( NAMED_UNIT ( * ) PLANE_ANGLE_UNIT ( ) SI_UNIT ( $, .RADIAN. ) );
#2747 = SURFACE_SIDE_STYLE ('',( #1021 ) ) ;
#2748 = PRESENTATION_STYLE_ASSIGNMENT (( #1897 ) ) ;
#2749 = STYLED_ITEM ( 'NONE', ( #1492 ), #335 ) ;
#2750 = ORIENTED_EDGE ( 'NONE', *, *, #178, .F. ) ;
#2751 = DIRECTION ( 'NONE',  ( 0.0000000000000000000, 1.000000000000000000, 0.0000000000000000000 ) ) ;
#2752 = PLANE ( 'NONE',  #4841 ) ;
#2753 = EDGE_LOOP ( 'NONE', ( #692, #4183, #724, #1623, #2375 ) ) ;
#2754 = SURFACE_STYLE_USAGE ( .BOTH. , #2381 ) ;
#2755 = FILL_AREA_STYLE ('',( #451 ) ) ;
#2756 = LINE ( 'NONE', #3272, #1660 ) ;
#2757 = CARTESIAN_POINT ( 'NONE',  ( 1.905000000000000027, -0.6897854548132897889, -0.0000000000000000000 ) ) ;
#2758 = EDGE_LOOP ( 'NONE', ( #337, #2522, #1305, #2015 ) ) ;
#2759 = PLANE ( 'NONE',  #720 ) ;
#2760 = DIRECTION ( 'NONE',  ( 0.5775512808318012947, 0.8163544071109960498, 0.0000000000000000000 ) ) ;
#2761 = EDGE_CURVE ( 'NONE', #2505, #4122, #156, .T. ) ;
#2762 = ORIENTED_EDGE ( 'NONE', *, *, #3191, .F. ) ;
#2763 = DIRECTION ( 'NONE',  ( -1.000000000000000000, -0.0000000000000000000, 0.0000000000000000000 ) ) ;
#2764 = FACE_OUTER_BOUND ( 'NONE', #1368, .T. ) ;
#2765 = STYLED_ITEM ( 'NONE', ( #1481 ), #2736 ) ;
#2766 =( NAMED_UNIT ( * ) PLANE_ANGLE_UNIT ( ) SI_UNIT ( $, .RADIAN. ) );
#2767 = UNCERTAINTY_MEASURE_WITH_UNIT (LENGTH_MEASURE( 1.000000000000000082E-05 ), #760, 'distance_accuracy_value', 'NONE');
#2768 = FILL_AREA_STYLE_COLOUR ( '', #2341 ) ;
#2769 = VERTEX_POINT ( 'NONE', #4937 ) ;
#2770 = VECTOR ( 'NONE', #1486, 1000.000000000000000 ) ;
#2771 = EDGE_CURVE ( 'NONE', #2311, #3482, #4842, .T. ) ;
#2772 = FILL_AREA_STYLE_COLOUR ( '', #3710 ) ;
#2773 =( NAMED_UNIT ( * ) PLANE_ANGLE_UNIT ( ) SI_UNIT ( $, .RADIAN. ) );
#2774 = DIRECTION ( 'NONE',  ( -0.7660444431189767922, -0.6427876096865409172, 0.0000000000000000000 ) ) ;
#2775 = COLOUR_RGB ( '',1.000000000000000000, 1.000000000000000000, 1.000000000000000000 ) ;
#2776 = PRESENTATION_LAYER_ASSIGNMENT (  '', '', ( #2026 ) ) ;
#2777 =( NAMED_UNIT ( * ) SI_UNIT ( $, .STERADIAN. ) SOLID_ANGLE_UNIT ( ) );
#2778 = ORIENTED_EDGE ( 'NONE', *, *, #4640, .T. ) ;
#2779 = COLOUR_RGB ( '',1.000000000000000000, 1.000000000000000000, 1.000000000000000000 ) ;
#2780 = CARTESIAN_POINT ( 'NONE',  ( 0.6349999999999996758, 1.379999999999941052, -3.037721543909710054 ) ) ;
#2781 = DIRECTION ( 'NONE',  ( 0.0000000000000000000, -0.1218693434051535129, 0.9925461516413213170 ) ) ;
#2782 = EDGE_CURVE ( 'NONE', #3089, #437, #3279, .T. ) ;
#2783 = LINE ( 'NONE', #4372, #4983 ) ;
#2784 = VERTEX_POINT ( 'NONE', #3775 ) ;
#2785 = VECTOR ( 'NONE', #2127, 1000.000000000000000 ) ;
#2786 = PRESENTATION_LAYER_ASSIGNMENT (  '', '', ( #3922 ) ) ;
#2787 = CARTESIAN_POINT ( 'NONE',  ( 2.665000000000000480, -3.229785454813290269, -4.980000000000000426 ) ) ;
#2788 =( LENGTH_UNIT ( ) NAMED_UNIT ( * ) SI_UNIT ( .MILLI., .METRE. ) );
#2789 = VERTEX_POINT ( 'NONE', #2587 ) ;
#2790 = AXIS2_PLACEMENT_3D ( 'NONE', #3438, #1513, #2260 ) ;
#2791 = DIRECTION ( 'NONE',  ( 0.0000000000000000000, 0.0000000000000000000, -1.000000000000000000 ) ) ;
#2792 = SURFACE_STYLE_FILL_AREA ( #3254 ) ;
#2793 = FILL_AREA_STYLE ('',( #3610 ) ) ;
#2794 = CARTESIAN_POINT ( 'NONE',  ( -1.905000000000000471, -0.2500000000000028311, -4.887542672549155753 ) ) ;
#2795 =( LENGTH_UNIT ( ) NAMED_UNIT ( * ) SI_UNIT ( .MILLI., .METRE. ) );
#2796 = VERTEX_POINT ( 'NONE', #1813 ) ;
#2797 =( LENGTH_UNIT ( ) NAMED_UNIT ( * ) SI_UNIT ( .MILLI., .METRE. ) );
#2798 = MECHANICAL_DESIGN_GEOMETRIC_PRESENTATION_REPRESENTATION (  '', ( #3616 ), #3776 ) ;
#2799 = DIRECTION ( 'NONE',  ( -1.000000000000000000, -0.0000000000000000000, 0.0000000000000000000 ) ) ;
#2800 = ORIENTED_EDGE ( 'NONE', *, *, #3460, .T. ) ;
#2801 = COLOUR_RGB ( '',1.000000000000000000, 1.000000000000000000, 1.000000000000000000 ) ;
#2802 = VERTEX_POINT ( 'NONE', #2218 ) ;
#2803 = SURFACE_STYLE_FILL_AREA ( #1550 ) ;
#2804 = FACE_OUTER_BOUND ( 'NONE', #2648, .T. ) ;
#2805 = CARTESIAN_POINT ( 'NONE',  ( -0.6350000000000001199, 1.279999999999940963, 3.050000000000000266 ) ) ;
#2806 = SURFACE_STYLE_FILL_AREA ( #3048 ) ;
#2807 =( LENGTH_UNIT ( ) NAMED_UNIT ( * ) SI_UNIT ( .MILLI., .METRE. ) );
#2808 = UNCERTAINTY_MEASURE_WITH_UNIT (LENGTH_MEASURE( 1.000000000000000082E-05 ), #4867, 'distance_accuracy_value', 'NONE');
#2809 = LINE ( 'NONE', #376, #1528 ) ;
#2810 = EDGE_LOOP ( 'NONE', ( #1602, #1004, #3531, #584, #4453, #4261, #2536 ) ) ;
#2811 =( NAMED_UNIT ( * ) PLANE_ANGLE_UNIT ( ) SI_UNIT ( $, .RADIAN. ) );
#2812 = EDGE_CURVE ( 'NONE', #1104, #981, #1348, .T. ) ;
#2813 = DIRECTION ( 'NONE',  ( 0.0000000000000000000, 0.0000000000000000000, -1.000000000000000000 ) ) ;
#2814 = AXIS2_PLACEMENT_3D ( 'NONE', #539, #2837, #3683 ) ;
#2815 = CARTESIAN_POINT ( 'NONE',  ( -2.155000000000000693, 1.279999999999940963, -3.050000000000000266 ) ) ;
#2816 =( LENGTH_UNIT ( ) NAMED_UNIT ( * ) SI_UNIT ( .MILLI., .METRE. ) );
#2817 = COLOUR_RGB ( '',1.000000000000000000, 1.000000000000000000, 1.000000000000000000 ) ;
#2818 = VERTEX_POINT ( 'NONE', #1051 ) ;
#2819 = EDGE_CURVE ( 'NONE', #1077, #2769, #3517, .T. ) ;
#2820 =( GEOMETRIC_REPRESENTATION_CONTEXT ( 3 ) GLOBAL_UNCERTAINTY_ASSIGNED_CONTEXT ( ( #768 ) ) GLOBAL_UNIT_ASSIGNED_CONTEXT ( ( #474, #3488, #4321 ) ) REPRESENTATION_CONTEXT ( 'NONE', 'WORKASPACE' ) );
#2821 = PLANE ( 'NONE',  #2814 ) ;
#2822 = VERTEX_POINT ( 'NONE', #299 ) ;
#2823 = CARTESIAN_POINT ( 'NONE',  ( -1.905000000000000471, -3.229785454813289824, -5.180000000000001492 ) ) ;
#2824 = ADVANCED_FACE ( 'NONE', ( #3458 ), #4477, .F. ) ;
#2825 = DIRECTION ( 'NONE',  ( -1.000000000000000000, -2.244486061844343516E-16, 0.0000000000000000000 ) ) ;
#2826 = CARTESIAN_POINT ( 'NONE',  ( 0.7484104718430666381, -0.5294825664389725128, -5.180000000000001492 ) ) ;
#2827 = LINE ( 'NONE', #1397, #4775 ) ;
#2828 = CARTESIAN_POINT ( 'NONE',  ( -1.905000000000000471, -0.6897854548132907881, 4.939814654901676150 ) ) ;
#2829 = ORIENTED_EDGE ( 'NONE', *, *, #1296, .T. ) ;
#2830 = AXIS2_PLACEMENT_3D ( 'NONE', #4952, #706, #2210 ) ;
#2831 =( LENGTH_UNIT ( ) NAMED_UNIT ( * ) SI_UNIT ( .MILLI., .METRE. ) );
#2832 = FILL_AREA_STYLE_COLOUR ( '', #3104 ) ;
#2833 = ORIENTED_EDGE ( 'NONE', *, *, #2217, .F. ) ;
#2834 = VECTOR ( 'NONE', #3527, 999.9999999999998863 ) ;
#2835 = EDGE_CURVE ( 'NONE', #1864, #2822, #1540, .T. ) ;
#2836 = UNCERTAINTY_MEASURE_WITH_UNIT (LENGTH_MEASURE( 1.000000000000000082E-05 ), #4387, 'distance_accuracy_value', 'NONE');
#2837 = DIRECTION ( 'NONE',  ( 0.0000000000000000000, 1.000000000000000000, 0.0000000000000000000 ) ) ;
#2838 = ORIENTED_EDGE ( 'NONE', *, *, #521, .F. ) ;
#2839 = MECHANICAL_DESIGN_GEOMETRIC_PRESENTATION_REPRESENTATION (  '', ( #1415 ), #4501 ) ;
#2840 = LINE ( 'NONE', #889, #2533 ) ;
#2841 = PLANE ( 'NONE',  #517 ) ;
#2842 = SURFACE_SIDE_STYLE ('',( #3264 ) ) ;
#2843 = SURFACE_STYLE_USAGE ( .BOTH. , #2881 ) ;
#2844 = EDGE_CURVE ( 'NONE', #3829, #4783, #1408, .T. ) ;
#2845 = ORIENTED_EDGE ( 'NONE', *, *, #2484, .F. ) ;
#2846 =( LENGTH_UNIT ( ) NAMED_UNIT ( * ) SI_UNIT ( .MILLI., .METRE. ) );
#2847 = FILL_AREA_STYLE_COLOUR ( '', #652 ) ;
#2848 = STYLED_ITEM ( 'NONE', ( #2333 ), #4090 ) ;
#2849 = ADVANCED_FACE ( 'NONE', ( #750 ), #697, .F. ) ;
#2850 = ORIENTED_EDGE ( 'NONE', *, *, #1390, .F. ) ;
#2851 = LINE ( 'NONE', #4374, #987 ) ;
#2852 = CARTESIAN_POINT ( 'NONE',  ( 0.6349999999999996758, 1.179999999999940874, 3.050000000000000266 ) ) ;
#2853 = SURFACE_STYLE_USAGE ( .BOTH. , #4468 ) ;
#2854 = MECHANICAL_DESIGN_GEOMETRIC_PRESENTATION_REPRESENTATION (  '', ( #1056 ), #3026 ) ;
#2855 = STYLED_ITEM ( 'NONE', ( #942 ), #4818 ) ;
#2856 = DIRECTION ( 'NONE',  ( 0.4990263461614615204, 0.8665868137911754143, 0.0000000000000000000 ) ) ;
#2857 = FILL_AREA_STYLE ('',( #3653 ) ) ;
#2858 = CARTESIAN_POINT ( 'NONE',  ( -2.254999999999999893, -3.229785454813289380, -5.180000000000001492 ) ) ;
#2859 = SURFACE_STYLE_FILL_AREA ( #4862 ) ;
#2860 = FILL_AREA_STYLE_COLOUR ( '', #2626 ) ;
#2861 = CARTESIAN_POINT ( 'NONE',  ( 2.155000000000000693, 1.179999999999940652, -3.696407327450840885 ) ) ;
#2862 = SURFACE_STYLE_FILL_AREA ( #1818 ) ;
#2863 = FACE_OUTER_BOUND ( 'NONE', #2758, .T. ) ;
#2864 = VERTEX_POINT ( 'NONE', #3739 ) ;
#2865 = DIRECTION ( 'NONE',  ( 1.000000000000000000, 0.0000000000000000000, 0.0000000000000000000 ) ) ;
#2866 = DIRECTION ( 'NONE',  ( -1.000000000000000000, -0.0000000000000000000, -0.0000000000000000000 ) ) ;
#2867 = PRESENTATION_LAYER_ASSIGNMENT (  '', '', ( #2698 ) ) ;
#2868 = DIRECTION ( 'NONE',  ( 0.0000000000000000000, -0.5537390299377259462, -0.8326902705830219187 ) ) ;
#2869 = VECTOR ( 'NONE', #2214, 1000.000000000000114 ) ;
#2870 = VECTOR ( 'NONE', #2399, 1000.000000000000000 ) ;
#2871 = VERTEX_POINT ( 'NONE', #1829 ) ;
#2872 = MECHANICAL_DESIGN_GEOMETRIC_PRESENTATION_REPRESENTATION (  '', ( #4859 ), #3679 ) ;
#2873 = CARTESIAN_POINT ( 'NONE',  ( 2.155000000000000693, 1.379999999999941052, 3.037721543909710054 ) ) ;
#2874 = LINE ( 'NONE', #3237, #1872 ) ;
#2875 = LINE ( 'NONE', #4884, #3987 ) ;
#2876 = LINE ( 'NONE', #26, #1268 ) ;
#2877 = DIRECTION ( 'NONE',  ( 0.0000000000000000000, -0.5537390299377259462, 0.8326902705830219187 ) ) ;
#2878 = ADVANCED_FACE ( 'NONE', ( #4835 ), #340, .F. ) ;
#2879 = EDGE_CURVE ( 'NONE', #3089, #3256, #2352, .T. ) ;
#2880 = CARTESIAN_POINT ( 'NONE',  ( 0.6349999999999996758, 1.379999999999941052, -3.050000000000000266 ) ) ;
#2881 = SURFACE_SIDE_STYLE ('',( #206 ) ) ;
#2882 = VECTOR ( 'NONE', #1952, 999.9999999999998863 ) ;
#2883 = ORIENTED_EDGE ( 'NONE', *, *, #3821, .F. ) ;
#2884 = MECHANICAL_DESIGN_GEOMETRIC_PRESENTATION_REPRESENTATION (  '', ( #2364 ), #4868 ) ;
#2885 = CARTESIAN_POINT ( 'NONE',  ( -3.175000000000000266, 1.379999999999941052, -3.037721543909710054 ) ) ;
#2886 = VECTOR ( 'NONE', #885, 1000.000000000000114 ) ;
#2887 = EDGE_CURVE ( 'NONE', #3701, #654, #2756, .T. ) ;
#2888 = ORIENTED_EDGE ( 'NONE', *, *, #1349, .T. ) ;
#2889 =( NAMED_UNIT ( * ) PLANE_ANGLE_UNIT ( ) SI_UNIT ( $, .RADIAN. ) );
#2890 = PRESENTATION_LAYER_ASSIGNMENT (  '', '', ( #2621 ) ) ;
#2891 = VECTOR ( 'NONE', #1643, 1000.000000000000227 ) ;
#2892 = SURFACE_SIDE_STYLE ('',( #2023 ) ) ;
#2893 = DIRECTION ( 'NONE',  ( 0.0000000000000000000, 0.8326902705830219187, -0.5537390299377259462 ) ) ;
#2894 = ORIENTED_EDGE ( 'NONE', *, *, #4740, .T. ) ;
#2895 = PRESENTATION_LAYER_ASSIGNMENT (  '', '', ( #4454 ) ) ;
#2896 = PLANE ( 'NONE',  #4549 ) ;
#2897 =( LENGTH_UNIT ( ) NAMED_UNIT ( * ) SI_UNIT ( .MILLI., .METRE. ) );
#2898 = CARTESIAN_POINT ( 'NONE',  ( 2.155000000000000693, 1.379999999999941052, 3.037721543909709609 ) ) ;
#2899 = CARTESIAN_POINT ( 'NONE',  ( 3.174999999999999822, -0.6897854548132908992, 0.0000000000000000000 ) ) ;
#2900 = ORIENTED_EDGE ( 'NONE', *, *, #4844, .T. ) ;
#2901 = PRESENTATION_STYLE_ASSIGNMENT (( #1710 ) ) ;
#2902 = DIRECTION ( 'NONE',  ( 0.0000000000000000000, 1.000000000000000000, -0.0000000000000000000 ) ) ;
#2903 = AXIS2_PLACEMENT_3D ( 'NONE', #1374, #2640, #2296 ) ;
#2904 = ORIENTED_EDGE ( 'NONE', *, *, #708, .F. ) ;
#2905 = MANIFOLD_SOLID_BREP ( 'Cut-Extrude2[3]', #2195 ) ;
#2906 =( NAMED_UNIT ( * ) PLANE_ANGLE_UNIT ( ) SI_UNIT ( $, .RADIAN. ) );
#2907 = DIRECTION ( 'NONE',  ( 0.0000000000000000000, 0.0000000000000000000, 1.000000000000000000 ) ) ;
#2908 = ORIENTED_EDGE ( 'NONE', *, *, #3718, .F. ) ;
#2909 =( NAMED_UNIT ( * ) PLANE_ANGLE_UNIT ( ) SI_UNIT ( $, .RADIAN. ) );
#2910 = SURFACE_STYLE_FILL_AREA ( #4336 ) ;
#2911 = EDGE_LOOP ( 'NONE', ( #3003, #4447, #2904, #699 ) ) ;
#2912 = CARTESIAN_POINT ( 'NONE',  ( 0.6349999999999996758, 1.379999999999940830, 3.803592672549160891 ) ) ;
#2913 = EDGE_CURVE ( 'NONE', #1434, #2981, #3513, .T. ) ;
#2914 = CARTESIAN_POINT ( 'NONE',  ( -1.905000000000000471, 1.179999999999940874, 3.037721543909709165 ) ) ;
#2915 = COLOUR_RGB ( '',1.000000000000000000, 1.000000000000000000, 1.000000000000000000 ) ;
#2916 = PRESENTATION_LAYER_ASSIGNMENT (  '', '', ( #333 ) ) ;
#2917 = FILL_AREA_STYLE ('',( #2093 ) ) ;
#2918 = LINE ( 'NONE', #4113, #890 ) ;
#2919 = EDGE_CURVE ( 'NONE', #3371, #4498, #2954, .T. ) ;
#2920 = CARTESIAN_POINT ( 'NONE',  ( 3.174999999999999822, 1.279999999999940963, -3.049999999999999822 ) ) ;
#2921 =( LENGTH_UNIT ( ) NAMED_UNIT ( * ) SI_UNIT ( .MILLI., .METRE. ) );
#2922 = STYLED_ITEM ( 'NONE', ( #939 ), #547 ) ;
#2923 = SURFACE_SIDE_STYLE ('',( #2453 ) ) ;
#2924 = VECTOR ( 'NONE', #4333, 1000.000000000000114 ) ;
#2925 = ORIENTED_EDGE ( 'NONE', *, *, #1046, .T. ) ;
#2926 =( LENGTH_UNIT ( ) NAMED_UNIT ( * ) SI_UNIT ( .MILLI., .METRE. ) );
#2927 = DIRECTION ( 'NONE',  ( 0.0000000000000000000, -0.1218693434051535129, 0.9925461516413213170 ) ) ;
#2928 = ADVANCED_FACE ( 'NONE', ( #4651 ), #3565, .F. ) ;
#2929 = ORIENTED_EDGE ( 'NONE', *, *, #4267, .F. ) ;
#2930 =( NAMED_UNIT ( * ) SI_UNIT ( $, .STERADIAN. ) SOLID_ANGLE_UNIT ( ) );
#2931 = SURFACE_STYLE_FILL_AREA ( #1870 ) ;
#2932 = ORIENTED_EDGE ( 'NONE', *, *, #1420, .T. ) ;
#2933 = STYLED_ITEM ( 'NONE', ( #4628 ), #1116 ) ;
#2934 = LINE ( 'NONE', #2898, #4049 ) ;
#2935 = SURFACE_STYLE_FILL_AREA ( #2668 ) ;
#2936 = LINE ( 'NONE', #928, #4104 ) ;
#2937 = SURFACE_STYLE_FILL_AREA ( #4836 ) ;
#2938 = VECTOR ( 'NONE', #40, 1000.000000000000000 ) ;
#2939 = EDGE_CURVE ( 'NONE', #3731, #2603, #1204, .T. ) ;
#2940 =( LENGTH_UNIT ( ) NAMED_UNIT ( * ) SI_UNIT ( .MILLI., .METRE. ) );
#2941 = DIRECTION ( 'NONE',  ( 1.000000000000000000, 0.0000000000000000000, 0.0000000000000000000 ) ) ;
#2942 = ORIENTED_EDGE ( 'NONE', *, *, #4603, .T. ) ;
#2943 = VECTOR ( 'NONE', #3900, 1000.000000000000000 ) ;
#2944 = VECTOR ( 'NONE', #458, 1000.000000000000114 ) ;
#2945 = ORIENTED_EDGE ( 'NONE', *, *, #113, .F. ) ;
#2946 = CARTESIAN_POINT ( 'NONE',  ( 2.155000000000000693, 1.179999999999940874, 3.037721543909708721 ) ) ;
#2947 = EDGE_CURVE ( 'NONE', #3899, #3371, #4293, .T. ) ;
#2948 = SURFACE_SIDE_STYLE ('',( #4814 ) ) ;
#2949 = VECTOR ( 'NONE', #4352, 999.9999999999998863 ) ;
#2950 = DIRECTION ( 'NONE',  ( 0.0000000000000000000, -0.8326902705830219187, -0.5537390299377259462 ) ) ;
#2951 =( GEOMETRIC_REPRESENTATION_CONTEXT ( 3 ) GLOBAL_UNCERTAINTY_ASSIGNED_CONTEXT ( ( #2808 ) ) GLOBAL_UNIT_ASSIGNED_CONTEXT ( ( #4867, #2530, #2930 ) ) REPRESENTATION_CONTEXT ( 'NONE', 'WORKASPACE' ) );
#2952 = VERTEX_POINT ( 'NONE', #3687 ) ;
#2953 = DIRECTION ( 'NONE',  ( 0.0000000000000000000, 0.0000000000000000000, -1.000000000000000000 ) ) ;
#2954 = LINE ( 'NONE', #4696, #2464 ) ;
#2955 =( GEOMETRIC_REPRESENTATION_CONTEXT ( 3 ) GLOBAL_UNCERTAINTY_ASSIGNED_CONTEXT ( ( #3449 ) ) GLOBAL_UNIT_ASSIGNED_CONTEXT ( ( #657, #3318, #267 ) ) REPRESENTATION_CONTEXT ( 'NONE', 'WORKASPACE' ) );
#2956 = ADVANCED_FACE ( 'NONE', ( #1279 ), #3702, .T. ) ;
#2957 = MECHANICAL_DESIGN_GEOMETRIC_PRESENTATION_REPRESENTATION (  '', ( #993 ), #4945 ) ;
#2958 = DIRECTION ( 'NONE',  ( -5.611215154610858790E-17, 1.000000000000000000, 0.0000000000000000000 ) ) ;
#2959 = PLANE ( 'NONE',  #1362 ) ;
#2960 = VERTEX_POINT ( 'NONE', #4086 ) ;
#2961 = COLOUR_RGB ( '',1.000000000000000000, 1.000000000000000000, 1.000000000000000000 ) ;
#2962 = PRESENTATION_LAYER_ASSIGNMENT (  '', '', ( #1027 ) ) ;
#2963 = ORIENTED_EDGE ( 'NONE', *, *, #4740, .F. ) ;
#2964 = VECTOR ( 'NONE', #3943, 1000.000000000000227 ) ;
#2965 = DIRECTION ( 'NONE',  ( -1.000000000000000000, -0.0000000000000000000, -0.0000000000000000000 ) ) ;
#2966 =( NAMED_UNIT ( * ) PLANE_ANGLE_UNIT ( ) SI_UNIT ( $, .RADIAN. ) );
#2967 = ORIENTED_EDGE ( 'NONE', *, *, #4207, .F. ) ;
#2968 = SURFACE_SIDE_STYLE ('',( #2641 ) ) ;
#2969 = PRESENTATION_STYLE_ASSIGNMENT (( #363 ) ) ;
#2970 = EDGE_CURVE ( 'NONE', #839, #756, #1597, .T. ) ;
#2971 = PRESENTATION_LAYER_ASSIGNMENT (  '', '', ( #1953 ) ) ;
#2972 = DIRECTION ( 'NONE',  ( 2.244486061844343516E-16, -1.000000000000000000, 0.0000000000000000000 ) ) ;
#2973 = COLOUR_RGB ( '',1.000000000000000000, 1.000000000000000000, 1.000000000000000000 ) ;
#2974 = ORIENTED_EDGE ( 'NONE', *, *, #3884, .F. ) ;
#2975 = LINE ( 'NONE', #550, #4796 ) ;
#2976 = FILL_AREA_STYLE ('',( #1432 ) ) ;
#2977 = UNCERTAINTY_MEASURE_WITH_UNIT (LENGTH_MEASURE( 1.000000000000000082E-05 ), #2227, 'distance_accuracy_value', 'NONE');
#2978 = SURFACE_SIDE_STYLE ('',( #2862 ) ) ;
#2979 =( NAMED_UNIT ( * ) PLANE_ANGLE_UNIT ( ) SI_UNIT ( $, .RADIAN. ) );
#2980 = VECTOR ( 'NONE', #4202, 1000.000000000000000 ) ;
#2981 = VERTEX_POINT ( 'NONE', #4414 ) ;
#2982 = SURFACE_SIDE_STYLE ('',( #4568 ) ) ;
#2983 = PRESENTATION_LAYER_ASSIGNMENT (  '', '', ( #1961 ) ) ;
#2984 = DIRECTION ( 'NONE',  ( 0.0000000000000000000, 0.0000000000000000000, -1.000000000000000000 ) ) ;
#2985 = SURFACE_STYLE_USAGE ( .BOTH. , #4914 ) ;
#2986 = ADVANCED_FACE ( 'NONE', ( #2232 ), #2841, .F. ) ;
#2987 = DIRECTION ( 'NONE',  ( -1.000000000000000000, -0.0000000000000000000, 0.0000000000000000000 ) ) ;
#2988 = EDGE_LOOP ( 'NONE', ( #629, #2845, #735, #2543 ) ) ;
#2989 = SURFACE_STYLE_USAGE ( .BOTH. , #2636 ) ;
#2990 = EDGE_CURVE ( 'NONE', #2311, #4654, #678, .T. ) ;
#2991 = VERTEX_POINT ( 'NONE', #3736 ) ;
#2992 = STYLED_ITEM ( 'NONE', ( #827 ), #4659 ) ;
#2993 =( LENGTH_UNIT ( ) NAMED_UNIT ( * ) SI_UNIT ( .MILLI., .METRE. ) );
#2994 = VERTEX_POINT ( 'NONE', #3786 ) ;
#2995 = CARTESIAN_POINT ( 'NONE',  ( 2.665000000000000924, -5.981555354815177937E-16, -5.180000000000001492 ) ) ;
#2996 = PRESENTATION_STYLE_ASSIGNMENT (( #4171 ) ) ;
#2997 = STYLED_ITEM ( 'NONE', ( #2627 ), #971 ) ;
#2998 = ORIENTED_EDGE ( 'NONE', *, *, #1915, .F. ) ;
#2999 = COLOUR_RGB ( '',0.7921568627450980005, 0.8196078431372548767, 0.9333333333333333481 ) ;
#3000 = FACE_OUTER_BOUND ( 'NONE', #948, .T. ) ;
#3001 = PLANE ( 'NONE',  #1328 ) ;
#3002 = VECTOR ( 'NONE', #3512, 1000.000000000000000 ) ;
#3003 = ORIENTED_EDGE ( 'NONE', *, *, #2184, .T. ) ;
#3004 =( LENGTH_UNIT ( ) NAMED_UNIT ( * ) SI_UNIT ( .MILLI., .METRE. ) );
#3005 = CARTESIAN_POINT ( 'NONE',  ( -1.905000000000000471, 0.0000000000000000000, 5.768133747539269525E-16 ) ) ;
#3006 = UNCERTAINTY_MEASURE_WITH_UNIT (LENGTH_MEASURE( 1.000000000000000082E-05 ), #2044, 'distance_accuracy_value', 'NONE');
#3007 = SURFACE_SIDE_STYLE ('',( #4058 ) ) ;
#3008 = DIRECTION ( 'NONE',  ( 0.0000000000000000000, 0.0000000000000000000, -1.000000000000000000 ) ) ;
#3009 = STYLED_ITEM ( 'NONE', ( #359 ), #1626 ) ;
#3010 = FILL_AREA_STYLE ('',( #662 ) ) ;
#3011 = ORIENTED_EDGE ( 'NONE', *, *, #3519, .F. ) ;
#3012 = ADVANCED_FACE ( 'NONE', ( #3206 ), #2616, .F. ) ;
#3013 = EDGE_CURVE ( 'NONE', #1551, #4346, #328, .T. ) ;
#3014 = CARTESIAN_POINT ( 'NONE',  ( -2.665000000000000480, -3.229785454813289824, 4.980000000000001315 ) ) ;
#3015 = CARTESIAN_POINT ( 'NONE',  ( 1.905000000000000027, 1.379999999999940830, 3.803592672549160447 ) ) ;
#3016 = DIRECTION ( 'NONE',  ( 0.0000000000000000000, -1.000000000000000000, -2.877422278584525882E-16 ) ) ;
#3017 = VERTEX_POINT ( 'NONE', #2420 ) ;
#3018 = PRESENTATION_LAYER_ASSIGNMENT (  '', '', ( #4733 ) ) ;
#3019 = DIRECTION ( 'NONE',  ( -0.0000000000000000000, -0.0000000000000000000, 1.000000000000000000 ) ) ;
#3020 = FILL_AREA_STYLE ('',( #334 ) ) ;
#3021 = EDGE_CURVE ( 'NONE', #3189, #1381, #2057, .T. ) ;
#3022 = DIRECTION ( 'NONE',  ( -0.6398927117843705714, 0.6398927117843772328, 0.4255286533366236523 ) ) ;
#3023 = ORIENTED_EDGE ( 'NONE', *, *, #339, .T. ) ;
#3024 = MECHANICAL_DESIGN_GEOMETRIC_PRESENTATION_REPRESENTATION (  '', ( #1997 ), #298 ) ;
#3025 = VECTOR ( 'NONE', #3323, 1000.000000000000000 ) ;
#3026 =( GEOMETRIC_REPRESENTATION_CONTEXT ( 3 ) GLOBAL_UNCERTAINTY_ASSIGNED_CONTEXT ( ( #4339 ) ) GLOBAL_UNIT_ASSIGNED_CONTEXT ( ( #2788, #514, #4343 ) ) REPRESENTATION_CONTEXT ( 'NONE', 'WORKASPACE' ) );
#3027 = VERTEX_POINT ( 'NONE', #2365 ) ;
#3028 = LINE ( 'NONE', #123, #4360 ) ;
#3029 = CARTESIAN_POINT ( 'NONE',  ( -1.905000000000000471, 1.379999999999941052, 3.037721543909710054 ) ) ;
#3030 = DIRECTION ( 'NONE',  ( -1.000000000000000000, -0.0000000000000000000, 0.0000000000000000000 ) ) ;
#3031 = ORIENTED_EDGE ( 'NONE', *, *, #1752, .F. ) ;
#3032 = LINE ( 'NONE', #2995, #2770 ) ;
#3033 = SURFACE_SIDE_STYLE ('',( #3356 ) ) ;
#3034 =( NAMED_UNIT ( * ) PLANE_ANGLE_UNIT ( ) SI_UNIT ( $, .RADIAN. ) );
#3035 = ADVANCED_FACE ( 'NONE', ( #1024 ), #146, .F. ) ;
#3036 = LINE ( 'NONE', #1148, #4428 ) ;
#3037 = ORIENTED_EDGE ( 'NONE', *, *, #2247, .F. ) ;
#3038 = CARTESIAN_POINT ( 'NONE',  ( -0.6350000000000001199, 1.279999999999940963, 3.050000000000000266 ) ) ;
#3039 = VECTOR ( 'NONE', #632, 1000.000000000000000 ) ;
#3040 = LINE ( 'NONE', #1293, #1043 ) ;
#3041 = ORIENTED_EDGE ( 'NONE', *, *, #112, .F. ) ;
#3042 = EDGE_CURVE ( 'NONE', #842, #3901, #2506, .T. ) ;
#3043 = AXIS2_PLACEMENT_3D ( 'NONE', #3260, #4853, #3705 ) ;
#3044 = SURFACE_STYLE_FILL_AREA ( #3459 ) ;
#3045 = ORIENTED_EDGE ( 'NONE', *, *, #1636, .F. ) ;
#3046 =( LENGTH_UNIT ( ) NAMED_UNIT ( * ) SI_UNIT ( .MILLI., .METRE. ) );
#3047 = EDGE_CURVE ( 'NONE', #4611, #2693, #1400, .T. ) ;
#3048 = FILL_AREA_STYLE ('',( #1160 ) ) ;
#3049 = SURFACE_STYLE_USAGE ( .BOTH. , #4950 ) ;
#3050 = PRODUCT_DEFINITION_CONTEXT ( 'detailed design', #4062, 'design' ) ;
#3051 = AXIS2_PLACEMENT_3D ( 'NONE', #1975, #3443, #4629 ) ;
#3052 = CARTESIAN_POINT ( 'NONE',  ( -2.155000000000000693, 0.0000000000000000000, -4.481107327450825295 ) ) ;
#3053 = SURFACE_STYLE_USAGE ( .BOTH. , #3870 ) ;
#3054 = ORIENTED_EDGE ( 'NONE', *, *, #3484, .T. ) ;
#3055 = VERTEX_POINT ( 'NONE', #2794 ) ;
#3056 = EDGE_CURVE ( 'NONE', #1861, #2991, #1589, .T. ) ;
#3057 = CARTESIAN_POINT ( 'NONE',  ( -1.905000000000000471, 1.179999999999940874, 3.037721543909709165 ) ) ;
#3058 = SURFACE_SIDE_STYLE ('',( #3916 ) ) ;
#3059 =( GEOMETRIC_REPRESENTATION_CONTEXT ( 3 ) GLOBAL_UNCERTAINTY_ASSIGNED_CONTEXT ( ( #3148 ) ) GLOBAL_UNIT_ASSIGNED_CONTEXT ( ( #3911, #2307, #425 ) ) REPRESENTATION_CONTEXT ( 'NONE', 'WORKASPACE' ) );
#3060 = VECTOR ( 'NONE', #153, 1000.000000000000114 ) ;
#3061 = PRESENTATION_STYLE_ASSIGNMENT (( #2024 ) ) ;
#3062 = DIRECTION ( 'NONE',  ( 0.0000000000000000000, 0.0000000000000000000, 1.000000000000000000 ) ) ;
#3063 = UNCERTAINTY_MEASURE_WITH_UNIT (LENGTH_MEASURE( 1.000000000000000082E-05 ), #2382, 'distance_accuracy_value', 'NONE');
#3064 = CARTESIAN_POINT ( 'NONE',  ( -2.155000000000000693, 0.0000000000000000000, -5.180000000000001492 ) ) ;
#3065 = DIRECTION ( 'NONE',  ( 0.0000000000000000000, 0.9925461516413223162, -0.1218693434051450475 ) ) ;
#3066 = AXIS2_PLACEMENT_3D ( 'NONE', #847, #4331, #3544 ) ;
#3067 = LINE ( 'NONE', #2823, #844 ) ;
#3068 = VECTOR ( 'NONE', #3381, 1000.000000000000000 ) ;
#3069 = DIRECTION ( 'NONE',  ( 0.0000000000000000000, 0.0000000000000000000, 1.000000000000000000 ) ) ;
#3070 = ORIENTED_EDGE ( 'NONE', *, *, #3326, .T. ) ;
#3071 = PLANE ( 'NONE',  #4157 ) ;
#3072 = PLANE ( 'NONE',  #1939 ) ;
#3073 = EDGE_CURVE ( 'NONE', #4246, #2354, #435, .T. ) ;
#3074 = CARTESIAN_POINT ( 'NONE',  ( -1.905000000000000471, -0.6897854548132908992, 5.180000000000001492 ) ) ;
#3075 = AXIS2_PLACEMENT_3D ( 'NONE', #1758, #4434, #3299 ) ;
#3076 = ORIENTED_EDGE ( 'NONE', *, *, #2913, .T. ) ;
#3077 = FILL_AREA_STYLE_COLOUR ( '', #4621 ) ;
#3078 = FILL_AREA_STYLE_COLOUR ( '', #325 ) ;
#3079 =( NAMED_UNIT ( * ) SI_UNIT ( $, .STERADIAN. ) SOLID_ANGLE_UNIT ( ) );
#3080 = VERTEX_POINT ( 'NONE', #3958 ) ;
#3081 = CARTESIAN_POINT ( 'NONE',  ( -3.175000000000000266, -0.6897854548132907881, -5.180000000000001492 ) ) ;
#3082 = VECTOR ( 'NONE', #3292, 1000.000000000000114 ) ;
#3083 =( GEOMETRIC_REPRESENTATION_CONTEXT ( 3 ) GLOBAL_UNCERTAINTY_ASSIGNED_CONTEXT ( ( #3529 ) ) GLOBAL_UNIT_ASSIGNED_CONTEXT ( ( #1288, #2811, #2777 ) ) REPRESENTATION_CONTEXT ( 'NONE', 'WORKASPACE' ) );
#3084 =( NAMED_UNIT ( * ) PLANE_ANGLE_UNIT ( ) SI_UNIT ( $, .RADIAN. ) );
#3085 = EDGE_LOOP ( 'NONE', ( #3551, #2287, #4225, #511, #2412, #3168 ) ) ;
#3086 = FACE_OUTER_BOUND ( 'NONE', #3964, .T. ) ;
#3087 = DIRECTION ( 'NONE',  ( -1.000000000000000000, 0.0000000000000000000, -0.0000000000000000000 ) ) ;
#3088 = EDGE_CURVE ( 'NONE', #4832, #1064, #4243, .T. ) ;
#3089 = VERTEX_POINT ( 'NONE', #2041 ) ;
#3090 = VECTOR ( 'NONE', #405, 1000.000000000000000 ) ;
#3091 =( NAMED_UNIT ( * ) SI_UNIT ( $, .STERADIAN. ) SOLID_ANGLE_UNIT ( ) );
#3092 =( GEOMETRIC_REPRESENTATION_CONTEXT ( 3 ) GLOBAL_UNCERTAINTY_ASSIGNED_CONTEXT ( ( #400 ) ) GLOBAL_UNIT_ASSIGNED_CONTEXT ( ( #2816, #3576, #4774 ) ) REPRESENTATION_CONTEXT ( 'NONE', 'WORKASPACE' ) );
#3093 = SURFACE_STYLE_USAGE ( .BOTH. , #420 ) ;
#3094 = ORIENTED_EDGE ( 'NONE', *, *, #640, .F. ) ;
#3095 = VECTOR ( 'NONE', #4616, 1000.000000000000114 ) ;
#3096 = DIRECTION ( 'NONE',  ( -1.000000000000000000, -0.0000000000000000000, 0.0000000000000000000 ) ) ;
#3097 = SURFACE_SIDE_STYLE ('',( #4784 ) ) ;
#3098 = VECTOR ( 'NONE', #3175, 1000.000000000000000 ) ;
#3099 =( NAMED_UNIT ( * ) PLANE_ANGLE_UNIT ( ) SI_UNIT ( $, .RADIAN. ) );
#3100 = VERTEX_POINT ( 'NONE', #921 ) ;
#3101 =( NAMED_UNIT ( * ) PLANE_ANGLE_UNIT ( ) SI_UNIT ( $, .RADIAN. ) );
#3102 = COLOUR_RGB ( '',0.7921568627450980005, 0.8196078431372548767, 0.9333333333333333481 ) ;
#3103 = SURFACE_STYLE_USAGE ( .BOTH. , #439 ) ;
#3104 = COLOUR_RGB ( '',1.000000000000000000, 1.000000000000000000, 1.000000000000000000 ) ;
#3105 =( NAMED_UNIT ( * ) SI_UNIT ( $, .STERADIAN. ) SOLID_ANGLE_UNIT ( ) );
#3106 = MECHANICAL_DESIGN_GEOMETRIC_PRESENTATION_REPRESENTATION (  '', ( #4919 ), #3372 ) ;
#3107 = FILL_AREA_STYLE_COLOUR ( '', #3446 ) ;
#3108 = ORIENTED_EDGE ( 'NONE', *, *, #3909, .F. ) ;
#3109 = FILL_AREA_STYLE_COLOUR ( '', #1247 ) ;
#3110 = VERTEX_POINT ( 'NONE', #489 ) ;
#3111 = DIRECTION ( 'NONE',  ( -0.0000000000000000000, -0.0000000000000000000, 1.000000000000000000 ) ) ;
#3112 = AXIS2_PLACEMENT_3D ( 'NONE', #2738, #846, #817 ) ;
#3113 = CARTESIAN_POINT ( 'NONE',  ( -1.029565058872992322, 0.8304556750353103700, -3.928854303552327121 ) ) ;
#3114 = FILL_AREA_STYLE ('',( #502 ) ) ;
#3115 = LINE ( 'NONE', #3236, #4442 ) ;
#3116 = COLOUR_RGB ( '',1.000000000000000000, 1.000000000000000000, 1.000000000000000000 ) ;
#3117 = ORIENTED_EDGE ( 'NONE', *, *, #4415, .T. ) ;
#3118 = EDGE_CURVE ( 'NONE', #2693, #1723, #4111, .T. ) ;
#3119 = DIRECTION ( 'NONE',  ( 1.000000000000000000, 0.0000000000000000000, -1.066865606381800214E-16 ) ) ;
#3120 =( NAMED_UNIT ( * ) SI_UNIT ( $, .STERADIAN. ) SOLID_ANGLE_UNIT ( ) );
#3121 = EDGE_LOOP ( 'NONE', ( #4071, #902, #2357, #3328, #1781, #1743 ) ) ;
#3122 = COLOUR_RGB ( '',1.000000000000000000, 1.000000000000000000, 1.000000000000000000 ) ;
#3123 = COLOUR_RGB ( '',1.000000000000000000, 1.000000000000000000, 1.000000000000000000 ) ;
#3124 = ORIENTED_EDGE ( 'NONE', *, *, #2403, .T. ) ;
#3125 = MECHANICAL_DESIGN_GEOMETRIC_PRESENTATION_REPRESENTATION (  '', ( #456 ), #1121 ) ;
#3126 =( NAMED_UNIT ( * ) SI_UNIT ( $, .STERADIAN. ) SOLID_ANGLE_UNIT ( ) );
#3127 = CARTESIAN_POINT ( 'NONE',  ( -1.905000000000000471, 1.379999999999941052, -3.037721543909710054 ) ) ;
#3128 = ORIENTED_EDGE ( 'NONE', *, *, #2184, .F. ) ;
#3129 = VECTOR ( 'NONE', #3753, 1000.000000000000114 ) ;
#3130 = PRESENTATION_STYLE_ASSIGNMENT (( #1784 ) ) ;
#3131 = AXIS2_PLACEMENT_3D ( 'NONE', #1488, #3016, #4197 ) ;
#3132 = MECHANICAL_DESIGN_GEOMETRIC_PRESENTATION_REPRESENTATION (  '', ( #2439 ), #244 ) ;
#3133 = VECTOR ( 'NONE', #434, 1000.000000000000000 ) ;
#3134 =( LENGTH_UNIT ( ) NAMED_UNIT ( * ) SI_UNIT ( .MILLI., .METRE. ) );
#3135 = VECTOR ( 'NONE', #2150, 1000.000000000000000 ) ;
#3136 = CARTESIAN_POINT ( 'NONE',  ( -2.665000000000000924, -1.297579787036334587, -5.180000000000001492 ) ) ;
#3137 = CARTESIAN_POINT ( 'NONE',  ( 0.2049999999999999878, -0.7502145451867079373, 4.980000000000000426 ) ) ;
#3138 = SURFACE_STYLE_USAGE ( .BOTH. , #485 ) ;
#3139 = SURFACE_STYLE_FILL_AREA ( #3554 ) ;
#3140 = PRESENTATION_STYLE_ASSIGNMENT (( #2125 ) ) ;
#3141 = ORIENTED_EDGE ( 'NONE', *, *, #4768, .F. ) ;
#3142 = DIRECTION ( 'NONE',  ( 1.000000000000000000, 0.0000000000000000000, 0.0000000000000000000 ) ) ;
#3143 = COLOUR_RGB ( '',1.000000000000000000, 1.000000000000000000, 1.000000000000000000 ) ;
#3144 = UNCERTAINTY_MEASURE_WITH_UNIT (LENGTH_MEASURE( 1.000000000000000082E-05 ), #2993, 'distance_accuracy_value', 'NONE');
#3145 =( LENGTH_UNIT ( ) NAMED_UNIT ( * ) SI_UNIT ( .MILLI., .METRE. ) );
#3146 = EDGE_LOOP ( 'NONE', ( #538, #2425, #1687, #2531 ) ) ;
#3147 = STYLED_ITEM ( 'NONE', ( #2253 ), #2183 ) ;
#3148 = UNCERTAINTY_MEASURE_WITH_UNIT (LENGTH_MEASURE( 1.000000000000000082E-05 ), #3911, 'distance_accuracy_value', 'NONE');
#3149 = ORIENTED_EDGE ( 'NONE', *, *, #1045, .F. ) ;
#3150 = AXIS2_PLACEMENT_3D ( 'NONE', #3415, #4254, #4963 ) ;
#3151 = EDGE_CURVE ( 'NONE', #1172, #839, #3757, .T. ) ;
#3152 = CARTESIAN_POINT ( 'NONE',  ( -1.905000000000000471, 1.179999999999940652, 3.696407327450841329 ) ) ;
#3153 = DIRECTION ( 'NONE',  ( 0.0000000000000000000, 0.0000000000000000000, -1.000000000000000000 ) ) ;
#3154 = UNCERTAINTY_MEASURE_WITH_UNIT (LENGTH_MEASURE( 1.000000000000000082E-05 ), #3406, 'distance_accuracy_value', 'NONE');
#3155 = ORIENTED_EDGE ( 'NONE', *, *, #2879, .T. ) ;
#3156 = CARTESIAN_POINT ( 'NONE',  ( 1.905000000000000027, -0.2500000000000033862, 0.0000000000000000000 ) ) ;
#3157 = CARTESIAN_POINT ( 'NONE',  ( -2.254999999999999893, -1.297579787036334587, -4.980000000000001315 ) ) ;
#3158 = EDGE_CURVE ( 'NONE', #4503, #4365, #738, .T. ) ;
#3159 = ORIENTED_EDGE ( 'NONE', *, *, #1343, .F. ) ;
#3160 =( GEOMETRIC_REPRESENTATION_CONTEXT ( 3 ) GLOBAL_UNCERTAINTY_ASSIGNED_CONTEXT ( ( #2239 ) ) GLOBAL_UNIT_ASSIGNED_CONTEXT ( ( #2180, #2209, #3385 ) ) REPRESENTATION_CONTEXT ( 'NONE', 'WORKASPACE' ) );
#3161 = PLANE ( 'NONE',  #4245 ) ;
#3162 = ORIENTED_EDGE ( 'NONE', *, *, #4806, .F. ) ;
#3163 = FACE_OUTER_BOUND ( 'NONE', #2326, .T. ) ;
#3164 = AXIS2_PLACEMENT_3D ( 'NONE', #4721, #3956, #3153 ) ;
#3165 =( LENGTH_UNIT ( ) NAMED_UNIT ( * ) SI_UNIT ( .MILLI., .METRE. ) );
#3166 = ADVANCED_FACE ( 'NONE', ( #3384 ), #470, .T. ) ;
#3167 = COLOUR_RGB ( '',0.2509803921568627416, 0.2509803921568627416, 0.2509803921568627416 ) ;
#3168 = ORIENTED_EDGE ( 'NONE', *, *, #2151, .T. ) ;
#3169 = DIRECTION ( 'NONE',  ( 0.0000000000000000000, 0.0000000000000000000, -1.000000000000000000 ) ) ;
#3170 = LINE ( 'NONE', #1325, #2142 ) ;
#3171 = SURFACE_STYLE_FILL_AREA ( #2257 ) ;
#3172 = DIRECTION ( 'NONE',  ( 0.0000000000000000000, 0.1218693434051450475, -0.9925461516413223162 ) ) ;
#3173 = CARTESIAN_POINT ( 'NONE',  ( 0.6349999999999996758, -0.6897854548132907881, -5.180000000000000604 ) ) ;
#3174 = AXIS2_PLACEMENT_3D ( 'NONE', #513, #138, #121 ) ;
#3175 = DIRECTION ( 'NONE',  ( -1.000000000000000000, -0.0000000000000000000, -0.0000000000000000000 ) ) ;
#3176 = FACE_OUTER_BOUND ( 'NONE', #65, .T. ) ;
#3177 = CARTESIAN_POINT ( 'NONE',  ( -3.175000000000000266, 1.379999999999940830, 3.803592672549160891 ) ) ;
#3178 = SURFACE_STYLE_USAGE ( .BOTH. , #464 ) ;
#3179 =( NAMED_UNIT ( * ) SI_UNIT ( $, .STERADIAN. ) SOLID_ANGLE_UNIT ( ) );
#3180 = UNCERTAINTY_MEASURE_WITH_UNIT (LENGTH_MEASURE( 1.000000000000000082E-05 ), #2807, 'distance_accuracy_value', 'NONE');
#3181 = FACE_OUTER_BOUND ( 'NONE', #4539, .T. ) ;
#3182 = EDGE_LOOP ( 'NONE', ( #4847, #2050, #3011, #1216, #285, #3891, #88 ) ) ;
#3183 = CARTESIAN_POINT ( 'NONE',  ( 1.617019798726724522, 0.6982751679702376979, 4.016754340750603447 ) ) ;
#3184 = PRESENTATION_LAYER_ASSIGNMENT (  '', '', ( #4833 ) ) ;
#3185 = FILL_AREA_STYLE ('',( #546 ) ) ;
#3186 = SURFACE_STYLE_USAGE ( .BOTH. , #1251 ) ;
#3187 = VERTEX_POINT ( 'NONE', #2336 ) ;
#3188 = CARTESIAN_POINT ( 'NONE',  ( 4.229253938251055445, 0.5666254636039942394, -4.104301394154157734 ) ) ;
#3189 = VERTEX_POINT ( 'NONE', #4653 ) ;
#3190 = CARTESIAN_POINT ( 'NONE',  ( -3.175000000000000266, 1.379999999999941052, -3.037721543909710054 ) ) ;
#3191 = EDGE_CURVE ( 'NONE', #2802, #895, #1531, .T. ) ;
#3192 = SURFACE_STYLE_USAGE ( .BOTH. , #1613 ) ;
#3193 = CARTESIAN_POINT ( 'NONE',  ( 3.175000000000000266, -0.6897854548132905661, -4.939814654901676150 ) ) ;
#3194 = COLOUR_RGB ( '',1.000000000000000000, 1.000000000000000000, 1.000000000000000000 ) ;
#3195 = LINE ( 'NONE', #4443, #1009 ) ;
#3196 = VECTOR ( 'NONE', #2192, 1000.000000000000000 ) ;
#3197 = CARTESIAN_POINT ( 'NONE',  ( -0.1828803355330499703, -1.328845383998398688, -4.980000000000000426 ) ) ;
#3198 = CARTESIAN_POINT ( 'NONE',  ( 3.174999999999999822, 1.179999999999940652, 3.696407327450840885 ) ) ;
#3199 = CARTESIAN_POINT ( 'NONE',  ( -2.254999999999999893, -3.229785454813289824, -5.180000000000001492 ) ) ;
#3200 = ADVANCED_FACE ( 'NONE', ( #4462 ), #821, .F. ) ;
#3201 = VECTOR ( 'NONE', #3119, 1000.000000000000000 ) ;
#3202 = DIRECTION ( 'NONE',  ( -0.0000000000000000000, -0.0000000000000000000, 1.000000000000000000 ) ) ;
#3203 = VECTOR ( 'NONE', #4673, 1000.000000000000000 ) ;
#3204 = VECTOR ( 'NONE', #1665, 1000.000000000000000 ) ;
#3205 = ORIENTED_EDGE ( 'NONE', *, *, #2279, .T. ) ;
#3206 = FACE_OUTER_BOUND ( 'NONE', #4461, .T. ) ;
#3208 = DIRECTION ( 'NONE',  ( 2.244486061844343516E-16, -1.000000000000000000, 0.0000000000000000000 ) ) ;
#3207 = UNCERTAINTY_MEASURE_WITH_UNIT (LENGTH_MEASURE( 1.000000000000000082E-05 ), #499, 'distance_accuracy_value', 'NONE');
#3209 = ORIENTED_EDGE ( 'NONE', *, *, #4139, .F. ) ;
#3210 = SURFACE_STYLE_USAGE ( .BOTH. , #162 ) ;
#3211 = VECTOR ( 'NONE', #1770, 1000.000000000000000 ) ;
#3212 = SURFACE_STYLE_USAGE ( .BOTH. , #2421 ) ;
#3213 = FILL_AREA_STYLE_COLOUR ( '', #2999 ) ;
#3214 = EDGE_CURVE ( 'NONE', #3711, #2864, #1822, .T. ) ;
#3215 = ORIENTED_EDGE ( 'NONE', *, *, #3751, .F. ) ;
#3216 = CARTESIAN_POINT ( 'NONE',  ( -0.6350000000000001199, 1.379999999999940830, 3.803592672549160891 ) ) ;
#3217 = SURFACE_STYLE_FILL_AREA ( #3185 ) ;
#3218 =( NAMED_UNIT ( * ) SI_UNIT ( $, .STERADIAN. ) SOLID_ANGLE_UNIT ( ) );
#3219 = VERTEX_POINT ( 'NONE', #1606 ) ;
#3220 = EDGE_CURVE ( 'NONE', #1462, #1360, #4764, .T. ) ;
#3221 = FILL_AREA_STYLE ('',( #931 ) ) ;
#3222 = DIRECTION ( 'NONE',  ( -0.0000000000000000000, -0.0000000000000000000, 1.000000000000000000 ) ) ;
#3223 = LINE ( 'NONE', #707, #2193 ) ;
#3224 = STYLED_ITEM ( 'NONE', ( #727 ), #4117 ) ;
#3225 = DIRECTION ( 'NONE',  ( -2.244486061844343516E-16, -1.000000000000000000, 0.0000000000000000000 ) ) ;
#3226 = ORIENTED_EDGE ( 'NONE', *, *, #2812, .F. ) ;
#3227 = ADVANCED_FACE ( 'NONE', ( #148 ), #4589, .T. ) ;
#3228 = SURFACE_SIDE_STYLE ('',( #1241 ) ) ;
#3229 = DIRECTION ( 'NONE',  ( -0.0000000000000000000, 0.8326902705830219187, 0.5537390299377259462 ) ) ;
#3230 = STYLED_ITEM ( 'NONE', ( #1162 ), #383 ) ;
#3231 = COLOUR_RGB ( '',1.000000000000000000, 1.000000000000000000, 1.000000000000000000 ) ;
#3232 = LINE ( 'NONE', #4185, #4493 ) ;
#3233 = EDGE_LOOP ( 'NONE', ( #101, #4231, #1387, #1906 ) ) ;
#3234 = LINE ( 'NONE', #3534, #2714 ) ;
#3235 = STYLED_ITEM ( 'NONE', ( #1683 ), #2745 ) ;
#3236 = CARTESIAN_POINT ( 'NONE',  ( -3.175000000000000266, 1.379999999999940830, -3.803592672549160891 ) ) ;
#3237 = CARTESIAN_POINT ( 'NONE',  ( 0.6349999999999996758, -0.7502145451867079373, 4.980000000000000426 ) ) ;
#3238 = VECTOR ( 'NONE', #4318, 1000.000000000000000 ) ;
#3239 = EDGE_LOOP ( 'NONE', ( #3521, #938, #4772, #536, #212 ) ) ;
#3240 = MECHANICAL_DESIGN_GEOMETRIC_PRESENTATION_REPRESENTATION (  '', ( #1705 ), #3700 ) ;
#3241 = DIRECTION ( 'NONE',  ( 2.244486061844343516E-16, -1.000000000000000000, 0.0000000000000000000 ) ) ;
#3242 = DIRECTION ( 'NONE',  ( 0.0000000000000000000, -0.5537390299377259462, -0.8326902705830219187 ) ) ;
#3243 = DIRECTION ( 'NONE',  ( 2.244486061844343516E-16, -1.000000000000000000, 0.0000000000000000000 ) ) ;
#3244 = LINE ( 'NONE', #4489, #1440 ) ;
#3245 = DIRECTION ( 'NONE',  ( -0.0000000000000000000, -0.0000000000000000000, 1.000000000000000000 ) ) ;
#3246 = PLANE ( 'NONE',  #3396 ) ;
#3247 = VECTOR ( 'NONE', #2856, 1000.000000000000000 ) ;
#3248 = LINE ( 'NONE', #2276, #4393 ) ;
#3249 = VERTEX_POINT ( 'NONE', #2694 ) ;
#3250 = AXIS2_PLACEMENT_3D ( 'NONE', #82, #440, #810 ) ;
#3251 = VERTEX_POINT ( 'NONE', #4220 ) ;
#3252 = VECTOR ( 'NONE', #4760, 1000.000000000000114 ) ;
#3253 = EDGE_LOOP ( 'NONE', ( #682, #1825, #4416, #4675 ) ) ;
#3254 = FILL_AREA_STYLE ('',( #4817 ) ) ;
#3255 = ADVANCED_FACE ( 'NONE', ( #666 ), #805, .F. ) ;
#3256 = VERTEX_POINT ( 'NONE', #4619 ) ;
#3257 = CARTESIAN_POINT ( 'NONE',  ( 1.905000000000000027, 1.179999999999940652, 3.696407327450840885 ) ) ;
#3258 = VECTOR ( 'NONE', #1120, 1000.000000000000000 ) ;
#3259 = MECHANICAL_DESIGN_GEOMETRIC_PRESENTATION_REPRESENTATION (  '', ( #1961 ), #3690 ) ;
#3260 = CARTESIAN_POINT ( 'NONE',  ( -3.175000000000000266, 0.0000000000000000000, -5.768133747539269525E-16 ) ) ;
#3261 =( NAMED_UNIT ( * ) PLANE_ANGLE_UNIT ( ) SI_UNIT ( $, .RADIAN. ) );
#3262 = VECTOR ( 'NONE', #754, 1000.000000000000114 ) ;
#3263 = EDGE_CURVE ( 'NONE', #4057, #3558, #2161, .T. ) ;
#3264 = SURFACE_STYLE_FILL_AREA ( #4020 ) ;
#3265 = PRESENTATION_LAYER_ASSIGNMENT (  '', '', ( #1814 ) ) ;
#3266 = CARTESIAN_POINT ( 'NONE',  ( 0.6349999999999996758, 1.179999999999940874, -3.037721543909709165 ) ) ;
#3267 = VERTEX_POINT ( 'NONE', #2682 ) ;
#3268 = EDGE_CURVE ( 'NONE', #217, #4353, #4290, .T. ) ;
#3269 = AXIS2_PLACEMENT_3D ( 'NONE', #772, #3845, #2670 ) ;
#3270 = SURFACE_STYLE_USAGE ( .BOTH. , #4083 ) ;
#3271 = ORIENTED_EDGE ( 'NONE', *, *, #545, .T. ) ;
#3272 = CARTESIAN_POINT ( 'NONE',  ( 3.174999999999999822, 1.279999999999940963, 3.049999999999999822 ) ) ;
#3273 = SURFACE_SIDE_STYLE ('',( #2512 ) ) ;
#3274 = COLOUR_RGB ( '',1.000000000000000000, 1.000000000000000000, 1.000000000000000000 ) ;
#3275 = DIRECTION ( 'NONE',  ( -0.5775512808318011837, 0.8163544071109961608, 0.0000000000000000000 ) ) ;
#3276 = ORIENTED_EDGE ( 'NONE', *, *, #3656, .F. ) ;
#3277 = SURFACE_STYLE_USAGE ( .BOTH. , #1753 ) ;
#3278 = VERTEX_POINT ( 'NONE', #762 ) ;
#3279 = LINE ( 'NONE', #1465, #1029 ) ;
#3280 = STYLED_ITEM ( 'NONE', ( #887 ), #1519 ) ;
#3281 = PRODUCT_CONTEXT ( 'NONE', #603, 'mechanical' ) ;
#3282 = ORIENTED_EDGE ( 'NONE', *, *, #269, .F. ) ;
#3283 = ORIENTED_EDGE ( 'NONE', *, *, #179, .T. ) ;
#3284 = MECHANICAL_DESIGN_GEOMETRIC_PRESENTATION_REPRESENTATION (  '', ( #2545 ), #703 ) ;
#3285 = SURFACE_SIDE_STYLE ('',( #2318 ) ) ;
#3286 =( NAMED_UNIT ( * ) PLANE_ANGLE_UNIT ( ) SI_UNIT ( $, .RADIAN. ) );
#3287 = DIRECTION ( 'NONE',  ( -0.0000000000000000000, 0.9925461516413212060, 0.1218693434051535129 ) ) ;
#3288 = FILL_AREA_STYLE_COLOUR ( '', #2047 ) ;
#3289 = VECTOR ( 'NONE', #4186, 1000.000000000000000 ) ;
#3290 = EDGE_CURVE ( 'NONE', #2632, #556, #3327, .T. ) ;
#3291 = ORIENTED_EDGE ( 'NONE', *, *, #3425, .F. ) ;
#3292 = DIRECTION ( 'NONE',  ( 0.0000000000000000000, -0.8326902705830219187, -0.5537390299377258351 ) ) ;
#3293 = COLOUR_RGB ( '',1.000000000000000000, 1.000000000000000000, 1.000000000000000000 ) ;
#3294 = CARTESIAN_POINT ( 'NONE',  ( -0.1828803355330499703, -1.328845383998398688, 4.980000000000000426 ) ) ;
#3295 = PRESENTATION_LAYER_ASSIGNMENT (  '', '', ( #809 ) ) ;
#3296 = VERTEX_POINT ( 'NONE', #4131 ) ;
#3297 = LINE ( 'NONE', #3553, #1622 ) ;
#3298 = EDGE_CURVE ( 'NONE', #3665, #1446, #211, .T. ) ;
#3299 = DIRECTION ( 'NONE',  ( 0.0000000000000000000, 0.0000000000000000000, 1.000000000000000000 ) ) ;
#3300 = FILL_AREA_STYLE ('',( #4874 ) ) ;
#3301 = AXIS2_PLACEMENT_3D ( 'NONE', #950, #2454, #3668 ) ;
#3302 = LINE ( 'NONE', #2663, #2486 ) ;
#3303 =( NAMED_UNIT ( * ) SI_UNIT ( $, .STERADIAN. ) SOLID_ANGLE_UNIT ( ) );
#3304 = ADVANCED_FACE ( 'NONE', ( #3759 ), #1972, .F. ) ;
#3305 = CARTESIAN_POINT ( 'NONE',  ( 1.939798254128725308, -0.7502145451867077153, -4.980000000000000426 ) ) ;
#3306 = CARTESIAN_POINT ( 'NONE',  ( -3.124293972555287180, -0.7502145451867079373, -4.980000000000000426 ) ) ;
#3307 = CARTESIAN_POINT ( 'NONE',  ( 0.2050000000000000988, -1.297579787036334587, 4.980000000000001315 ) ) ;
#3308 = VECTOR ( 'NONE', #747, 1000.000000000000000 ) ;
#3309 = ORIENTED_EDGE ( 'NONE', *, *, #1563, .F. ) ;
#3310 = ORIENTED_EDGE ( 'NONE', *, *, #4900, .F. ) ;
#3311 = FILL_AREA_STYLE_COLOUR ( '', #3293 ) ;
#3312 = SURFACE_STYLE_USAGE ( .BOTH. , #2503 ) ;
#3313 = VECTOR ( 'NONE', #1809, 1000.000000000000114 ) ;
#3314 = ORIENTED_EDGE ( 'NONE', *, *, #2058, .F. ) ;
#3315 = PRESENTATION_LAYER_ASSIGNMENT (  '', '', ( #2765 ) ) ;
#3316 = VECTOR ( 'NONE', #3062, 1000.000000000000000 ) ;
#3317 = CARTESIAN_POINT ( 'NONE',  ( 3.819430878194189916, 3.279999999999999805, 2.804430878194189791 ) ) ;
#3318 =( NAMED_UNIT ( * ) PLANE_ANGLE_UNIT ( ) SI_UNIT ( $, .RADIAN. ) );
#3319 = EDGE_CURVE ( 'NONE', #4855, #766, #2053, .T. ) ;
#3320 = DIRECTION ( 'NONE',  ( 0.0000000000000000000, 0.0000000000000000000, 1.000000000000000000 ) ) ;
#3321 = ORIENTED_EDGE ( 'NONE', *, *, #3354, .T. ) ;
#3322 = PRESENTATION_LAYER_ASSIGNMENT (  '', '', ( #2704 ) ) ;
#3323 = DIRECTION ( 'NONE',  ( -1.000000000000000000, -0.0000000000000000000, -0.0000000000000000000 ) ) ;
#3324 = UNCERTAINTY_MEASURE_WITH_UNIT (LENGTH_MEASURE( 1.000000000000000082E-05 ), #2940, 'distance_accuracy_value', 'NONE');
#3325 = LINE ( 'NONE', #3127, #1336 ) ;
#3326 = EDGE_CURVE ( 'NONE', #2328, #4513, #4408, .T. ) ;
#3327 = LINE ( 'NONE', #2562, #1201 ) ;
#3328 = ORIENTED_EDGE ( 'NONE', *, *, #776, .T. ) ;
#3329 = ADVANCED_FACE ( 'NONE', ( #3506 ), #2005, .T. ) ;
#3330 = APPLICATION_PROTOCOL_DEFINITION ( 'draft international standard', 'automotive_design', 1998, #4062 ) ;
#3331 =( GEOMETRIC_REPRESENTATION_CONTEXT ( 3 ) GLOBAL_UNCERTAINTY_ASSIGNED_CONTEXT ( ( #318 ) ) GLOBAL_UNIT_ASSIGNED_CONTEXT ( ( #3848, #2647, #726 ) ) REPRESENTATION_CONTEXT ( 'NONE', 'WORKASPACE' ) );
#3332 = PRESENTATION_STYLE_ASSIGNMENT (( #1441 ) ) ;
#3333 = CARTESIAN_POINT ( 'NONE',  ( 2.155000000000000693, 1.279999999999940963, 3.049999999999999822 ) ) ;
#3334 =( NAMED_UNIT ( * ) PLANE_ANGLE_UNIT ( ) SI_UNIT ( $, .RADIAN. ) );
#3335 = ORIENTED_EDGE ( 'NONE', *, *, #3298, .F. ) ;
#3336 = MECHANICAL_DESIGN_GEOMETRIC_PRESENTATION_REPRESENTATION (  '', ( #4219 ), #3495 ) ;
#3337 = SURFACE_STYLE_FILL_AREA ( #579 ) ;
#3338 = ORIENTED_EDGE ( 'NONE', *, *, #2484, .T. ) ;
#3339 = CARTESIAN_POINT ( 'NONE',  ( -0.2050000000000000988, -3.229785454813289824, -5.180000000000001492 ) ) ;
#3340 = STYLED_ITEM ( 'NONE', ( #3609 ), #2109 ) ;
#3341 = VERTEX_POINT ( 'NONE', #2110 ) ;
#3342 = DIRECTION ( 'NONE',  ( 0.0000000000000000000, -1.000000000000000000, -2.877422278584525882E-16 ) ) ;
#3343 = CARTESIAN_POINT ( 'NONE',  ( 1.905000000000000915, -0.2500000000000024980, 4.887542672549155753 ) ) ;
#3344 = VECTOR ( 'NONE', #4606, 1000.000000000000000 ) ;
#3345 = ORIENTED_EDGE ( 'NONE', *, *, #2919, .T. ) ;
#3346 = DIRECTION ( 'NONE',  ( 0.0000000000000000000, -0.0000000000000000000, 1.000000000000000000 ) ) ;
#3347 = STYLED_ITEM ( 'NONE', ( #1655 ), #3166 ) ;
#3348 = CARTESIAN_POINT ( 'NONE',  ( -0.6350000000000001199, 1.379999999999940830, -3.803592672549160891 ) ) ;
#3349 = ADVANCED_FACE ( 'NONE', ( #4345 ), #3902, .F. ) ;
#3350 = ORIENTED_EDGE ( 'NONE', *, *, #1395, .T. ) ;
#3351 =( NAMED_UNIT ( * ) PLANE_ANGLE_UNIT ( ) SI_UNIT ( $, .RADIAN. ) );
#3352 = DIRECTION ( 'NONE',  ( -1.000000000000000000, -0.0000000000000000000, -0.0000000000000000000 ) ) ;
#3353 = EDGE_CURVE ( 'NONE', #1108, #4043, #3936, .T. ) ;
#3354 = EDGE_CURVE ( 'NONE', #1979, #326, #2173, .T. ) ;
#3355 =( LENGTH_UNIT ( ) NAMED_UNIT ( * ) SI_UNIT ( .MILLI., .METRE. ) );
#3356 = SURFACE_STYLE_FILL_AREA ( #4966 ) ;
#3357 = VECTOR ( 'NONE', #1403, 1000.000000000000000 ) ;
#3358 = ORIENTED_EDGE ( 'NONE', *, *, #614, .T. ) ;
#3359 = CARTESIAN_POINT ( 'NONE',  ( 0.6349999999999996758, 1.379999999999941052, -3.037721543909710054 ) ) ;
#3360 = PLANE ( 'NONE',  #893 ) ;
#3361 = UNCERTAINTY_MEASURE_WITH_UNIT (LENGTH_MEASURE( 1.000000000000000082E-05 ), #1619, 'distance_accuracy_value', 'NONE');
#3362 = CARTESIAN_POINT ( 'NONE',  ( 2.665000000000000480, -3.229785454813290269, -5.180000000000001492 ) ) ;
#3363 = MECHANICAL_DESIGN_GEOMETRIC_PRESENTATION_REPRESENTATION (  '', ( #1819 ), #1671 ) ;
#3364 = ORIENTED_EDGE ( 'NONE', *, *, #3695, .F. ) ;
#3365 = CARTESIAN_POINT ( 'NONE',  ( 2.247397202648782066, -1.284377109496017910, -4.980000000000000426 ) ) ;
#3366 = SURFACE_SIDE_STYLE ('',( #3630 ) ) ;
#3367 = CARTESIAN_POINT ( 'NONE',  ( 0.2050000000000000155, 5.751495533476131091E-18, 5.180000000000001492 ) ) ;
#3368 = EDGE_LOOP ( 'NONE', ( #3159, #4683, #899, #2700 ) ) ;
#3369 = CARTESIAN_POINT ( 'NONE',  ( 3.387593434265845804, 1.232593434265855992, -3.901618038762330265 ) ) ;
#3370 = COLOUR_RGB ( '',1.000000000000000000, 1.000000000000000000, 1.000000000000000000 ) ;
#3371 = VERTEX_POINT ( 'NONE', #4216 ) ;
#3372 =( GEOMETRIC_REPRESENTATION_CONTEXT ( 3 ) GLOBAL_UNCERTAINTY_ASSIGNED_CONTEXT ( ( #3920 ) ) GLOBAL_UNIT_ASSIGNED_CONTEXT ( ( #1966, #2323, #3126 ) ) REPRESENTATION_CONTEXT ( 'NONE', 'WORKASPACE' ) );
#3373 = SURFACE_STYLE_USAGE ( .BOTH. , #2968 ) ;
#3374 =( LENGTH_UNIT ( ) NAMED_UNIT ( * ) SI_UNIT ( .MILLI., .METRE. ) );
#3375 = VECTOR ( 'NONE', #3202, 1000.000000000000000 ) ;
#3376 = ORIENTED_EDGE ( 'NONE', *, *, #3884, .T. ) ;
#3377 = SURFACE_STYLE_FILL_AREA ( #4099 ) ;
#3378 = VECTOR ( 'NONE', #4664, 1000.000000000000000 ) ;
#3379 = DIRECTION ( 'NONE',  ( -0.0000000000000000000, -0.0000000000000000000, 1.000000000000000000 ) ) ;
#3380 = ADVANCED_FACE ( 'NONE', ( #4114 ), #2205, .F. ) ;
#3381 = DIRECTION ( 'NONE',  ( -5.611215154610858790E-17, 1.000000000000000000, -0.0000000000000000000 ) ) ;
#3382 = VECTOR ( 'NONE', #4150, 1000.000000000000000 ) ;
#3383 = AXIS2_PLACEMENT_3D ( 'NONE', #3511, #2350, #93 ) ;
#3384 = FACE_OUTER_BOUND ( 'NONE', #3399, .T. ) ;
#3385 =( NAMED_UNIT ( * ) SI_UNIT ( $, .STERADIAN. ) SOLID_ANGLE_UNIT ( ) );
#3386 = ORIENTED_EDGE ( 'NONE', *, *, #4837, .F. ) ;
#3387 = CARTESIAN_POINT ( 'NONE',  ( 1.617019798726724522, 0.6982751679702376979, -4.016754340750603447 ) ) ;
#3388 = EDGE_CURVE ( 'NONE', #1949, #4498, #734, .T. ) ;
#3389 = DIRECTION ( 'NONE',  ( -2.805607577305429395E-17, 1.000000000000000000, 0.0000000000000000000 ) ) ;
#3390 = UNCERTAINTY_MEASURE_WITH_UNIT (LENGTH_MEASURE( 1.000000000000000082E-05 ), #2111, 'distance_accuracy_value', 'NONE');
#3391 = PLANE ( 'NONE',  #840 ) ;
#3392 =( GEOMETRIC_REPRESENTATION_CONTEXT ( 3 ) GLOBAL_UNCERTAINTY_ASSIGNED_CONTEXT ( ( #4623 ) ) GLOBAL_UNIT_ASSIGNED_CONTEXT ( ( #2295, #4595, #1479 ) ) REPRESENTATION_CONTEXT ( 'NONE', 'WORKASPACE' ) );
#3393 = ORIENTED_EDGE ( 'NONE', *, *, #2609, .F. ) ;
#3394 = EDGE_CURVE ( 'NONE', #180, #3249, #2281, .T. ) ;
#3395 = CARTESIAN_POINT ( 'NONE',  ( 3.174999999999999822, 1.379999999999941052, -3.049999999999999822 ) ) ;
#3396 = AXIS2_PLACEMENT_3D ( 'NONE', #1697, #4705, #934 ) ;
#3397 = DIRECTION ( 'NONE',  ( -0.9925461516413224272, 0.1218693434051447144, 0.0000000000000000000 ) ) ;
#3398 = CARTESIAN_POINT ( 'NONE',  ( 2.665000000000000924, -1.297579787036334587, -5.180000000000001492 ) ) ;
#3399 = EDGE_LOOP ( 'NONE', ( #2422, #2418, #548, #4036, #2084, #4747, #813 ) ) ;
#3400 = CARTESIAN_POINT ( 'NONE',  ( 2.155000000000000693, 1.179999999999940652, 3.696407327450840885 ) ) ;
#3401 = ORIENTED_EDGE ( 'NONE', *, *, #3621, .T. ) ;
#3402 = LINE ( 'NONE', #3137, #3465 ) ;
#3403 = CARTESIAN_POINT ( 'NONE',  ( -2.155000000000000693, 0.0000000000000000000, -5.180000000000001492 ) ) ;
#3404 = ADVANCED_FACE ( 'NONE', ( #1877 ), #2591, .T. ) ;
#3405 = DIRECTION ( 'NONE',  ( -1.000000000000000000, -0.0000000000000000000, -0.0000000000000000000 ) ) ;
#3406 =( LENGTH_UNIT ( ) NAMED_UNIT ( * ) SI_UNIT ( .MILLI., .METRE. ) );
#3407 = CARTESIAN_POINT ( 'NONE',  ( -3.819430878194189916, 3.279999999999999805, 0.0000000000000000000 ) ) ;
#3408 = ORIENTED_EDGE ( 'NONE', *, *, #4830, .F. ) ;
#3409 =( NAMED_UNIT ( * ) PLANE_ANGLE_UNIT ( ) SI_UNIT ( $, .RADIAN. ) );
#3410 = PRESENTATION_LAYER_ASSIGNMENT (  '', '', ( #1002 ) ) ;
#3411 = DIRECTION ( 'NONE',  ( 0.0000000000000000000, 0.0000000000000000000, 1.000000000000000000 ) ) ;
#3412 = ORIENTED_EDGE ( 'NONE', *, *, #4388, .T. ) ;
#3413 = STYLED_ITEM ( 'NONE', ( #3659 ), #2275 ) ;
#3414 = SURFACE_STYLE_FILL_AREA ( #261 ) ;
#3415 = CARTESIAN_POINT ( 'NONE',  ( -3.175000000000000266, -0.6897854548132905661, -5.180000000000001492 ) ) ;
#3416 = CARTESIAN_POINT ( 'NONE',  ( 1.905000000000000027, 1.179999999999940652, -3.696407327450840885 ) ) ;
#3417 = VECTOR ( 'NONE', #4009, 1000.000000000000000 ) ;
#3418 = LINE ( 'NONE', #1493, #2717 ) ;
#3419 = EDGE_CURVE ( 'NONE', #3490, #3296, #2048, .T. ) ;
#3420 = ORIENTED_EDGE ( 'NONE', *, *, #3628, .F. ) ;
#3421 = VECTOR ( 'NONE', #869, 1000.000000000000000 ) ;
#3422 = CARTESIAN_POINT ( 'NONE',  ( -0.6350000000000001199, 1.379999999999941052, 3.037721543909710054 ) ) ;
#3423 = DIRECTION ( 'NONE',  ( 0.0000000000000000000, 0.0000000000000000000, 1.000000000000000000 ) ) ;
#3424 = VECTOR ( 'NONE', #1012, 1000.000000000000000 ) ;
#3425 = EDGE_CURVE ( 'NONE', #1108, #4421, #1587, .T. ) ;
#3426 = COLOUR_RGB ( '',1.000000000000000000, 1.000000000000000000, 1.000000000000000000 ) ;
#3427 =( GEOMETRIC_REPRESENTATION_CONTEXT ( 3 ) GLOBAL_UNCERTAINTY_ASSIGNED_CONTEXT ( ( #526 ) ) GLOBAL_UNIT_ASSIGNED_CONTEXT ( ( #2478, #4034, #4525 ) ) REPRESENTATION_CONTEXT ( 'NONE', 'WORKASPACE' ) );
#3428 = FILL_AREA_STYLE ('',( #1830 ) ) ;
#3429 = ADVANCED_FACE ( 'NONE', ( #2401 ), #4905, .F. ) ;
#3430 = SURFACE_STYLE_USAGE ( .BOTH. , #4650 ) ;
#3431 = MECHANICAL_DESIGN_GEOMETRIC_PRESENTATION_REPRESENTATION (  '', ( #4454 ), #2196 ) ;
#3432 = ORIENTED_EDGE ( 'NONE', *, *, #3855, .T. ) ;
#3433 = ORIENTED_EDGE ( 'NONE', *, *, #4710, .F. ) ;
#3434 = COLOUR_RGB ( '',1.000000000000000000, 1.000000000000000000, 1.000000000000000000 ) ;
#3435 = ORIENTED_EDGE ( 'NONE', *, *, #3979, .T. ) ;
#3436 = CARTESIAN_POINT ( 'NONE',  ( 2.254999999999999893, -3.229785454813289380, 5.180000000000001492 ) ) ;
#3437 = PLANE ( 'NONE',  #119 ) ;
#3438 = CARTESIAN_POINT ( 'NONE',  ( 1.077500000000010560, -1.077500000000000568, -5.180000000000001492 ) ) ;
#3439 = FILL_AREA_STYLE ('',( #4581 ) ) ;
#3440 = LINE ( 'NONE', #1041, #3068 ) ;
#3441 = LINE ( 'NONE', #116, #2400 ) ;
#3442 = ORIENTED_EDGE ( 'NONE', *, *, #4170, .T. ) ;
#3443 = DIRECTION ( 'NONE',  ( 0.7071067811865512365, 0.7071067811865439090, 0.0000000000000000000 ) ) ;
#3444 = VECTOR ( 'NONE', #2108, 1000.000000000000000 ) ;
#3445 =( NAMED_UNIT ( * ) PLANE_ANGLE_UNIT ( ) SI_UNIT ( $, .RADIAN. ) );
#3446 = COLOUR_RGB ( '',1.000000000000000000, 1.000000000000000000, 1.000000000000000000 ) ;
#3447 = ORIENTED_EDGE ( 'NONE', *, *, #2060, .T. ) ;
#3448 = STYLED_ITEM ( 'NONE', ( #4064 ), #2849 ) ;
#3449 = UNCERTAINTY_MEASURE_WITH_UNIT (LENGTH_MEASURE( 1.000000000000000082E-05 ), #657, 'distance_accuracy_value', 'NONE');
#3450 = DIRECTION ( 'NONE',  ( 0.0000000000000000000, -0.0000000000000000000, 1.000000000000000000 ) ) ;
#3451 = FILL_AREA_STYLE_COLOUR ( '', #2973 ) ;
#3452 = CARTESIAN_POINT ( 'NONE',  ( -2.744312401339973118, 3.079999999999999627, 1.866576855972117643 ) ) ;
#3453 = EDGE_CURVE ( 'NONE', #3901, #4503, #3636, .T. ) ;
#3454 = CARTESIAN_POINT ( 'NONE',  ( -1.905000000000000471, 1.379999999999940830, 3.803592672549160891 ) ) ;
#3455 = ORIENTED_EDGE ( 'NONE', *, *, #796, .F. ) ;
#3456 = DIRECTION ( 'NONE',  ( 0.0000000000000000000, 1.000000000000000000, 0.0000000000000000000 ) ) ;
#3457 = PRESENTATION_LAYER_ASSIGNMENT (  '', '', ( #2848 ) ) ;
#3458 = FACE_OUTER_BOUND ( 'NONE', #3847, .T. ) ;
#3459 = FILL_AREA_STYLE ('',( #3109 ) ) ;
#3460 = EDGE_CURVE ( 'NONE', #1738, #3189, #2809, .T. ) ;
#3461 = EDGE_LOOP ( 'NONE', ( #3839, #2998, #250, #4115, #2431 ) ) ;
#3462 = LINE ( 'NONE', #254, #2523 ) ;
#3463 =( LENGTH_UNIT ( ) NAMED_UNIT ( * ) SI_UNIT ( .MILLI., .METRE. ) );
#3464 = CLOSED_SHELL ( 'NONE', ( #4659, #362, #4362, #677, #3595, #1116, #1014, #2206, #3796, #2986, #3404, #3669, #4818, #1220, #3349, #4763, #4090 ) ) ;
#3465 = VECTOR ( 'NONE', #2363, 1000.000000000000000 ) ;
#3466 =( LENGTH_UNIT ( ) NAMED_UNIT ( * ) SI_UNIT ( .MILLI., .METRE. ) );
#3467 = DIRECTION ( 'NONE',  ( 0.0000000000000000000, 0.8326902705830219187, -0.5537390299377258351 ) ) ;
#3468 = CARTESIAN_POINT ( 'NONE',  ( -0.6350000000000001199, 1.379999999999941052, -3.037721543909710054 ) ) ;
#3469 = STYLED_ITEM ( 'NONE', ( #4040 ), #1094 ) ;
#3470 = FILL_AREA_STYLE_COLOUR ( '', #283 ) ;
#3471 = ORIENTED_EDGE ( 'NONE', *, *, #3214, .F. ) ;
#3472 = DIRECTION ( 'NONE',  ( 0.5775512808318011837, -0.8163544071109961608, 0.0000000000000000000 ) ) ;
#3473 = COLOUR_RGB ( '',1.000000000000000000, 1.000000000000000000, 1.000000000000000000 ) ;
#3474 = COLOUR_RGB ( '',1.000000000000000000, 1.000000000000000000, 1.000000000000000000 ) ;
#3475 = EDGE_LOOP ( 'NONE', ( #2075, #3364, #824, #4959, #1583, #966 ) ) ;
#3476 =( LENGTH_UNIT ( ) NAMED_UNIT ( * ) SI_UNIT ( .MILLI., .METRE. ) );
#3477 = EDGE_CURVE ( 'NONE', #1890, #761, #4885, .T. ) ;
#3478 = DIRECTION ( 'NONE',  ( 0.0000000000000000000, -2.877422278584525882E-16, -1.000000000000000000 ) ) ;
#3479 = SURFACE_STYLE_USAGE ( .BOTH. , #1608 ) ;
#3480 = MECHANICAL_DESIGN_GEOMETRIC_PRESENTATION_REPRESENTATION (  '', ( #3413 ), #292 ) ;
#3481 = VECTOR ( 'NONE', #3894, 1000.000000000000114 ) ;
#3482 = VERTEX_POINT ( 'NONE', #3359 ) ;
#3483 = DIRECTION ( 'NONE',  ( -0.0000000000000000000, -0.0000000000000000000, 1.000000000000000000 ) ) ;
#3484 = EDGE_CURVE ( 'NONE', #3251, #3642, #3499, .T. ) ;
#3485 = CARTESIAN_POINT ( 'NONE',  ( 0.6349999999999996758, 1.379999999999940830, -3.803592672549160891 ) ) ;
#3486 = AXIS2_PLACEMENT_3D ( 'NONE', #4226, #2650, #2245 ) ;
#3487 =( NAMED_UNIT ( * ) SI_UNIT ( $, .STERADIAN. ) SOLID_ANGLE_UNIT ( ) );
#3488 =( NAMED_UNIT ( * ) PLANE_ANGLE_UNIT ( ) SI_UNIT ( $, .RADIAN. ) );
#3489 = LINE ( 'NONE', #1807, #4227 ) ;
#3490 = VERTEX_POINT ( 'NONE', #4958 ) ;
#3491 = MECHANICAL_DESIGN_GEOMETRIC_PRESENTATION_REPRESENTATION (  '', ( #3230 ), #4517 ) ;
#3492 = DIRECTION ( 'NONE',  ( -1.000000000000000000, -2.244486061844343516E-16, 0.0000000000000000000 ) ) ;
#3493 = ORIENTED_EDGE ( 'NONE', *, *, #4267, .T. ) ;
#3494 = PRESENTATION_LAYER_ASSIGNMENT (  '', '', ( #3235 ) ) ;
#3495 =( GEOMETRIC_REPRESENTATION_CONTEXT ( 3 ) GLOBAL_UNCERTAINTY_ASSIGNED_CONTEXT ( ( #3063 ) ) GLOBAL_UNIT_ASSIGNED_CONTEXT ( ( #2382, #883, #111 ) ) REPRESENTATION_CONTEXT ( 'NONE', 'WORKASPACE' ) );
#3496 = LINE ( 'NONE', #4719, #3992 ) ;
#3497 = LINE ( 'NONE', #3703, #4938 ) ;
#3498 = CARTESIAN_POINT ( 'NONE',  ( 2.254999999999999893, 0.0000000000000000000, -5.180000000000001492 ) ) ;
#3499 = LINE ( 'NONE', #2236, #3878 ) ;
#3500 = VECTOR ( 'NONE', #4485, 1000.000000000000000 ) ;
#3501 = CARTESIAN_POINT ( 'NONE',  ( 0.6349999999999996758, 0.0000000000000000000, -2.884066873769634763E-16 ) ) ;
#3502 = SURFACE_SIDE_STYLE ('',( #3139 ) ) ;
#3503 = FACE_OUTER_BOUND ( 'NONE', #601, .T. ) ;
#3504 = PRESENTATION_STYLE_ASSIGNMENT (( #79 ) ) ;
#3505 = MECHANICAL_DESIGN_GEOMETRIC_PRESENTATION_REPRESENTATION (  '', ( #2698 ), #1621 ) ;
#3506 = FACE_OUTER_BOUND ( 'NONE', #1483, .T. ) ;
#3507 = EDGE_LOOP ( 'NONE', ( #1515, #2883, #933, #605 ) ) ;
#3508 = CARTESIAN_POINT ( 'NONE',  ( 2.665000000000000480, -3.229785454813290269, -5.180000000000001492 ) ) ;
#3509 = ORIENTED_EDGE ( 'NONE', *, *, #3191, .T. ) ;
#3510 = PRESENTATION_STYLE_ASSIGNMENT (( #346 ) ) ;
#3511 = CARTESIAN_POINT ( 'NONE',  ( -2.744312401339973118, 3.079999999999999627, 1.866576855972117643 ) ) ;
#3512 = DIRECTION ( 'NONE',  ( -0.0000000000000000000, -0.0000000000000000000, 1.000000000000000000 ) ) ;
#3513 = LINE ( 'NONE', #2446, #2891 ) ;
#3514 = SURFACE_SIDE_STYLE ('',( #1690 ) ) ;
#3515 = UNCERTAINTY_MEASURE_WITH_UNIT (LENGTH_MEASURE( 1.000000000000000082E-05 ), #3134, 'distance_accuracy_value', 'NONE');
#3516 = ORIENTED_EDGE ( 'NONE', *, *, #4710, .T. ) ;
#3517 = LINE ( 'NONE', #4548, #3584 ) ;
#3518 = CARTESIAN_POINT ( 'NONE',  ( 0.6349999999999996758, 1.179999999999940652, -3.696407327450841329 ) ) ;
#3519 = EDGE_CURVE ( 'NONE', #3482, #4931, #4759, .T. ) ;
#3520 = MECHANICAL_DESIGN_GEOMETRIC_PRESENTATION_REPRESENTATION (  '', ( #1727 ), #4902 ) ;
#3521 = ORIENTED_EDGE ( 'NONE', *, *, #2310, .T. ) ;
#3522 = UNCERTAINTY_MEASURE_WITH_UNIT (LENGTH_MEASURE( 1.000000000000000082E-05 ), #3732, 'distance_accuracy_value', 'NONE');
#3523 =( GEOMETRIC_REPRESENTATION_CONTEXT ( 3 ) GLOBAL_UNCERTAINTY_ASSIGNED_CONTEXT ( ( #3390 ) ) GLOBAL_UNIT_ASSIGNED_CONTEXT ( ( #2111, #621, #4092 ) ) REPRESENTATION_CONTEXT ( 'NONE', 'WORKASPACE' ) );
#3524 = FILL_AREA_STYLE_COLOUR ( '', #1991 ) ;
#3525 = CARTESIAN_POINT ( 'NONE',  ( -1.905000000000000471, -0.7502145451867079373, -4.980000000000001315 ) ) ;
#3526 = ORIENTED_EDGE ( 'NONE', *, *, #3326, .F. ) ;
#3527 = DIRECTION ( 'NONE',  ( -0.4323696878290420043, -0.7508338448215395866, -0.4993045068063385883 ) ) ;
#3528 = PLANE ( 'NONE',  #498 ) ;
#3529 = UNCERTAINTY_MEASURE_WITH_UNIT (LENGTH_MEASURE( 1.000000000000000082E-05 ), #1288, 'distance_accuracy_value', 'NONE');
#3530 = PRESENTATION_STYLE_ASSIGNMENT (( #3850 ) ) ;
#3531 = ORIENTED_EDGE ( 'NONE', *, *, #1563, .T. ) ;
#3532 = CARTESIAN_POINT ( 'NONE',  ( -2.665000000000000480, -3.229785454813289824, -5.180000000000001492 ) ) ;
#3533 = CARTESIAN_POINT ( 'NONE',  ( 1.905000000000000915, -0.2500000000000024980, -4.647357327450831299 ) ) ;
#3534 = CARTESIAN_POINT ( 'NONE',  ( -0.6350000000000001199, 1.379999999999941052, -3.050000000000000266 ) ) ;
#3535 = MECHANICAL_DESIGN_GEOMETRIC_PRESENTATION_REPRESENTATION (  '', ( #3280 ), #1035 ) ;
#3536 = CARTESIAN_POINT ( 'NONE',  ( 3.174999999999999822, 0.0000000000000000000, 0.0000000000000000000 ) ) ;
#3537 = ORIENTED_EDGE ( 'NONE', *, *, #4807, .T. ) ;
#3538 = LINE ( 'NONE', #1259, #4551 ) ;
#3539 = COLOUR_RGB ( '',0.2509803921568627416, 0.2509803921568627416, 0.2509803921568627416 ) ;
#3540 = EDGE_CURVE ( 'NONE', #2354, #799, #4637, .T. ) ;
#3541 = FILL_AREA_STYLE_COLOUR ( '', #2051 ) ;
#3542 =( GEOMETRIC_REPRESENTATION_CONTEXT ( 3 ) GLOBAL_UNCERTAINTY_ASSIGNED_CONTEXT ( ( #2526 ) ) GLOBAL_UNIT_ASSIGNED_CONTEXT ( ( #4137, #1840, #2584 ) ) REPRESENTATION_CONTEXT ( 'NONE', 'WORKASPACE' ) );
#3543 = DIRECTION ( 'NONE',  ( -0.0000000000000000000, 0.8326902705830219187, -0.5537390299377258351 ) ) ;
#3544 = DIRECTION ( 'NONE',  ( 1.000000000000000000, 0.0000000000000000000, 0.0000000000000000000 ) ) ;
#3545 = VECTOR ( 'NONE', #4912, 1000.000000000000000 ) ;
#3546 = SURFACE_STYLE_FILL_AREA ( #1535 ) ;
#3547 = EDGE_CURVE ( 'NONE', #1169, #2002, #2569, .T. ) ;
#3548 = DIRECTION ( 'NONE',  ( -1.000000000000000000, 0.0000000000000000000, -0.0000000000000000000 ) ) ;
#3549 = DIRECTION ( 'NONE',  ( 0.0000000000000000000, 0.0000000000000000000, -1.000000000000000000 ) ) ;
#3550 = LINE ( 'NONE', #336, #4163 ) ;
#3551 = ORIENTED_EDGE ( 'NONE', *, *, #4579, .F. ) ;
#3552 =( GEOMETRIC_REPRESENTATION_CONTEXT ( 3 ) GLOBAL_UNCERTAINTY_ASSIGNED_CONTEXT ( ( #680 ) ) GLOBAL_UNIT_ASSIGNED_CONTEXT ( ( #1957, #1588, #1917 ) ) REPRESENTATION_CONTEXT ( 'NONE', 'WORKASPACE' ) );
#3553 = CARTESIAN_POINT ( 'NONE',  ( 2.202819513953836239, -1.848385041708787035, -5.180000000000001492 ) ) ;
#3554 = FILL_AREA_STYLE ('',( #3107 ) ) ;
#3555 = ADVANCED_FACE ( 'NONE', ( #4521 ), #37, .T. ) ;
#3556 = SURFACE_STYLE_FILL_AREA ( #2755 ) ;
#3557 = MECHANICAL_DESIGN_GEOMETRIC_PRESENTATION_REPRESENTATION (  '', ( #2749 ), #3827 ) ;
#3558 = VERTEX_POINT ( 'NONE', #2623 ) ;
#3559 = SURFACE_STYLE_USAGE ( .BOTH. , #396 ) ;
#3560 = DIRECTION ( 'NONE',  ( 0.0000000000000000000, 0.0000000000000000000, -1.000000000000000000 ) ) ;
#3561 = DIRECTION ( 'NONE',  ( -1.000000000000000000, -0.0000000000000000000, -0.0000000000000000000 ) ) ;
#3562 = UNCERTAINTY_MEASURE_WITH_UNIT (LENGTH_MEASURE( 1.000000000000000082E-05 ), #700, 'distance_accuracy_value', 'NONE');
#3563 = COLOUR_RGB ( '',1.000000000000000000, 1.000000000000000000, 1.000000000000000000 ) ;
#3564 = COLOUR_RGB ( '',1.000000000000000000, 1.000000000000000000, 1.000000000000000000 ) ;
#3565 = PLANE ( 'NONE',  #4384 ) ;
#3566 = DIRECTION ( 'NONE',  ( 0.0000000000000000000, -0.8326902705830219187, 0.5537390299377259462 ) ) ;
#3567 = LINE ( 'NONE', #3015, #4634 ) ;
#3568 = CARTESIAN_POINT ( 'NONE',  ( 0.2050000000000000988, -1.297579787036334587, 5.180000000000001492 ) ) ;
#3569 = VECTOR ( 'NONE', #183, 1000.000000000000000 ) ;
#3570 = VECTOR ( 'NONE', #3379, 1000.000000000000000 ) ;
#3571 = SURFACE_STYLE_FILL_AREA ( #4537 ) ;
#3572 =( NAMED_UNIT ( * ) PLANE_ANGLE_UNIT ( ) SI_UNIT ( $, .RADIAN. ) );
#3573 = DIRECTION ( 'NONE',  ( 0.0000000000000000000, -0.9925461516413223162, -0.1218693434051450475 ) ) ;
#3574 = VECTOR ( 'NONE', #3478, 1000.000000000000000 ) ;
#3575 = FILL_AREA_STYLE_COLOUR ( '', #1737 ) ;
#3576 =( NAMED_UNIT ( * ) PLANE_ANGLE_UNIT ( ) SI_UNIT ( $, .RADIAN. ) );
#3577 = ORIENTED_EDGE ( 'NONE', *, *, #1915, .T. ) ;
#3578 = SURFACE_SIDE_STYLE ('',( #1072 ) ) ;
#3579 = UNCERTAINTY_MEASURE_WITH_UNIT (LENGTH_MEASURE( 1.000000000000000082E-05 ), #4304, 'distance_accuracy_value', 'NONE');
#3580 = ORIENTED_EDGE ( 'NONE', *, *, #2335, .T. ) ;
#3581 = AXIS2_PLACEMENT_3D ( 'NONE', #2459, #4087, #944 ) ;
#3582 = CARTESIAN_POINT ( 'NONE',  ( 3.174999999999999822, -0.6897854548132907881, -5.180000000000000604 ) ) ;
#3583 = DIRECTION ( 'NONE',  ( -1.000000000000000000, -0.0000000000000000000, 0.0000000000000000000 ) ) ;
#3584 = VECTOR ( 'NONE', #4496, 1000.000000000000000 ) ;
#3585 = SURFACE_STYLE_USAGE ( .BOTH. , #896 ) ;
#3586 = EDGE_CURVE ( 'NONE', #2822, #1800, #1524, .T. ) ;
#3587 =( NAMED_UNIT ( * ) SI_UNIT ( $, .STERADIAN. ) SOLID_ANGLE_UNIT ( ) );
#3588 = PLANE ( 'NONE',  #4618 ) ;
#3590 = SURFACE_STYLE_USAGE ( .BOTH. , #4786 ) ;
#3589 = UNCERTAINTY_MEASURE_WITH_UNIT (LENGTH_MEASURE( 1.000000000000000082E-05 ), #56, 'distance_accuracy_value', 'NONE');
#3591 = ORIENTED_EDGE ( 'NONE', *, *, #1725, .F. ) ;
#3592 = MECHANICAL_DESIGN_GEOMETRIC_PRESENTATION_REPRESENTATION (  '', ( #986 ), #1633 ) ;
#3593 = FACE_OUTER_BOUND ( 'NONE', #1718, .T. ) ;
#3594 = DIRECTION ( 'NONE',  ( 0.0000000000000000000, 0.0000000000000000000, -1.000000000000000000 ) ) ;
#3595 = ADVANCED_FACE ( 'NONE', ( #4172 ), #2348, .F. ) ;
#3596 = FILL_AREA_STYLE ('',( #888 ) ) ;
#3597 =( NAMED_UNIT ( * ) SI_UNIT ( $, .STERADIAN. ) SOLID_ANGLE_UNIT ( ) );
#3598 = EDGE_CURVE ( 'NONE', #1672, #2388, #320, .T. ) ;
#3599 = ORIENTED_EDGE ( 'NONE', *, *, #3872, .F. ) ;
#3600 = LINE ( 'NONE', #4769, #4366 ) ;
#3601 = MECHANICAL_DESIGN_GEOMETRIC_PRESENTATION_REPRESENTATION (  '', ( #1225 ), #650 ) ;
#3602 = ORIENTED_EDGE ( 'NONE', *, *, #1354, .T. ) ;
#3603 = PRESENTATION_STYLE_ASSIGNMENT (( #1040 ) ) ;
#3604 = AXIS2_PLACEMENT_3D ( 'NONE', #3005, #1500, #3423 ) ;
#3605 = CARTESIAN_POINT ( 'NONE',  ( -3.975727847370610579, 0.5529366626152434350, -2.960727847370609123 ) ) ;
#3606 = LINE ( 'NONE', #1100, #4984 ) ;
#3607 = ORIENTED_EDGE ( 'NONE', *, *, #429, .T. ) ;
#3608 = CARTESIAN_POINT ( 'NONE',  ( 2.991950849420489051E-16, 3.279999999999999805, 2.804430878194190235 ) ) ;
#3609 = PRESENTATION_STYLE_ASSIGNMENT (( #925 ) ) ;
#3610 = FILL_AREA_STYLE_COLOUR ( '', #3116 ) ;
#3611 = CARTESIAN_POINT ( 'NONE',  ( 2.665000000000000924, -0.7502145451867078263, 4.980000000000000426 ) ) ;
#3612 = LINE ( 'NONE', #1418, #3357 ) ;
#3613 = ORIENTED_EDGE ( 'NONE', *, *, #3883, .F. ) ;
#3614 = FILL_AREA_STYLE ('',( #4726 ) ) ;
#3615 =( NAMED_UNIT ( * ) PLANE_ANGLE_UNIT ( ) SI_UNIT ( $, .RADIAN. ) );
#3616 = STYLED_ITEM ( 'NONE', ( #4986 ), #2016 ) ;
#3617 = SURFACE_SIDE_STYLE ('',( #1049 ) ) ;
#3618 = UNCERTAINTY_MEASURE_WITH_UNIT (LENGTH_MEASURE( 1.000000000000000082E-05 ), #4302, 'distance_accuracy_value', 'NONE');
#3619 = CARTESIAN_POINT ( 'NONE',  ( -2.155000000000000693, -3.252606517456513302E-16, -4.721292672549149749 ) ) ;
#3620 = SURFACE_SIDE_STYLE ('',( #2570 ) ) ;
#3621 = EDGE_CURVE ( 'NONE', #3278, #1179, #2105, .T. ) ;
#3622 = DIRECTION ( 'NONE',  ( 0.0000000000000000000, -0.0000000000000000000, 1.000000000000000000 ) ) ;
#3623 = AXIS2_PLACEMENT_3D ( 'NONE', #95, #851, #4370 ) ;
#3624 = CARTESIAN_POINT ( 'NONE',  ( 2.665000000000000924, -5.981555354815177937E-16, 5.180000000000001492 ) ) ;
#3625 = ORIENTED_EDGE ( 'NONE', *, *, #1089, .T. ) ;
#3626 = DIRECTION ( 'NONE',  ( 0.0000000000000000000, 1.000000000000000000, 0.0000000000000000000 ) ) ;
#3627 = ORIENTED_EDGE ( 'NONE', *, *, #235, .T. ) ;
#3628 = EDGE_CURVE ( 'NONE', #1381, #4303, #16, .T. ) ;
#3629 = CARTESIAN_POINT ( 'NONE',  ( 0.6349999999999996758, 1.379999999999940830, -3.803592672549160891 ) ) ;
#3630 = SURFACE_STYLE_FILL_AREA ( #2565 ) ;
#3631 =( GEOMETRIC_REPRESENTATION_CONTEXT ( 3 ) GLOBAL_UNCERTAINTY_ASSIGNED_CONTEXT ( ( #1184 ) ) GLOBAL_UNIT_ASSIGNED_CONTEXT ( ( #2146, #4410, #204 ) ) REPRESENTATION_CONTEXT ( 'NONE', 'WORKASPACE' ) );
#3632 =( NAMED_UNIT ( * ) PLANE_ANGLE_UNIT ( ) SI_UNIT ( $, .RADIAN. ) );
#3633 = CARTESIAN_POINT ( 'NONE',  ( -3.175000000000000266, -0.6897854548132904551, -4.939814654901677038 ) ) ;
#3634 = VECTOR ( 'NONE', #3810, 1000.000000000000000 ) ;
#3635 = PRESENTATION_LAYER_ASSIGNMENT (  '', '', ( #2466 ) ) ;
#3636 = LINE ( 'NONE', #4550, #4583 ) ;
#3637 = DIRECTION ( 'NONE',  ( -0.0000000000000000000, 0.5537390299377258351, 0.8326902705830219187 ) ) ;
#3638 = FILL_AREA_STYLE_COLOUR ( '', #152 ) ;
#3639 = DIRECTION ( 'NONE',  ( 0.0000000000000000000, 1.000000000000000000, 0.0000000000000000000 ) ) ;
#3640 = VECTOR ( 'NONE', #46, 1000.000000000000114 ) ;
#3641 = VECTOR ( 'NONE', #3096, 1000.000000000000000 ) ;
#3642 = VERTEX_POINT ( 'NONE', #3840 ) ;
#3643 = DIRECTION ( 'NONE',  ( -0.0000000000000000000, 1.000000000000000000, -0.0000000000000000000 ) ) ;
#3644 =( LENGTH_UNIT ( ) NAMED_UNIT ( * ) SI_UNIT ( .MILLI., .METRE. ) );
#3645 = EDGE_LOOP ( 'NONE', ( #2697, #4715, #3226, #3045 ) ) ;
#3646 =( NAMED_UNIT ( * ) SI_UNIT ( $, .STERADIAN. ) SOLID_ANGLE_UNIT ( ) );
#3647 = DIRECTION ( 'NONE',  ( 0.0000000000000000000, -0.9925461516413212060, -0.1218693434051534991 ) ) ;
#3648 = SURFACE_STYLE_USAGE ( .BOTH. , #3617 ) ;
#3649 = ORIENTED_EDGE ( 'NONE', *, *, #2674, .F. ) ;
#3650 = SURFACE_STYLE_USAGE ( .BOTH. , #941 ) ;
#3651 = PRESENTATION_STYLE_ASSIGNMENT (( #2754 ) ) ;
#3652 = STYLED_ITEM ( 'NONE', ( #2590 ), #2534 ) ;
#3653 = FILL_AREA_STYLE_COLOUR ( '', #2164 ) ;
#3654 = ORIENTED_EDGE ( 'NONE', *, *, #535, .F. ) ;
#3655 = VECTOR ( 'NONE', #1228, 1000.000000000000000 ) ;
#3656 = EDGE_CURVE ( 'NONE', #41, #4855, #606, .T. ) ;
#3657 = FILL_AREA_STYLE ('',( #2037 ) ) ;
#3658 = ORIENTED_EDGE ( 'NONE', *, *, #681, .F. ) ;
#3659 = PRESENTATION_STYLE_ASSIGNMENT (( #2624 ) ) ;
#3660 = PRODUCT_CONTEXT ( 'NONE', #1788, 'mechanical' ) ;
#3661 = DIRECTION ( 'NONE',  ( -2.805607577305429395E-17, 1.000000000000000000, 0.0000000000000000000 ) ) ;
#3662 = FILL_AREA_STYLE ('',( #3698 ) ) ;
#3663 = STYLED_ITEM ( 'NONE', ( #1934 ), #84 ) ;
#3664 = COLOUR_RGB ( '',1.000000000000000000, 1.000000000000000000, 1.000000000000000000 ) ;
#3665 = VERTEX_POINT ( 'NONE', #3890 ) ;
#3666 = PRESENTATION_LAYER_ASSIGNMENT (  '', '', ( #401 ) ) ;
#3667 =( LENGTH_UNIT ( ) NAMED_UNIT ( * ) SI_UNIT ( .MILLI., .METRE. ) );
#3668 = DIRECTION ( 'NONE',  ( 0.0000000000000000000, 0.0000000000000000000, 1.000000000000000000 ) ) ;
#3669 = ADVANCED_FACE ( 'NONE', ( #3811 ), #4598, .F. ) ;
#3670 = ORIENTED_EDGE ( 'NONE', *, *, #1925, .F. ) ;
#3671 = DIRECTION ( 'NONE',  ( 1.000000000000000000, -0.0000000000000000000, 0.0000000000000000000 ) ) ;
#3672 =( LENGTH_UNIT ( ) NAMED_UNIT ( * ) SI_UNIT ( .MILLI., .METRE. ) );
#3673 =( NAMED_UNIT ( * ) PLANE_ANGLE_UNIT ( ) SI_UNIT ( $, .RADIAN. ) );
#3674 = LINE ( 'NONE', #2946, #2487 ) ;
#3675 = LINE ( 'NONE', #4152, #3545 ) ;
#3676 = SURFACE_STYLE_FILL_AREA ( #3657 ) ;
#3677 = PLANE ( 'NONE',  #4032 ) ;
#3678 = MECHANICAL_DESIGN_GEOMETRIC_PRESENTATION_REPRESENTATION (  '', ( #1858 ), #926 ) ;
#3679 =( GEOMETRIC_REPRESENTATION_CONTEXT ( 3 ) GLOBAL_UNCERTAINTY_ASSIGNED_CONTEXT ( ( #3180 ) ) GLOBAL_UNIT_ASSIGNED_CONTEXT ( ( #2807, #4367, #484 ) ) REPRESENTATION_CONTEXT ( 'NONE', 'WORKASPACE' ) );
#3680 = UNCERTAINTY_MEASURE_WITH_UNIT (LENGTH_MEASURE( 1.000000000000000082E-05 ), #2795, 'distance_accuracy_value', 'NONE');
#3681 = VECTOR ( 'NONE', #3022, 1000.000000000000114 ) ;
#3682 = ORIENTED_EDGE ( 'NONE', *, *, #2430, .F. ) ;
#3683 = DIRECTION ( 'NONE',  ( 0.0000000000000000000, -0.0000000000000000000, 1.000000000000000000 ) ) ;
#3684 = PLANE ( 'NONE',  #2571 ) ;
#3685 = CARTESIAN_POINT ( 'NONE',  ( -3.175000000000000266, 1.179999999999940874, 3.037721543909709165 ) ) ;
#3686 = EDGE_CURVE ( 'NONE', #1360, #1594, #4947, .T. ) ;
#3687 = CARTESIAN_POINT ( 'NONE',  ( -2.155000000000000693, 1.179999999999940874, 3.696407327450841329 ) ) ;
#3688 = CARTESIAN_POINT ( 'NONE',  ( 0.5922478592132809361, -0.7502145451867079373, -4.980000000000000426 ) ) ;
#3689 = FACE_OUTER_BOUND ( 'NONE', #1884, .T. ) ;
#3690 =( GEOMETRIC_REPRESENTATION_CONTEXT ( 3 ) GLOBAL_UNCERTAINTY_ASSIGNED_CONTEXT ( ( #832 ) ) GLOBAL_UNIT_ASSIGNED_CONTEXT ( ( #1189, #3904, #4286 ) ) REPRESENTATION_CONTEXT ( 'NONE', 'WORKASPACE' ) );
#3691 = CARTESIAN_POINT ( 'NONE',  ( 0.6349999999999996758, 1.179999999999940874, -3.050000000000000266 ) ) ;
#3692 = PRESENTATION_STYLE_ASSIGNMENT (( #4309 ) ) ;
#3693 = FACE_BOUND ( 'NONE', #4975, .T. ) ;
#3694 = SURFACE_STYLE_FILL_AREA ( #740 ) ;
#3695 = EDGE_CURVE ( 'NONE', #217, #3251, #957, .T. ) ;
#3696 = ADVANCED_FACE ( 'NONE', ( #4694 ), #2006, .F. ) ;
#3697 =( LENGTH_UNIT ( ) NAMED_UNIT ( * ) SI_UNIT ( .MILLI., .METRE. ) );
#3698 = FILL_AREA_STYLE_COLOUR ( '', #49 ) ;
#3699 = PRESENTATION_STYLE_ASSIGNMENT (( #4978 ) ) ;
#3700 =( GEOMETRIC_REPRESENTATION_CONTEXT ( 3 ) GLOBAL_UNCERTAINTY_ASSIGNED_CONTEXT ( ( #3772 ) ) GLOBAL_UNIT_ASSIGNED_CONTEXT ( ( #1907, #4593, #4580 ) ) REPRESENTATION_CONTEXT ( 'NONE', 'WORKASPACE' ) );
#3701 = VERTEX_POINT ( 'NONE', #4647 ) ;
#3702 = PLANE ( 'NONE',  #2147 ) ;
#3703 = CARTESIAN_POINT ( 'NONE',  ( 2.155000000000000693, 1.179999999999940874, -3.037721543909708721 ) ) ;
#3704 = ORIENTED_EDGE ( 'NONE', *, *, #4929, .T. ) ;
#3705 = DIRECTION ( 'NONE',  ( 0.0000000000000000000, 0.0000000000000000000, -1.000000000000000000 ) ) ;
#3706 = MECHANICAL_DESIGN_GEOMETRIC_PRESENTATION_REPRESENTATION (  '', ( #31 ), #4825 ) ;
#3707 = CARTESIAN_POINT ( 'NONE',  ( 0.6349999999999996758, 1.279999999999940963, 3.050000000000000266 ) ) ;
#3708 = DIRECTION ( 'NONE',  ( -0.0000000000000000000, 1.000000000000000000, -0.0000000000000000000 ) ) ;
#3709 = ORIENTED_EDGE ( 'NONE', *, *, #3972, .T. ) ;
#3710 = COLOUR_RGB ( '',0.2509803921568627416, 0.2509803921568627416, 0.2509803921568627416 ) ;
#3711 = VERTEX_POINT ( 'NONE', #106 ) ;
#3712 = AXIS2_PLACEMENT_3D ( 'NONE', #1018, #286, #2953 ) ;
#3713 = FACE_OUTER_BOUND ( 'NONE', #1449, .T. ) ;
#3714 = DIRECTION ( 'NONE',  ( 0.4990263461614615204, 0.8665868137911754143, 0.0000000000000000000 ) ) ;
#3715 = ADVANCED_FACE ( 'NONE', ( #199 ), #3923, .F. ) ;
#3716 = PLANE ( 'NONE',  #3486 ) ;
#3717 = SURFACE_STYLE_FILL_AREA ( #2917 ) ;
#3718 = EDGE_CURVE ( 'NONE', #4425, #2981, #1463, .T. ) ;
#3719 = EDGE_LOOP ( 'NONE', ( #3742, #4526, #4298, #641 ) ) ;
#3720 = MECHANICAL_DESIGN_GEOMETRIC_PRESENTATION_REPRESENTATION (  '', ( #2621 ), #3160 ) ;
#3721 = FACE_OUTER_BOUND ( 'NONE', #2039, .T. ) ;
#3722 = VECTOR ( 'NONE', #2274, 1000.000000000000000 ) ;
#3723 = ORIENTED_EDGE ( 'NONE', *, *, #3056, .F. ) ;
#3724 = DIRECTION ( 'NONE',  ( 0.0000000000000000000, 0.0000000000000000000, 1.000000000000000000 ) ) ;
#3725 = VECTOR ( 'NONE', #3661, 1000.000000000000000 ) ;
#3726 = EDGE_CURVE ( 'NONE', #3711, #2246, #3496, .T. ) ;
#3727 = FILL_AREA_STYLE_COLOUR ( '', #580 ) ;
#3728 =( NAMED_UNIT ( * ) PLANE_ANGLE_UNIT ( ) SI_UNIT ( $, .RADIAN. ) );
#3729 = MECHANICAL_DESIGN_GEOMETRIC_PRESENTATION_REPRESENTATION (  '', ( #3799 ), #4646 ) ;
#3730 = LINE ( 'NONE', #1901, #823 ) ;
#3731 = VERTEX_POINT ( 'NONE', #845 ) ;
#3732 =( LENGTH_UNIT ( ) NAMED_UNIT ( * ) SI_UNIT ( .MILLI., .METRE. ) );
#3733 = DIRECTION ( 'NONE',  ( 0.0000000000000000000, 0.0000000000000000000, -1.000000000000000000 ) ) ;
#3734 = DIRECTION ( 'NONE',  ( 0.0000000000000000000, 0.0000000000000000000, 1.000000000000000000 ) ) ;
#3735 = ORIENTED_EDGE ( 'NONE', *, *, #269, .T. ) ;
#3736 = CARTESIAN_POINT ( 'NONE',  ( -0.6350000000000001199, 1.179999999999940652, 3.696407327450841329 ) ) ;
#3737 = DIRECTION ( 'NONE',  ( 0.0000000000000000000, 1.000000000000000000, 0.0000000000000000000 ) ) ;
#3738 = AXIS2_PLACEMENT_3D ( 'NONE', #4917, #1102, #2583 ) ;
#3739 = CARTESIAN_POINT ( 'NONE',  ( -2.254999999999999893, -3.229785454813289824, 5.180000000000001492 ) ) ;
#3740 = SURFACE_SIDE_STYLE ('',( #774 ) ) ;
#3741 = COLOUR_RGB ( '',1.000000000000000000, 1.000000000000000000, 1.000000000000000000 ) ;
#3742 = ORIENTED_EDGE ( 'NONE', *, *, #2243, .T. ) ;
#3743 = ADVANCED_FACE ( 'NONE', ( #2219 ), #1283, .F. ) ;
#3744 = FACE_OUTER_BOUND ( 'NONE', #2408, .T. ) ;
#3745 = FILL_AREA_STYLE_COLOUR ( '', #2779 ) ;
#3746 = UNCERTAINTY_MEASURE_WITH_UNIT (LENGTH_MEASURE( 1.000000000000000082E-05 ), #713, 'distance_accuracy_value', 'NONE');
#3747 =( LENGTH_UNIT ( ) NAMED_UNIT ( * ) SI_UNIT ( .MILLI., .METRE. ) );
#3748 = VERTEX_POINT ( 'NONE', #1205 ) ;
#3749 = PRESENTATION_LAYER_ASSIGNMENT (  '', '', ( #2669 ) ) ;
#3750 = LINE ( 'NONE', #687, #961 ) ;
#3751 = EDGE_CURVE ( 'NONE', #756, #2802, #4284, .T. ) ;
#3752 = FILL_AREA_STYLE ('',( #2567 ) ) ;
#3753 = DIRECTION ( 'NONE',  ( 0.5075789797523821978, -0.7174502954629138340, -0.4771044464828518850 ) ) ;
#3754 = LINE ( 'NONE', #2177, #613 ) ;
#3755 = PRESENTATION_LAYER_ASSIGNMENT (  '', '', ( #1757 ) ) ;
#3756 = FILL_AREA_STYLE ('',( #1443 ) ) ;
#3757 = LINE ( 'NONE', #2367, #1466 ) ;
#3758 = AXIS2_PLACEMENT_3D ( 'NONE', #208, #571, #2148 ) ;
#3759 = FACE_OUTER_BOUND ( 'NONE', #4132, .T. ) ;
#3760 = CLOSED_SHELL ( 'NONE', ( #233, #3842, #4507, #2566, #4709, #4169, #1860, #1704, #3255, #2250, #4915, #624, #335 ) ) ;
#3761 = DIRECTION ( 'NONE',  ( -1.000000000000000000, -0.0000000000000000000, -0.0000000000000000000 ) ) ;
#3762 = MECHANICAL_DESIGN_GEOMETRIC_PRESENTATION_REPRESENTATION (  '', ( #3235 ), #4274 ) ;
#3763 = SURFACE_STYLE_FILL_AREA ( #972 ) ;
#3764 = CARTESIAN_POINT ( 'NONE',  ( 3.174999999999999822, 1.179999999999940652, 3.696407327450840885 ) ) ;
#3765 = DIRECTION ( 'NONE',  ( -0.0000000000000000000, -0.0000000000000000000, 1.000000000000000000 ) ) ;
#3766 = ORIENTED_EDGE ( 'NONE', *, *, #708, .T. ) ;
#3767 = SURFACE_STYLE_FILL_AREA ( #1473 ) ;
#3768 = DIRECTION ( 'NONE',  ( 0.8163544071109961608, 0.5775512808318011837, 0.0000000000000000000 ) ) ;
#3769 =( NAMED_UNIT ( * ) PLANE_ANGLE_UNIT ( ) SI_UNIT ( $, .RADIAN. ) );
#3770 = ADVANCED_FACE ( 'NONE', ( #3000 ), #2752, .T. ) ;
#3771 = CARTESIAN_POINT ( 'NONE',  ( 0.6349999999999996758, 1.179999999999940652, -3.696407327450841329 ) ) ;
#3772 = UNCERTAINTY_MEASURE_WITH_UNIT (LENGTH_MEASURE( 1.000000000000000082E-05 ), #1907, 'distance_accuracy_value', 'NONE');
#3773 = CARTESIAN_POINT ( 'NONE',  ( 0.6349999999999996758, -0.6897854548132907881, -5.180000000000000604 ) ) ;
#3774 = ORIENTED_EDGE ( 'NONE', *, *, #3883, .T. ) ;
#3775 = CARTESIAN_POINT ( 'NONE',  ( 3.174999999999999822, 1.179999999999940874, 3.037721543909708721 ) ) ;
#3776 =( GEOMETRIC_REPRESENTATION_CONTEXT ( 3 ) GLOBAL_UNCERTAINTY_ASSIGNED_CONTEXT ( ( #4431 ) ) GLOBAL_UNIT_ASSIGNED_CONTEXT ( ( #3697, #182, #4845 ) ) REPRESENTATION_CONTEXT ( 'NONE', 'WORKASPACE' ) );
#3777 = ORIENTED_EDGE ( 'NONE', *, *, #3927, .F. ) ;
#3778 = FACE_OUTER_BOUND ( 'NONE', #4601, .T. ) ;
#3779 = DIRECTION ( 'NONE',  ( 0.4990263461614615204, 0.8665868137911754143, 0.0000000000000000000 ) ) ;
#3780 = CARTESIAN_POINT ( 'NONE',  ( 3.124293972555286736, -0.7502145451867081594, -4.980000000000000426 ) ) ;
#3781 = ORIENTED_EDGE ( 'NONE', *, *, #1748, .F. ) ;
#3782 = DIRECTION ( 'NONE',  ( -0.5775512808318011837, 0.8163544071109961608, 0.0000000000000000000 ) ) ;
#3783 = PRESENTATION_STYLE_ASSIGNMENT (( #380 ) ) ;
#3784 = ORIENTED_EDGE ( 'NONE', *, *, #796, .T. ) ;
#3785 = DIRECTION ( 'NONE',  ( 0.0000000000000000000, -0.0000000000000000000, 1.000000000000000000 ) ) ;
#3786 = CARTESIAN_POINT ( 'NONE',  ( -0.6350000000000001199, -0.6897854548132907881, 5.180000000000000604 ) ) ;
#3787 = PLANE ( 'NONE',  #2463 ) ;
#3788 = SURFACE_STYLE_FILL_AREA ( #551 ) ;
#3789 = EDGE_CURVE ( 'NONE', #1446, #1188, #1706, .T. ) ;
#3790 =( LENGTH_UNIT ( ) NAMED_UNIT ( * ) SI_UNIT ( .MILLI., .METRE. ) );
#3791 = COLOUR_RGB ( '',1.000000000000000000, 1.000000000000000000, 1.000000000000000000 ) ;
#3792 = ORIENTED_EDGE ( 'NONE', *, *, #1123, .T. ) ;
#3793 = SURFACE_STYLE_FILL_AREA ( #1562 ) ;
#3794 = AXIS2_PLACEMENT_3D ( 'NONE', #2544, #3768, #1823 ) ;
#3795 =( NAMED_UNIT ( * ) SI_UNIT ( $, .STERADIAN. ) SOLID_ANGLE_UNIT ( ) );
#3796 = ADVANCED_FACE ( 'NONE', ( #3503 ), #4056, .F. ) ;
#3797 = LINE ( 'NONE', #4299, #2722 ) ;
#3798 = FILL_AREA_STYLE ('',( #1539 ) ) ;
#3799 = STYLED_ITEM ( 'NONE', ( #450 ), #677 ) ;
#3800 = CARTESIAN_POINT ( 'NONE',  ( -0.6350000000000001199, 1.179999999999940874, -3.037721543909709165 ) ) ;
#3801 = FILL_AREA_STYLE_COLOUR ( '', #1053 ) ;
#3802 =( LENGTH_UNIT ( ) NAMED_UNIT ( * ) SI_UNIT ( .MILLI., .METRE. ) );
#3803 = ORIENTED_EDGE ( 'NONE', *, *, #4865, .F. ) ;
#3804 = CARTESIAN_POINT ( 'NONE',  ( -1.029565058872992322, 0.8304556750353103700, 3.928854303552327121 ) ) ;
#3805 = CARTESIAN_POINT ( 'NONE',  ( 2.155000000000000693, 0.0000000000000000000, -5.180000000000001492 ) ) ;
#3806 = LINE ( 'NONE', #2014, #2215 ) ;
#3807 = ORIENTED_EDGE ( 'NONE', *, *, #3628, .T. ) ;
#3808 = VECTOR ( 'NONE', #2166, 1000.000000000000114 ) ;
#3809 = EDGE_CURVE ( 'NONE', #4365, #2718, #4053, .T. ) ;
#3810 = DIRECTION ( 'NONE',  ( 0.0000000000000000000, 1.000000000000000000, -0.0000000000000000000 ) ) ;
#3811 = FACE_OUTER_BOUND ( 'NONE', #2753, .T. ) ;
#3812 = FILL_AREA_STYLE_COLOUR ( '', #669 ) ;
#3813 = FACE_OUTER_BOUND ( 'NONE', #3475, .T. ) ;
#3814 = LINE ( 'NONE', #291, #4235 ) ;
#3815 = MECHANICAL_DESIGN_GEOMETRIC_PRESENTATION_REPRESENTATION (  '', ( #4733 ), #4067 ) ;
#3816 = FILL_AREA_STYLE ('',( #1098 ) ) ;
#3817 = ORIENTED_EDGE ( 'NONE', *, *, #4073, .F. ) ;
#3818 = DIRECTION ( 'NONE',  ( -1.000000000000000000, -0.0000000000000000000, -0.0000000000000000000 ) ) ;
#3819 = CARTESIAN_POINT ( 'NONE',  ( 2.665000000000000924, -1.297579787036334587, -5.180000000000001492 ) ) ;
#3820 = ADVANCED_FACE ( 'NONE', ( #3813 ), #209, .F. ) ;
#3821 = EDGE_CURVE ( 'NONE', #1064, #1890, #1931, .T. ) ;
#3822 = CARTESIAN_POINT ( 'NONE',  ( 4.065000000000000391, 1.279999999999940963, 3.049999999999999822 ) ) ;
#3823 = DIRECTION ( 'NONE',  ( -0.0000000000000000000, 0.5537390299377258351, 0.8326902705830219187 ) ) ;
#3824 = MECHANICAL_DESIGN_GEOMETRIC_PRESENTATION_REPRESENTATION (  '', ( #809 ), #549 ) ;
#3825 = EDGE_LOOP ( 'NONE', ( #4253, #4007, #4204, #3591, #2213 ) ) ;
#3826 = EDGE_CURVE ( 'NONE', #4819, #2994, #909, .T. ) ;
#3827 =( GEOMETRIC_REPRESENTATION_CONTEXT ( 3 ) GLOBAL_UNCERTAINTY_ASSIGNED_CONTEXT ( ( #252 ) ) GLOBAL_UNIT_ASSIGNED_CONTEXT ( ( #746, #3034, #4953 ) ) REPRESENTATION_CONTEXT ( 'NONE', 'WORKASPACE' ) );
#3828 =( LENGTH_UNIT ( ) NAMED_UNIT ( * ) SI_UNIT ( .MILLI., .METRE. ) );
#3829 = VERTEX_POINT ( 'NONE', #3688 ) ;
#3830 = COLOUR_RGB ( '',1.000000000000000000, 1.000000000000000000, 1.000000000000000000 ) ;
#3831 = FILL_AREA_STYLE_COLOUR ( '', #1787 ) ;
#3832 =( NAMED_UNIT ( * ) PLANE_ANGLE_UNIT ( ) SI_UNIT ( $, .RADIAN. ) );
#3833 = UNCERTAINTY_MEASURE_WITH_UNIT (LENGTH_MEASURE( 1.000000000000000082E-05 ), #3747, 'distance_accuracy_value', 'NONE');
#3834 =( LENGTH_UNIT ( ) NAMED_UNIT ( * ) SI_UNIT ( .MILLI., .METRE. ) );
#3835 = EDGE_LOOP ( 'NONE', ( #3447, #2471, #1803, #1769 ) ) ;
#3836 = CARTESIAN_POINT ( 'NONE',  ( -1.905000000000000471, -0.2500000000000030531, -5.768133747539269525E-16 ) ) ;
#3837 = CARTESIAN_POINT ( 'NONE',  ( 0.6349999999999996758, -3.229785454813289824, 5.180000000000000604 ) ) ;
#3838 = DIRECTION ( 'NONE',  ( -0.9925461516413224272, 0.1218693434051443258, 0.0000000000000000000 ) ) ;
#3839 = ORIENTED_EDGE ( 'NONE', *, *, #339, .F. ) ;
#3840 = CARTESIAN_POINT ( 'NONE',  ( -1.905000000000000471, -0.2500000000000029421, 4.887542672549155753 ) ) ;
#3841 = SHAPE_DEFINITION_REPRESENTATION ( #2706, #2745 ) ;
#3842 = ADVANCED_FACE ( 'NONE', ( #3693, #3876 ), #952, .T. ) ;
#3843 = ORIENTED_EDGE ( 'NONE', *, *, #3789, .T. ) ;
#3844 =( GEOMETRIC_REPRESENTATION_CONTEXT ( 3 ) GLOBAL_UNCERTAINTY_ASSIGNED_CONTEXT ( ( #54 ) ) GLOBAL_UNIT_ASSIGNED_CONTEXT ( ( #3046, #4586, #4217 ) ) REPRESENTATION_CONTEXT ( 'NONE', 'WORKASPACE' ) );
#3845 = DIRECTION ( 'NONE',  ( 0.0000000000000000000, -0.5537390299377259462, -0.8326902705830219187 ) ) ;
#3846 = EDGE_CURVE ( 'NONE', #3868, #114, #3195, .T. ) ;
#3847 = EDGE_LOOP ( 'NONE', ( #3283, #1791, #2652, #3041, #3888, #2974, #2829, #4547 ) ) ;
#3848 =( LENGTH_UNIT ( ) NAMED_UNIT ( * ) SI_UNIT ( .MILLI., .METRE. ) );
#3849 = PRESENTATION_LAYER_ASSIGNMENT (  '', '', ( #1424 ) ) ;
#3850 = SURFACE_STYLE_USAGE ( .BOTH. , #2309 ) ;
#3851 = FACE_OUTER_BOUND ( 'NONE', #3976, .T. ) ;
#3852 = LINE ( 'NONE', #4541, #465 ) ;
#3853 = ORIENTED_EDGE ( 'NONE', *, *, #1075, .T. ) ;
#3854 = SURFACE_SIDE_STYLE ('',( #4511 ) ) ;
#3855 = EDGE_CURVE ( 'NONE', #3748, #3950, #2397, .T. ) ;
#3856 = LINE ( 'NONE', #5, #4273 ) ;
#3857 =( NAMED_UNIT ( * ) PLANE_ANGLE_UNIT ( ) SI_UNIT ( $, .RADIAN. ) );
#3858 = MECHANICAL_DESIGN_GEOMETRIC_PRESENTATION_REPRESENTATION (  '', ( #3922 ), #4106 ) ;
#3859 = CARTESIAN_POINT ( 'NONE',  ( 0.6349999999999996758, 1.379999999999941052, 3.037721543909710054 ) ) ;
#3860 = CARTESIAN_POINT ( 'NONE',  ( 0.2050000000000000988, -3.229785454813289824, -4.980000000000000426 ) ) ;
#3861 = CARTESIAN_POINT ( 'NONE',  ( -2.155000000000000693, 1.379999999999941052, 3.037721543909710054 ) ) ;
#3862 = LINE ( 'NONE', #187, #651 ) ;
#3863 = PRESENTATION_LAYER_ASSIGNMENT (  '', '', ( #627 ) ) ;
#3864 = ORIENTED_EDGE ( 'NONE', *, *, #1526, .F. ) ;
#3865 = SURFACE_STYLE_USAGE ( .BOTH. , #4604 ) ;
#3866 = ORIENTED_EDGE ( 'NONE', *, *, #2771, .T. ) ;
#3867 = VECTOR ( 'NONE', #2113, 1000.000000000000000 ) ;
#3868 = VERTEX_POINT ( 'NONE', #3773 ) ;
#3869 = DIRECTION ( 'NONE',  ( 0.0000000000000000000, 0.8326902705830219187, 0.5537390299377258351 ) ) ;
#3870 = SURFACE_SIDE_STYLE ('',( #4913 ) ) ;
#3871 = DIRECTION ( 'NONE',  ( -0.5727524859299125692, 0.6825798327742351734, 0.4539155887948797541 ) ) ;
#3872 = EDGE_CURVE ( 'NONE', #2789, #4513, #4174, .T. ) ;
#3873 = DIRECTION ( 'NONE',  ( -0.0000000000000000000, 0.9925461516413223162, -0.1218693434051450475 ) ) ;
#3874 = PRESENTATION_STYLE_ASSIGNMENT (( #1385 ) ) ;
#3875 = STYLED_ITEM ( 'NONE', ( #1744 ), #1888 ) ;
#3876 = FACE_OUTER_BOUND ( 'NONE', #4081, .T. ) ;
#3877 = LINE ( 'NONE', #406, #4054 ) ;
#3878 = VECTOR ( 'NONE', #1469, 1000.000000000000114 ) ;
#3879 = DIRECTION ( 'NONE',  ( -1.000000000000000000, -0.0000000000000000000, -0.0000000000000000000 ) ) ;
#3880 = EDGE_LOOP ( 'NONE', ( #2392, #3155, #4155, #4076, #4429, #4145, #1958 ) ) ;
#3881 = CARTESIAN_POINT ( 'NONE',  ( -2.254999999999999893, -1.297579787036334587, 5.180000000000001492 ) ) ;
#3882 =( NAMED_UNIT ( * ) PLANE_ANGLE_UNIT ( ) SI_UNIT ( $, .RADIAN. ) );
#3883 = EDGE_CURVE ( 'NONE', #1756, #927, #1200, .T. ) ;
#3884 = EDGE_CURVE ( 'NONE', #2190, #3984, #2875, .T. ) ;
#3885 = ORIENTED_EDGE ( 'NONE', *, *, #4200, .F. ) ;
#3886 = COLOUR_RGB ( '',1.000000000000000000, 1.000000000000000000, 1.000000000000000000 ) ;
#3887 = PRESENTATION_LAYER_ASSIGNMENT (  '', '', ( #1641 ) ) ;
#3888 = ORIENTED_EDGE ( 'NONE', *, *, #1724, .T. ) ;
#3889 = PRESENTATION_STYLE_ASSIGNMENT (( #4103 ) ) ;
#3890 = CARTESIAN_POINT ( 'NONE',  ( 0.6349999999999996758, 1.179999999999940874, 3.037721543909709165 ) ) ;
#3891 = ORIENTED_EDGE ( 'NONE', *, *, #2743, .F. ) ;
#3892 = LINE ( 'NONE', #1659, #1612 ) ;
#3893 =( NAMED_UNIT ( * ) SI_UNIT ( $, .STERADIAN. ) SOLID_ANGLE_UNIT ( ) );
#3894 = DIRECTION ( 'NONE',  ( 0.0000000000000000000, 0.8326902705830219187, -0.5537390299377258351 ) ) ;
#3895 = UNCERTAINTY_MEASURE_WITH_UNIT (LENGTH_MEASURE( 1.000000000000000082E-05 ), #304, 'distance_accuracy_value', 'NONE');
#3896 =( NAMED_UNIT ( * ) SI_UNIT ( $, .STERADIAN. ) SOLID_ANGLE_UNIT ( ) );
#3897 = STYLED_ITEM ( 'NONE', ( #937 ), #1794 ) ;
#3898 = SURFACE_STYLE_USAGE ( .BOTH. , #3502 ) ;
#3899 = VERTEX_POINT ( 'NONE', #1460 ) ;
#3900 = DIRECTION ( 'NONE',  ( 0.0000000000000000000, 0.0000000000000000000, -1.000000000000000000 ) ) ;
#3901 = VERTEX_POINT ( 'NONE', #4156 ) ;
#3902 = PLANE ( 'NONE',  #2119 ) ;
#3903 = FACE_OUTER_BOUND ( 'NONE', #1578, .T. ) ;
#3904 =( NAMED_UNIT ( * ) PLANE_ANGLE_UNIT ( ) SI_UNIT ( $, .RADIAN. ) );
#3905 = PRESENTATION_LAYER_ASSIGNMENT (  '', '', ( #4859 ) ) ;
#3906 = COLOUR_RGB ( '',1.000000000000000000, 1.000000000000000000, 1.000000000000000000 ) ;
#3907 = VERTEX_POINT ( 'NONE', #1442 ) ;
#3908 = CARTESIAN_POINT ( 'NONE',  ( 4.065000000000000391, 3.279999999999999805, 2.804430878194189791 ) ) ;
#3909 = EDGE_CURVE ( 'NONE', #3187, #4464, #4167, .T. ) ;
#3910 =( NAMED_UNIT ( * ) PLANE_ANGLE_UNIT ( ) SI_UNIT ( $, .RADIAN. ) );
#3911 =( LENGTH_UNIT ( ) NAMED_UNIT ( * ) SI_UNIT ( .MILLI., .METRE. ) );
#3912 = STYLED_ITEM ( 'NONE', ( #431 ), #4143 ) ;
#3913 =( NAMED_UNIT ( * ) PLANE_ANGLE_UNIT ( ) SI_UNIT ( $, .RADIAN. ) );
#3914 = PLANE ( 'NONE',  #2655 ) ;
#3915 = FACE_OUTER_BOUND ( 'NONE', #1351, .T. ) ;
#3916 = SURFACE_STYLE_FILL_AREA ( #1170 ) ;
#3917 = ORIENTED_EDGE ( 'NONE', *, *, #3789, .F. ) ;
#3918 = AXIS2_PLACEMENT_3D ( 'NONE', #2019, #2441, #170 ) ;
#3919 = DIRECTION ( 'NONE',  ( 0.0000000000000000000, -1.000000000000000000, 2.877422278584525882E-16 ) ) ;
#3920 = UNCERTAINTY_MEASURE_WITH_UNIT (LENGTH_MEASURE( 1.000000000000000082E-05 ), #1966, 'distance_accuracy_value', 'NONE');
#3921 = ORIENTED_EDGE ( 'NONE', *, *, #780, .T. ) ;
#3922 = STYLED_ITEM ( 'NONE', ( #2542 ), #4763 ) ;
#3923 = PLANE ( 'NONE',  #2488 ) ;
#3924 =( NAMED_UNIT ( * ) PLANE_ANGLE_UNIT ( ) SI_UNIT ( $, .RADIAN. ) );
#3925 = DIRECTION ( 'NONE',  ( 0.0000000000000000000, 0.0000000000000000000, -1.000000000000000000 ) ) ;
#3926 = VECTOR ( 'NONE', #1532, 1000.000000000000000 ) ;
#3927 = EDGE_CURVE ( 'NONE', #4638, #2713, #4334, .T. ) ;
#3928 = SURFACE_STYLE_FILL_AREA ( #1632 ) ;
#3929 = ORIENTED_EDGE ( 'NONE', *, *, #3047, .F. ) ;
#3930 =( NAMED_UNIT ( * ) PLANE_ANGLE_UNIT ( ) SI_UNIT ( $, .RADIAN. ) );
#3931 = VECTOR ( 'NONE', #2416, 1000.000000000000000 ) ;
#3932 = FILL_AREA_STYLE_COLOUR ( '', #2817 ) ;
#3933 = FILL_AREA_STYLE ('',( #3575 ) ) ;
#3934 = CARTESIAN_POINT ( 'NONE',  ( -0.2050000000000002098, -1.297579787036334587, 4.980000000000001315 ) ) ;
#3935 = MECHANICAL_DESIGN_GEOMETRIC_PRESENTATION_REPRESENTATION (  '', ( #3897 ), #4375 ) ;
#3936 = LINE ( 'NONE', #4522, #3204 ) ;
#3937 = ORIENTED_EDGE ( 'NONE', *, *, #1993, .F. ) ;
#3938 = AXIS2_PLACEMENT_3D ( 'NONE', #2417, #4349, #144 ) ;
#3939 = FILL_AREA_STYLE_COLOUR ( '', #3564 ) ;
#3940 = DIRECTION ( 'NONE',  ( -0.4990263461614615204, 0.8665868137911754143, 0.0000000000000000000 ) ) ;
#3941 = VERTEX_POINT ( 'NONE', #239 ) ;
#3942 = EDGE_CURVE ( 'NONE', #3187, #3907, #4285, .T. ) ;
#3943 = DIRECTION ( 'NONE',  ( -0.0000000000000000000, 0.8326902705830219187, 0.5537390299377259462 ) ) ;
#3944 = PRESENTATION_LAYER_ASSIGNMENT (  '', '', ( #1254 ) ) ;
#3945 = ORIENTED_EDGE ( 'NONE', *, *, #2262, .F. ) ;
#3946 = DIRECTION ( 'NONE',  ( 0.0000000000000000000, -0.9925461516413223162, -0.1218693434051450475 ) ) ;
#3947 = PLANE ( 'NONE',  #2452 ) ;
#3948 = EDGE_CURVE ( 'NONE', #3701, #1108, #75, .T. ) ;
#3949 = STYLED_ITEM ( 'NONE', ( #1509 ), #4585 ) ;
#3950 = VERTEX_POINT ( 'NONE', #4918 ) ;
#3951 =( NAMED_UNIT ( * ) PLANE_ANGLE_UNIT ( ) SI_UNIT ( $, .RADIAN. ) );
#3952 = CARTESIAN_POINT ( 'NONE',  ( 1.132305525200816732, 0.6520411803952980145, -5.180000000000001492 ) ) ;
#3953 = FILL_AREA_STYLE ('',( #1248 ) ) ;
#3954 = VERTEX_POINT ( 'NONE', #1048 ) ;
#3955 = PLANE ( 'NONE',  #3938 ) ;
#3956 = DIRECTION ( 'NONE',  ( 0.0000000000000000000, 1.000000000000000000, 0.0000000000000000000 ) ) ;
#3957 = CARTESIAN_POINT ( 'NONE',  ( 0.6349999999999996758, -0.6897854548132907881, -5.180000000000000604 ) ) ;
#3958 = CARTESIAN_POINT ( 'NONE',  ( -2.155000000000000693, 1.379999999999941052, -3.803592672549160891 ) ) ;
#3959 = EDGE_LOOP ( 'NONE', ( #151, #1319, #2703, #107 ) ) ;
#3960 = FILL_AREA_STYLE_COLOUR ( '', #384 ) ;
#3961 = PRESENTATION_STYLE_ASSIGNMENT (( #1817 ) ) ;
#3962 = DIRECTION ( 'NONE',  ( 1.000000000000000000, 0.0000000000000000000, -1.066865606381800214E-16 ) ) ;
#3963 = AXIS2_PLACEMENT_3D ( 'NONE', #4506, #1779, #2984 ) ;
#3964 = EDGE_LOOP ( 'NONE', ( #1300, #4916, #4301, #943 ) ) ;
#3965 =( NAMED_UNIT ( * ) SI_UNIT ( $, .STERADIAN. ) SOLID_ANGLE_UNIT ( ) );
#3966 = CARTESIAN_POINT ( 'NONE',  ( 0.6349999999999996758, -3.229785454813289824, -5.180000000000000604 ) ) ;
#3967 = PLANE ( 'NONE',  #4846 ) ;
#3968 = COLOUR_RGB ( '',1.000000000000000000, 1.000000000000000000, 1.000000000000000000 ) ;
#3969 = FILL_AREA_STYLE ('',( #2772 ) ) ;
#3970 = DIRECTION ( 'NONE',  ( 1.000000000000000000, 0.0000000000000000000, -1.066865606381800214E-16 ) ) ;
#3971 = FACE_OUTER_BOUND ( 'NONE', #2437, .T. ) ;
#3972 = EDGE_CURVE ( 'NONE', #2002, #4611, #4576, .T. ) ;
#3973 = UNCERTAINTY_MEASURE_WITH_UNIT (LENGTH_MEASURE( 1.000000000000000082E-05 ), #2176, 'distance_accuracy_value', 'NONE');
#3974 = SURFACE_STYLE_USAGE ( .BOTH. , #115 ) ;
#3975 = COLOUR_RGB ( '',1.000000000000000000, 1.000000000000000000, 1.000000000000000000 ) ;
#3976 = EDGE_LOOP ( 'NONE', ( #1154, #617, #836, #96 ) ) ;
#3977 = PRESENTATION_LAYER_ASSIGNMENT (  '', '', ( #3949 ) ) ;
#3978 = CARTESIAN_POINT ( 'NONE',  ( 1.939798254128725308, -0.7502145451867077153, 4.980000000000000426 ) ) ;
#3979 = EDGE_CURVE ( 'NONE', #1800, #2505, #3497, .T. ) ;
#3980 = UNCERTAINTY_MEASURE_WITH_UNIT (LENGTH_MEASURE( 1.000000000000000082E-05 ), #1199, 'distance_accuracy_value', 'NONE');
#3981 = ORIENTED_EDGE ( 'NONE', *, *, #2887, .T. ) ;
#3982 = LINE ( 'NONE', #892, #537 ) ;
#3983 = STYLED_ITEM ( 'NONE', ( #2212 ), #698 ) ;
#3984 = VERTEX_POINT ( 'NONE', #3305 ) ;
#3985 = DIRECTION ( 'NONE',  ( 0.0000000000000000000, 0.0000000000000000000, -1.000000000000000000 ) ) ;
#3986 = SURFACE_SIDE_STYLE ('',( #4404 ) ) ;
#3987 = VECTOR ( 'NONE', #2568, 1000.000000000000000 ) ;
#3988 = VECTOR ( 'NONE', #3065, 1000.000000000000000 ) ;
#3989 = PLANE ( 'NONE',  #980 ) ;
#3990 = DIRECTION ( 'NONE',  ( 0.0000000000000000000, 0.0000000000000000000, 1.000000000000000000 ) ) ;
#3991 = LINE ( 'NONE', #2046, #3569 ) ;
#3992 = VECTOR ( 'NONE', #142, 1000.000000000000000 ) ;
#3993 = CARTESIAN_POINT ( 'NONE',  ( -0.6350000000000001199, 1.179999999999940652, 3.696407327450841329 ) ) ;
#3994 = DIRECTION ( 'NONE',  ( 1.000000000000000000, -0.0000000000000000000, 0.0000000000000000000 ) ) ;
#3995 = VECTOR ( 'NONE', #3225, 1000.000000000000000 ) ;
#3996 = DIRECTION ( 'NONE',  ( 0.0000000000000000000, 0.8326902705830219187, 0.5537390299377258351 ) ) ;
#3997 = LINE ( 'NONE', #1982, #2944 ) ;
#3998 = PRESENTATION_STYLE_ASSIGNMENT (( #1182 ) ) ;
#3999 = ORIENTED_EDGE ( 'NONE', *, *, #4545, .T. ) ;
#4000 = UNCERTAINTY_MEASURE_WITH_UNIT (LENGTH_MEASURE( 1.000000000000000082E-05 ), #956, 'distance_accuracy_value', 'NONE');
#4001 = COLOUR_RGB ( '',1.000000000000000000, 1.000000000000000000, 1.000000000000000000 ) ;
#4002 = EDGE_LOOP ( 'NONE', ( #1676, #4411, #3345, #4030 ) ) ;
#4003 = AXIS2_PLACEMENT_3D ( 'NONE', #2644, #3397, #1521 ) ;
#4004 = CARTESIAN_POINT ( 'NONE',  ( 3.174999999999999822, 1.379999999999940830, -3.803592672549160447 ) ) ;
#4005 = EDGE_CURVE ( 'NONE', #224, #1294, #1261, .T. ) ;
#4006 = SURFACE_SIDE_STYLE ('',( #2267 ) ) ;
#4007 = ORIENTED_EDGE ( 'NONE', *, *, #3686, .T. ) ;
#4008 = MECHANICAL_DESIGN_GEOMETRIC_PRESENTATION_REPRESENTATION (  '', ( #2848 ), #2951 ) ;
#4009 = DIRECTION ( 'NONE',  ( 0.0000000000000000000, 0.0000000000000000000, -1.000000000000000000 ) ) ;
#4010 = DIRECTION ( 'NONE',  ( -0.6398927117843705714, 0.6398927117843773438, -0.4255286533366235413 ) ) ;
#4011 = DIRECTION ( 'NONE',  ( 0.0000000000000000000, -0.8326902705830219187, 0.5537390299377259462 ) ) ;
#4012 = PRESENTATION_LAYER_ASSIGNMENT (  '', '', ( #648 ) ) ;
#4013 = ORIENTED_EDGE ( 'NONE', *, *, #1420, .F. ) ;
#4014 = PLANE ( 'NONE',  #3794 ) ;
#4015 = EDGE_LOOP ( 'NONE', ( #3054, #353, #1159, #135 ) ) ;
#4016 = VECTOR ( 'NONE', #7, 1000.000000000000000 ) ;
#4017 = DIRECTION ( 'NONE',  ( 0.0000000000000000000, 0.8326902705830219187, 0.5537390299377259462 ) ) ;
#4018 = PRESENTATION_STYLE_ASSIGNMENT (( #1378 ) ) ;
#4019 = PRESENTATION_LAYER_ASSIGNMENT (  '', '', ( #2169 ) ) ;
#4020 = FILL_AREA_STYLE ('',( #24 ) ) ;
#4021 = FILL_AREA_STYLE_COLOUR ( '', #1650 ) ;
#4022 = PRESENTATION_STYLE_ASSIGNMENT (( #3974 ) ) ;
#4023 = FACE_OUTER_BOUND ( 'NONE', #445, .T. ) ;
#4024 = VERTEX_POINT ( 'NONE', #2912 ) ;
#4025 = DIRECTION ( 'NONE',  ( -0.0000000000000000000, 1.000000000000000000, 0.0000000000000000000 ) ) ;
#4026 = DIRECTION ( 'NONE',  ( 0.0000000000000000000, 0.0000000000000000000, 1.000000000000000000 ) ) ;
#4027 = VECTOR ( 'NONE', #3946, 1000.000000000000000 ) ;
#4028 = SURFACE_STYLE_FILL_AREA ( #2509 ) ;
#4029 = UNCERTAINTY_MEASURE_WITH_UNIT (LENGTH_MEASURE( 1.000000000000000082E-05 ), #1421, 'distance_accuracy_value', 'NONE');
#4030 = ORIENTED_EDGE ( 'NONE', *, *, #3388, .F. ) ;
#4031 = DIRECTION ( 'NONE',  ( -0.0000000000000000000, 3.354547903289223418E-16, -1.000000000000000000 ) ) ;
#4032 = AXIS2_PLACEMENT_3D ( 'NONE', #4078, #2520, #290 ) ;
#4033 =( LENGTH_UNIT ( ) NAMED_UNIT ( * ) SI_UNIT ( .MILLI., .METRE. ) );
#4034 =( NAMED_UNIT ( * ) PLANE_ANGLE_UNIT ( ) SI_UNIT ( $, .RADIAN. ) );
#4035 = SURFACE_STYLE_USAGE ( .BOTH. , #609 ) ;
#4036 = ORIENTED_EDGE ( 'NONE', *, *, #4356, .T. ) ;
#4037 = DIRECTION ( 'NONE',  ( 0.8163544071109960498, -0.5775512808318012947, 0.0000000000000000000 ) ) ;
#4038 = PRESENTATION_LAYER_ASSIGNMENT (  '', '', ( #986 ) ) ;
#4039 = ORIENTED_EDGE ( 'NONE', *, *, #4865, .T. ) ;
#4040 = PRESENTATION_STYLE_ASSIGNMENT (( #1478 ) ) ;
#4041 = EDGE_CURVE ( 'NONE', #1924, #1064, #201, .T. ) ;
#4042 = CARTESIAN_POINT ( 'NONE',  ( -2.254999999999999893, -3.229785454813289824, -5.180000000000001492 ) ) ;
#4043 = VERTEX_POINT ( 'NONE', #4138 ) ;
#4044 = PRESENTATION_LAYER_ASSIGNMENT (  '', '', ( #2312 ) ) ;
#4045 = CARTESIAN_POINT ( 'NONE',  ( 2.254999999999999893, -3.229785454813289380, -5.180000000000001492 ) ) ;
#4046 = CARTESIAN_POINT ( 'NONE',  ( 3.174999999999999822, 1.379999999999940830, 3.803592672549160447 ) ) ;
#4047 = VECTOR ( 'NONE', #3737, 1000.000000000000000 ) ;
#4048 = FACE_OUTER_BOUND ( 'NONE', #3121, .T. ) ;
#4049 = VECTOR ( 'NONE', #1458, 1000.000000000000000 ) ;
#4050 = MECHANICAL_DESIGN_GEOMETRIC_PRESENTATION_REPRESENTATION (  '', ( #1882 ), #940 ) ;
#4051 = VECTOR ( 'NONE', #71, 1000.000000000000114 ) ;
#4052 =( NAMED_UNIT ( * ) PLANE_ANGLE_UNIT ( ) SI_UNIT ( $, .RADIAN. ) );
#4053 = LINE ( 'NONE', #2456, #4826 ) ;
#4054 = VECTOR ( 'NONE', #1960, 1000.000000000000000 ) ;
#4055 = SURFACE_SIDE_STYLE ('',( #906 ) ) ;
#4056 = PLANE ( 'NONE',  #2187 ) ;
#4057 = VERTEX_POINT ( 'NONE', #1422 ) ;
#4058 = SURFACE_STYLE_FILL_AREA ( #4564 ) ;
#4059 = CARTESIAN_POINT ( 'NONE',  ( -1.905000000000000471, 1.379999999999940830, -3.803592672549160891 ) ) ;
#4060 =( GEOMETRIC_REPRESENTATION_CONTEXT ( 3 ) GLOBAL_UNCERTAINTY_ASSIGNED_CONTEXT ( ( #4962 ) ) GLOBAL_UNIT_ASSIGNED_CONTEXT ( ( #860, #496, #1263 ) ) REPRESENTATION_CONTEXT ( 'NONE', 'WORKASPACE' ) );
#4061 = ORIENTED_EDGE ( 'NONE', *, *, #1533, .F. ) ;
#4062 = APPLICATION_CONTEXT ( 'automotive_design' ) ;
#4063 = SURFACE_SIDE_STYLE ('',( #2573 ) ) ;
#4064 = PRESENTATION_STYLE_ASSIGNMENT (( #4920 ) ) ;
#4065 = ORIENTED_EDGE ( 'NONE', *, *, #3013, .T. ) ;
#4066 = EDGE_CURVE ( 'NONE', #4043, #1434, #4757, .T. ) ;
#4067 =( GEOMETRIC_REPRESENTATION_CONTEXT ( 3 ) GLOBAL_UNCERTAINTY_ASSIGNED_CONTEXT ( ( #4142 ) ) GLOBAL_UNIT_ASSIGNED_CONTEXT ( ( #2149, #951, #1734 ) ) REPRESENTATION_CONTEXT ( 'NONE', 'WORKASPACE' ) );
#4068 = SURFACE_STYLE_USAGE ( .BOTH. , #3285 ) ;
#4069 = FILL_AREA_STYLE_COLOUR ( '', #4949 ) ;
#4070 = DIRECTION ( 'NONE',  ( 0.0000000000000000000, 0.0000000000000000000, -1.000000000000000000 ) ) ;
#4071 = ORIENTED_EDGE ( 'NONE', *, *, #2609, .T. ) ;
#4072 = SURFACE_STYLE_FILL_AREA ( #241 ) ;
#4073 = EDGE_CURVE ( 'NONE', #338, #4783, #4515, .T. ) ;
#4074 = DIRECTION ( 'NONE',  ( 0.0000000000000000000, -0.9925461516413223162, 0.1218693434051450475 ) ) ;
#4075 = AXIS2_PLACEMENT_3D ( 'NONE', #2035, #1656, #4749 ) ;
#4076 = ORIENTED_EDGE ( 'NONE', *, *, #4098, .F. ) ;
#4077 = VECTOR ( 'NONE', #4553, 1000.000000000000000 ) ;
#4078 = CARTESIAN_POINT ( 'NONE',  ( 0.2050000000000000155, 5.751495533476131091E-18, -5.180000000000001492 ) ) ;
#4079 = DIRECTION ( 'NONE',  ( 0.1209742911513518593, 0.9852565360152938378, -0.1209742911513518732 ) ) ;
#4080 = PRESENTATION_LAYER_ASSIGNMENT (  '', '', ( #375 ) ) ;
#4081 = EDGE_LOOP ( 'NONE', ( #2942, #2071, #1085, #3580 ) ) ;
#4082 = LINE ( 'NONE', #3707, #875 ) ;
#4083 = SURFACE_SIDE_STYLE ('',( #599 ) ) ;
#4084 =( NAMED_UNIT ( * ) SI_UNIT ( $, .STERADIAN. ) SOLID_ANGLE_UNIT ( ) );
#4085 = EDGE_LOOP ( 'NONE', ( #3031, #2252, #3777, #3945 ) ) ;
#4086 = CARTESIAN_POINT ( 'NONE',  ( 2.155000000000000693, 1.179999999999940874, 3.037721543909708721 ) ) ;
#4087 = DIRECTION ( 'NONE',  ( 1.000000000000000000, 2.805607577305429395E-17, 0.0000000000000000000 ) ) ;
#4088 = LINE ( 'NONE', #4590, #4804 ) ;
#4089 =( LENGTH_UNIT ( ) NAMED_UNIT ( * ) SI_UNIT ( .MILLI., .METRE. ) );
#4090 = ADVANCED_FACE ( 'NONE', ( #1760 ), #3716, .F. ) ;
#4091 = APPLICATION_PROTOCOL_DEFINITION ( 'draft international standard', 'automotive_design', 1998, #603 ) ;
#4092 =( NAMED_UNIT ( * ) SI_UNIT ( $, .STERADIAN. ) SOLID_ANGLE_UNIT ( ) );
#4093 = MECHANICAL_DESIGN_GEOMETRIC_PRESENTATION_REPRESENTATION (  '', ( #4195 ), #4960 ) ;
#4094 = EDGE_LOOP ( 'NONE', ( #4903, #2932, #1047, #3455 ) ) ;
#4095 = ORIENTED_EDGE ( 'NONE', *, *, #3013, .F. ) ;
#4096 = DIRECTION ( 'NONE',  ( 0.0000000000000000000, 1.000000000000000000, 0.0000000000000000000 ) ) ;
#4097 = PLANE ( 'NONE',  #3963 ) ;
#4098 = EDGE_CURVE ( 'NONE', #4498, #4353, #2497, .T. ) ;
#4099 = FILL_AREA_STYLE ('',( #643 ) ) ;
#4100 = LINE ( 'NONE', #476, #2329 ) ;
#4101 = SURFACE_STYLE_FILL_AREA ( #3114 ) ;
#4102 =( GEOMETRIC_REPRESENTATION_CONTEXT ( 3 ) GLOBAL_UNCERTAINTY_ASSIGNED_CONTEXT ( ( #4029 ) ) GLOBAL_UNIT_ASSIGNED_CONTEXT ( ( #1421, #3101, #4965 ) ) REPRESENTATION_CONTEXT ( 'NONE', 'WORKASPACE' ) );
#4103 = SURFACE_STYLE_USAGE ( .BOTH. , #1391 ) ;
#4104 = VECTOR ( 'NONE', #2495, 1000.000000000000000 ) ;
#4105 = EDGE_CURVE ( 'NONE', #3907, #4122, #314, .T. ) ;
#4106 =( GEOMETRIC_REPRESENTATION_CONTEXT ( 3 ) GLOBAL_UNCERTAINTY_ASSIGNED_CONTEXT ( ( #4777 ) ) GLOBAL_UNIT_ASSIGNED_CONTEXT ( ( #4237, #3084, #834 ) ) REPRESENTATION_CONTEXT ( 'NONE', 'WORKASPACE' ) );
#4107 = FILL_AREA_STYLE ('',( #3727 ) ) ;
#4108 = UNCERTAINTY_MEASURE_WITH_UNIT (LENGTH_MEASURE( 1.000000000000000082E-05 ), #3828, 'distance_accuracy_value', 'NONE');
#4109 = PRESENTATION_STYLE_ASSIGNMENT (( #4717 ) ) ;
#4111 = LINE ( 'NONE', #4110, #3574 ) ;
#4110 = CARTESIAN_POINT ( 'NONE',  ( -3.175000000000000266, 1.379999999999941052, -3.050000000000000266 ) ) ;
#4112 = AXIS2_PLACEMENT_3D ( 'NONE', #2091, #3626, #4026 ) ;
#4113 = CARTESIAN_POINT ( 'NONE',  ( -2.620511074464890289, -1.350599623873458777, -4.980000000000001315 ) ) ;
#4114 = FACE_OUTER_BOUND ( 'NONE', #4210, .T. ) ;
#4115 = ORIENTED_EDGE ( 'NONE', *, *, #1296, .F. ) ;
#4116 = DIRECTION ( 'NONE',  ( 0.8665868137911754143, -0.4990263461614615204, 0.0000000000000000000 ) ) ;
#4117 = ADVANCED_FACE ( 'NONE', ( #1326 ), #1857, .F. ) ;
#4118 = CARTESIAN_POINT ( 'NONE',  ( 0.6349999999999996758, 1.279999999999940963, -3.050000000000000266 ) ) ;
#4119 = VECTOR ( 'NONE', #712, 1000.000000000000000 ) ;
#4120 = CARTESIAN_POINT ( 'NONE',  ( -1.289821544454908375, 0.2357885529477172504, -4.324307939740588580 ) ) ;
#4121 = PRODUCT_DEFINITION_CONTEXT ( 'detailed design', #631, 'design' ) ;
#4122 = VERTEX_POINT ( 'NONE', #4544 ) ;
#4123 = DIRECTION ( 'NONE',  ( -0.0000000000000000000, -0.0000000000000000000, 1.000000000000000000 ) ) ;
#4124 =( NAMED_UNIT ( * ) PLANE_ANGLE_UNIT ( ) SI_UNIT ( $, .RADIAN. ) );
#4125 = COLOUR_RGB ( '',1.000000000000000000, 1.000000000000000000, 1.000000000000000000 ) ;
#4126 = PRESENTATION_LAYER_ASSIGNMENT (  '', '', ( #4957 ) ) ;
#4127 = SURFACE_SIDE_STYLE ('',( #2426 ) ) ;
#4128 = ORIENTED_EDGE ( 'NONE', *, *, #2743, .T. ) ;
#4129 = PLANE ( 'NONE',  #150 ) ;
#4130 =( NAMED_UNIT ( * ) SI_UNIT ( $, .STERADIAN. ) SOLID_ANGLE_UNIT ( ) );
#4131 = CARTESIAN_POINT ( 'NONE',  ( 0.2050000000000000988, -1.297579787036334587, -4.980000000000000426 ) ) ;
#4132 = EDGE_LOOP ( 'NONE', ( #3037, #719, #1480, #2555 ) ) ;
#4133 = PRESENTATION_LAYER_ASSIGNMENT (  '', '', ( #3347 ) ) ;
#4134 = FACE_OUTER_BOUND ( 'NONE', #3645, .T. ) ;
#4135 = FILL_AREA_STYLE_COLOUR ( '', #583 ) ;
#4136 = SURFACE_SIDE_STYLE ('',( #1186 ) ) ;
#4137 =( LENGTH_UNIT ( ) NAMED_UNIT ( * ) SI_UNIT ( .MILLI., .METRE. ) );
#4138 = CARTESIAN_POINT ( 'NONE',  ( 3.174999999999999822, 1.379999999999940830, 3.803592672549160447 ) ) ;
#4139 = EDGE_CURVE ( 'NONE', #4654, #1835, #1708, .T. ) ;
#4140 = ORIENTED_EDGE ( 'NONE', *, *, #2581, .T. ) ;
#4141 = COLOUR_RGB ( '',1.000000000000000000, 1.000000000000000000, 1.000000000000000000 ) ;
#4142 = UNCERTAINTY_MEASURE_WITH_UNIT (LENGTH_MEASURE( 1.000000000000000082E-05 ), #2149, 'distance_accuracy_value', 'NONE');
#4143 = ADVANCED_FACE ( 'NONE', ( #2390 ), #695, .F. ) ;
#4144 = VECTOR ( 'NONE', #1922, 1000.000000000000000 ) ;
#4145 = ORIENTED_EDGE ( 'NONE', *, *, #2947, .F. ) ;
#4146 = LINE ( 'NONE', #2077, #2537 ) ;
#4147 = DIRECTION ( 'NONE',  ( 0.0000000000000000000, 2.877422278584525882E-16, -1.000000000000000000 ) ) ;
#4148 =( NAMED_UNIT ( * ) SI_UNIT ( $, .STERADIAN. ) SOLID_ANGLE_UNIT ( ) );
#4149 = AXIS2_PLACEMENT_3D ( 'NONE', #4811, #3708, #2907 ) ;
#4150 = DIRECTION ( 'NONE',  ( 2.805607577305429395E-17, -1.000000000000000000, 0.0000000000000000000 ) ) ;
#4151 = EDGE_LOOP ( 'NONE', ( #433, #4662, #3613, #1278, #770, #427 ) ) ;
#4152 = CARTESIAN_POINT ( 'NONE',  ( -2.254999999999999893, -1.297579787036334587, -5.180000000000001492 ) ) ;
#4153 = DIRECTION ( 'NONE',  ( -0.5075789797523821978, -0.7174502954629138340, -0.4771044464828518294 ) ) ;
#4154 =( NAMED_UNIT ( * ) PLANE_ANGLE_UNIT ( ) SI_UNIT ( $, .RADIAN. ) );
#4155 = ORIENTED_EDGE ( 'NONE', *, *, #573, .F. ) ;
#4156 = CARTESIAN_POINT ( 'NONE',  ( -2.665000000000000924, -1.297579787036334587, -5.180000000000001492 ) ) ;
#4157 = AXIS2_PLACEMENT_3D ( 'NONE', #3501, #66, #45 ) ;
#4158 = FACE_OUTER_BOUND ( 'NONE', #4192, .T. ) ;
#4159 = ORIENTED_EDGE ( 'NONE', *, *, #4685, .T. ) ;
#4160 = EDGE_LOOP ( 'NONE', ( #561, #1429, #4899, #3509 ) ) ;
#4161 = CARTESIAN_POINT ( 'NONE',  ( 0.6349999999999996758, 1.379999999999941052, 3.050000000000000266 ) ) ;
#4162 = DIRECTION ( 'NONE',  ( 0.5775512808318012947, 0.8163544071109959388, 0.0000000000000000000 ) ) ;
#4163 = VECTOR ( 'NONE', #3405, 1000.000000000000000 ) ;
#4164 = ORIENTED_EDGE ( 'NONE', *, *, #4476, .F. ) ;
#4165 = CARTESIAN_POINT ( 'NONE',  ( -3.124293972555287180, -0.7502145451867079373, 4.980000000000000426 ) ) ;
#4166 = DIRECTION ( 'NONE',  ( 0.8163544071109961608, 0.5775512808318011837, 0.0000000000000000000 ) ) ;
#4167 = LINE ( 'NONE', #1016, #1079 ) ;
#4168 = SURFACE_STYLE_FILL_AREA ( #2089 ) ;
#4169 = ADVANCED_FACE ( 'NONE', ( #900 ), #3787, .T. ) ;
#4170 = EDGE_CURVE ( 'NONE', #2871, #4513, #1577, .T. ) ;
#4171 = SURFACE_STYLE_USAGE ( .BOTH. , #1459 ) ;
#4172 = FACE_OUTER_BOUND ( 'NONE', #4151, .T. ) ;
#4173 = PRESENTATION_LAYER_ASSIGNMENT (  '', '', ( #456 ) ) ;
#4174 = LINE ( 'NONE', #985, #3135 ) ;
#4175 = FILL_AREA_STYLE_COLOUR ( '', #4596 ) ;
#4176 = FACE_OUTER_BOUND ( 'NONE', #154, .T. ) ;
#4177 = MECHANICAL_DESIGN_GEOMETRIC_PRESENTATION_REPRESENTATION (  '', ( #2097 ), #812 ) ;
#4178 = VECTOR ( 'NONE', #1552, 1000.000000000000000 ) ;
#4179 = EDGE_LOOP ( 'NONE', ( #3386, #3607, #3929, #28 ) ) ;
#4180 = CARTESIAN_POINT ( 'NONE',  ( 1.905000000000000027, 0.0000000000000000000, 0.0000000000000000000 ) ) ;
#4181 = SURFACE_SIDE_STYLE ('',( #3767 ) ) ;
#4182 = CARTESIAN_POINT ( 'NONE',  ( 2.254999999999999893, -1.297579787036334364, -5.180000000000001492 ) ) ;
#4183 = ORIENTED_EDGE ( 'NONE', *, *, #2477, .T. ) ;
#4184 = CARTESIAN_POINT ( 'NONE',  ( -0.6350000000000001199, 1.279999999999940963, -3.050000000000000266 ) ) ;
#4185 = CARTESIAN_POINT ( 'NONE',  ( 0.7484104718430666381, -0.5294825664389725128, 5.180000000000001492 ) ) ;
#4186 = DIRECTION ( 'NONE',  ( -0.0000000000000000000, -0.0000000000000000000, 1.000000000000000000 ) ) ;
#4187 = FILL_AREA_STYLE_COLOUR ( '', #3123 ) ;
#4188 = ORIENTED_EDGE ( 'NONE', *, *, #4666, .T. ) ;
#4189 = LINE ( 'NONE', #1798, #4418 ) ;
#4190 = FILL_AREA_STYLE ('',( #4175 ) ) ;
#4191 = MECHANICAL_DESIGN_GEOMETRIC_PRESENTATION_REPRESENTATION (  '', ( #4957 ), #4531 ) ;
#4192 = EDGE_LOOP ( 'NONE', ( #1095, #1940, #1657, #2361, #2673, #4281 ) ) ;
#4193 =( NAMED_UNIT ( * ) PLANE_ANGLE_UNIT ( ) SI_UNIT ( $, .RADIAN. ) );
#4194 = ADVANCED_FACE ( 'NONE', ( #2863 ), #3391, .F. ) ;
#4195 = STYLED_ITEM ( 'NONE', ( #3889 ), #2615 ) ;
#4196 = CARTESIAN_POINT ( 'NONE',  ( -4.065000000000000391, 1.279999999999940963, -3.049999999999998934 ) ) ;
#4197 = DIRECTION ( 'NONE',  ( 0.0000000000000000000, 2.877422278584525882E-16, -1.000000000000000000 ) ) ;
#4198 = ORIENTED_EDGE ( 'NONE', *, *, #2403, .F. ) ;
#4199 = LINE ( 'NONE', #1110, #1900 ) ;
#4200 = EDGE_CURVE ( 'NONE', #1642, #3941, #2556, .T. ) ;
#4201 = CARTESIAN_POINT ( 'NONE',  ( 0.6349999999999996758, 0.0000000000000000000, 2.884066873769634763E-16 ) ) ;
#4202 = DIRECTION ( 'NONE',  ( -1.000000000000000000, 0.0000000000000000000, 1.066865606381800214E-16 ) ) ;
#4203 = FILL_AREA_STYLE_COLOUR ( '', #2775 ) ;
#4204 = ORIENTED_EDGE ( 'NONE', *, *, #2222, .T. ) ;
#4205 = PLANE ( 'NONE',  #2790 ) ;
#4206 =( NAMED_UNIT ( * ) PLANE_ANGLE_UNIT ( ) SI_UNIT ( $, .RADIAN. ) );
#4207 = EDGE_CURVE ( 'NONE', #3950, #4464, #2732, .T. ) ;
#4208 = VECTOR ( 'NONE', #410, 1000.000000000000000 ) ;
#4209 = SURFACE_STYLE_FILL_AREA ( #411 ) ;
#4210 = EDGE_LOOP ( 'NONE', ( #4752, #4188, #1468, #1425 ) ) ;
#4211 = VECTOR ( 'NONE', #2451, 1000.000000000000000 ) ;
#4212 = MECHANICAL_DESIGN_GEOMETRIC_PRESENTATION_REPRESENTATION (  '', ( #87 ), #1291 ) ;
#4213 =( NAMED_UNIT ( * ) SI_UNIT ( $, .STERADIAN. ) SOLID_ANGLE_UNIT ( ) );
#4214 = SURFACE_STYLE_FILL_AREA ( #1436 ) ;
#4215 = SURFACE_STYLE_FILL_AREA ( #34 ) ;
#4216 = CARTESIAN_POINT ( 'NONE',  ( -3.175000000000000266, 1.279999999999940963, 3.050000000000000266 ) ) ;
#4217 =( NAMED_UNIT ( * ) SI_UNIT ( $, .STERADIAN. ) SOLID_ANGLE_UNIT ( ) );
#4218 = SURFACE_SIDE_STYLE ('',( #1932 ) ) ;
#4219 = STYLED_ITEM ( 'NONE', ( #4823 ), #1058 ) ;
#4220 = CARTESIAN_POINT ( 'NONE',  ( -2.155000000000000693, 5.421010862427522170E-16, 4.721292672549147085 ) ) ;
#4221 = VECTOR ( 'NONE', #2139, 999.9999999999998863 ) ;
#4222 = DIRECTION ( 'NONE',  ( -0.0000000000000000000, -0.0000000000000000000, 1.000000000000000000 ) ) ;
#4223 = PRODUCT_RELATED_PRODUCT_CATEGORY ( 'part', '', ( #1230 ) ) ;
#4224 = FILL_AREA_STYLE_COLOUR ( '', #2207 ) ;
#4225 = ORIENTED_EDGE ( 'NONE', *, *, #4248, .F. ) ;
#4226 = CARTESIAN_POINT ( 'NONE',  ( 2.202819513953836239, -1.848385041708787035, -5.180000000000001492 ) ) ;
#4227 = VECTOR ( 'NONE', #2546, 1000.000000000000000 ) ;
#4228 = ORIENTED_EDGE ( 'NONE', *, *, #1289, .F. ) ;
#4229 = PRESENTATION_LAYER_ASSIGNMENT (  '', '', ( #3009 ) ) ;
#4230 = SURFACE_SIDE_STYLE ('',( #3546 ) ) ;
#4231 = ORIENTED_EDGE ( 'NONE', *, *, #3388, .T. ) ;
#4232 =( NAMED_UNIT ( * ) SI_UNIT ( $, .STERADIAN. ) SOLID_ANGLE_UNIT ( ) );
#4233 = UNCERTAINTY_MEASURE_WITH_UNIT (LENGTH_MEASURE( 1.000000000000000082E-05 ), #1579, 'distance_accuracy_value', 'NONE');
#4234 = CARTESIAN_POINT ( 'NONE',  ( 3.907835762044281847, 0.0000000000000000000, 0.0000000000000000000 ) ) ;
#4235 = VECTOR ( 'NONE', #1451, 1000.000000000000000 ) ;
#4236 = STYLED_ITEM ( 'NONE', ( #803 ), #2905 ) ;
#4237 =( LENGTH_UNIT ( ) NAMED_UNIT ( * ) SI_UNIT ( .MILLI., .METRE. ) );
#4238 = SURFACE_STYLE_FILL_AREA ( #3428 ) ;
#4239 = VECTOR ( 'NONE', #2241, 1000.000000000000000 ) ;
#4240 = DIRECTION ( 'NONE',  ( 0.1209742911513518593, 0.9852565360152938378, 0.1209742911513518454 ) ) ;
#4241 = EDGE_CURVE ( 'NONE', #969, #1642, #1810, .T. ) ;
#4242 = DIRECTION ( 'NONE',  ( 0.0000000000000000000, 0.0000000000000000000, 1.000000000000000000 ) ) ;
#4243 = LINE ( 'NONE', #2757, #2943 ) ;
#4244 = FILL_AREA_STYLE_COLOUR ( '', #4813 ) ;
#4245 = AXIS2_PLACEMENT_3D ( 'NONE', #2131, #1363, #568 ) ;
#4246 = VERTEX_POINT ( 'NONE', #4340 ) ;
#4247 = CARTESIAN_POINT ( 'NONE',  ( -0.6350000000000001199, 1.179999999999940874, 3.037721543909709165 ) ) ;
#4248 = EDGE_CURVE ( 'NONE', #2458, #4365, #3982, .T. ) ;
#4249 = SURFACE_STYLE_FILL_AREA ( #4399 ) ;
#4250 = MECHANICAL_DESIGN_GEOMETRIC_PRESENTATION_REPRESENTATION (  '', ( #2466 ), #4746 ) ;
#4251 = CARTESIAN_POINT ( 'NONE',  ( 0.6349999999999996758, 1.179999999999940874, -3.037721543909709165 ) ) ;
#4252 = CARTESIAN_POINT ( 'NONE',  ( -2.155000000000000693, 1.179999999999940874, -3.037721543909709165 ) ) ;
#4253 = ORIENTED_EDGE ( 'NONE', *, *, #3220, .T. ) ;
#4254 = DIRECTION ( 'NONE',  ( -0.7660444431189767922, -0.6427876096865409172, 0.0000000000000000000 ) ) ;
#4255 = FILL_AREA_STYLE ('',( #422 ) ) ;
#4256 = LINE ( 'NONE', #3691, #3211 ) ;
#4257 = ORIENTED_EDGE ( 'NONE', *, *, #1636, .T. ) ;
#4258 = MECHANICAL_DESIGN_GEOMETRIC_PRESENTATION_REPRESENTATION (  '', ( #358 ), #4728 ) ;
#4259 = SURFACE_SIDE_STYLE ('',( #4264 ) ) ;
#4260 = DIRECTION ( 'NONE',  ( 0.0000000000000000000, -1.000000000000000000, -2.877422278584525882E-16 ) ) ;
#4261 = ORIENTED_EDGE ( 'NONE', *, *, #3948, .T. ) ;
#4262 = SURFACE_STYLE_FILL_AREA ( #3221 ) ;
#4263 =( NAMED_UNIT ( * ) PLANE_ANGLE_UNIT ( ) SI_UNIT ( $, .RADIAN. ) );
#4264 = SURFACE_STYLE_FILL_AREA ( #13 ) ;
#4265 = ORIENTED_EDGE ( 'NONE', *, *, #2058, .T. ) ;
#4266 = CARTESIAN_POINT ( 'NONE',  ( -2.155000000000000693, 1.379999999999941052, -5.180000000000001492 ) ) ;
#4267 = EDGE_CURVE ( 'NONE', #1188, #4735, #3806, .T. ) ;
#4268 = EDGE_LOOP ( 'NONE', ( #2272, #1913, #122, #4812, #3338 ) ) ;
#4269 = PRESENTATION_LAYER_ASSIGNMENT (  '', '', ( #714 ) ) ;
#4270 =( NAMED_UNIT ( * ) PLANE_ANGLE_UNIT ( ) SI_UNIT ( $, .RADIAN. ) );
#4271 = PLANE ( 'NONE',  #2315 ) ;
#4272 = ORIENTED_EDGE ( 'NONE', *, *, #1785, .F. ) ;
#4273 = VECTOR ( 'NONE', #387, 1000.000000000000000 ) ;
#4274 =( GEOMETRIC_REPRESENTATION_CONTEXT ( 3 ) GLOBAL_UNCERTAINTY_ASSIGNED_CONTEXT ( ( #2098 ) ) GLOBAL_UNIT_ASSIGNED_CONTEXT ( ( #260, #2889, #1003 ) ) REPRESENTATION_CONTEXT ( 'NONE', 'WORKASPACE' ) );
#4275 =( NAMED_UNIT ( * ) PLANE_ANGLE_UNIT ( ) SI_UNIT ( $, .RADIAN. ) );
#4276 = CARTESIAN_POINT ( 'NONE',  ( 2.254999999999999893, -3.229785454813289380, -5.180000000000001492 ) ) ;
#4277 = VECTOR ( 'NONE', #3222, 1000.000000000000000 ) ;
#4278 = PRESENTATION_LAYER_ASSIGNMENT (  '', '', ( #1705 ) ) ;
#4279 = CARTESIAN_POINT ( 'NONE',  ( -3.086266979436329407E-16, 0.0000000000000000000, -2.892835762044281278 ) ) ;
#4280 = LINE ( 'NONE', #2244, #1322 ) ;
#4281 = ORIENTED_EDGE ( 'NONE', *, *, #804, .F. ) ;
#4282 = PLANE ( 'NONE',  #733 ) ;
#4283 = CARTESIAN_POINT ( 'NONE',  ( -3.175000000000000266, 1.179999999999940652, 3.696407327450841329 ) ) ;
#4284 = LINE ( 'NONE', #3605, #1582 ) ;
#4285 = LINE ( 'NONE', #3369, #2869 ) ;
#4286 =( NAMED_UNIT ( * ) SI_UNIT ( $, .STERADIAN. ) SOLID_ANGLE_UNIT ( ) );
#4287 = SURFACE_SIDE_STYLE ('',( #169 ) ) ;
#4288 =( NAMED_UNIT ( * ) SI_UNIT ( $, .STERADIAN. ) SOLID_ANGLE_UNIT ( ) );
#4289 = LINE ( 'NONE', #4708, #1592 ) ;
#4290 = LINE ( 'NONE', #3454, #2407 ) ;
#4291 = ORIENTED_EDGE ( 'NONE', *, *, #2532, .T. ) ;
#4292 = CARTESIAN_POINT ( 'NONE',  ( -0.6350000000000001199, 0.0000000000000000000, -2.884066873769634763E-16 ) ) ;
#4293 = LINE ( 'NONE', #543, #215 ) ;
#4294 = FILL_AREA_STYLE_COLOUR ( '', #3474 ) ;
#4295 =( NAMED_UNIT ( * ) PLANE_ANGLE_UNIT ( ) SI_UNIT ( $, .RADIAN. ) );
#4296 = EDGE_CURVE ( 'NONE', #1762, #1854, #133, .T. ) ;
#4297 = ORIENTED_EDGE ( 'NONE', *, *, #955, .T. ) ;
#4298 = ORIENTED_EDGE ( 'NONE', *, *, #2066, .F. ) ;
#4299 = CARTESIAN_POINT ( 'NONE',  ( -2.254999999999999893, -3.229785454813289824, -5.180000000000001492 ) ) ;
#4300 = PRESENTATION_LAYER_ASSIGNMENT (  '', '', ( #2997 ) ) ;
#4301 = ORIENTED_EDGE ( 'NONE', *, *, #989, .T. ) ;
#4302 =( LENGTH_UNIT ( ) NAMED_UNIT ( * ) SI_UNIT ( .MILLI., .METRE. ) );
#4303 = VERTEX_POINT ( 'NONE', #3074 ) ;
#4304 =( LENGTH_UNIT ( ) NAMED_UNIT ( * ) SI_UNIT ( .MILLI., .METRE. ) );
#4305 = ORIENTED_EDGE ( 'NONE', *, *, #3621, .F. ) ;
#4306 = ORIENTED_EDGE ( 'NONE', *, *, #4546, .F. ) ;
#4307 = VECTOR ( 'NONE', #245, 1000.000000000000000 ) ;
#4308 = DIRECTION ( 'NONE',  ( 0.0000000000000000000, 0.0000000000000000000, 1.000000000000000000 ) ) ;
#4309 = SURFACE_STYLE_USAGE ( .BOTH. , #1264 ) ;
#4310 =( NAMED_UNIT ( * ) PLANE_ANGLE_UNIT ( ) SI_UNIT ( $, .RADIAN. ) );
#4311 = AXIS2_PLACEMENT_3D ( 'NONE', #2202, #2171, #645 ) ;
#4312 = ORIENTED_EDGE ( 'NONE', *, *, #776, .F. ) ;
#4313 = CARTESIAN_POINT ( 'NONE',  ( 3.174999999999999822, -3.229785454813289824, -5.180000000000000604 ) ) ;
#4314 = CARTESIAN_POINT ( 'NONE',  ( 2.254999999999999893, -1.297579787036334364, -5.180000000000001492 ) ) ;
#4315 = EDGE_CURVE ( 'NONE', #118, #2994, #1321, .T. ) ;
#4316 =( NAMED_UNIT ( * ) PLANE_ANGLE_UNIT ( ) SI_UNIT ( $, .RADIAN. ) );
#4317 = LINE ( 'NONE', #1246, #1 ) ;
#4318 = DIRECTION ( 'NONE',  ( 0.0000000000000000000, 0.0000000000000000000, 1.000000000000000000 ) ) ;
#4319 = MECHANICAL_DESIGN_GEOMETRIC_PRESENTATION_REPRESENTATION (  '', ( #714 ), #4582 ) ;
#4320 = CARTESIAN_POINT ( 'NONE',  ( -2.155000000000000693, 1.179999999999940874, 3.037721543909709165 ) ) ;
#4321 =( NAMED_UNIT ( * ) SI_UNIT ( $, .STERADIAN. ) SOLID_ANGLE_UNIT ( ) );
#4322 = SURFACE_STYLE_FILL_AREA ( #1044 ) ;
#4323 = LINE ( 'NONE', #1941, #2611 ) ;
#4324 = PRESENTATION_LAYER_ASSIGNMENT (  '', '', ( #1327 ) ) ;
#4325 = DIRECTION ( 'NONE',  ( -1.000000000000000000, -0.0000000000000000000, 0.0000000000000000000 ) ) ;
#4326 = ORIENTED_EDGE ( 'NONE', *, *, #2511, .F. ) ;
#4327 = VECTOR ( 'NONE', #1383, 1000.000000000000114 ) ;
#4328 = ORIENTED_EDGE ( 'NONE', *, *, #2118, .F. ) ;
#4329 = SURFACE_SIDE_STYLE ('',( #731 ) ) ;
#4330 = DIRECTION ( 'NONE',  ( 0.0000000000000000000, -0.0000000000000000000, 1.000000000000000000 ) ) ;
#4331 = DIRECTION ( 'NONE',  ( -0.0000000000000000000, 0.0000000000000000000, 1.000000000000000000 ) ) ;
#4332 = VERTEX_POINT ( 'NONE', #4714 ) ;
#4333 = DIRECTION ( 'NONE',  ( 0.0000000000000000000, -0.8326902705830219187, -0.5537390299377259462 ) ) ;
#4334 = LINE ( 'NONE', #4851, #4822 ) ;
#4335 = ORIENTED_EDGE ( 'NONE', *, *, #2372, .T. ) ;
#4336 = FILL_AREA_STYLE ('',( #507 ) ) ;
#4337 = SURFACE_STYLE_FILL_AREA ( #104 ) ;
#4338 = DIRECTION ( 'NONE',  ( -0.6427876096865409172, -0.7660444431189766812, 0.0000000000000000000 ) ) ;
#4339 = UNCERTAINTY_MEASURE_WITH_UNIT (LENGTH_MEASURE( 1.000000000000000082E-05 ), #2788, 'distance_accuracy_value', 'NONE');
#4340 = CARTESIAN_POINT ( 'NONE',  ( 2.665000000000000924, -1.297579787036334587, 4.980000000000001315 ) ) ;
#4341 = MECHANICAL_DESIGN_GEOMETRIC_PRESENTATION_REPRESENTATION (  '', ( #2669 ), #635 ) ;
#4342 =( NAMED_UNIT ( * ) SI_UNIT ( $, .STERADIAN. ) SOLID_ANGLE_UNIT ( ) );
#4343 =( NAMED_UNIT ( * ) SI_UNIT ( $, .STERADIAN. ) SOLID_ANGLE_UNIT ( ) );
#4344 = CARTESIAN_POINT ( 'NONE',  ( 2.155000000000000693, 0.0000000000000000000, -5.180000000000001492 ) ) ;
#4345 = FACE_OUTER_BOUND ( 'NONE', #2657, .T. ) ;
#4346 = VERTEX_POINT ( 'NONE', #1652 ) ;
#4347 = EDGE_CURVE ( 'NONE', #4783, #2789, #1185, .T. ) ;
#4348 = EDGE_CURVE ( 'NONE', #4122, #4870, #4100, .T. ) ;
#4349 = DIRECTION ( 'NONE',  ( 0.0000000000000000000, -0.1218693434051535129, -0.9925461516413213170 ) ) ;
#4350 = CARTESIAN_POINT ( 'NONE',  ( 0.5922478592132809361, -0.7502145451867079373, 4.980000000000000426 ) ) ;
#4351 = MECHANICAL_DESIGN_GEOMETRIC_PRESENTATION_REPRESENTATION (  '', ( #644 ), #833 ) ;
#4352 = DIRECTION ( 'NONE',  ( 0.4323696878290420043, 0.7508338448215395866, -0.4993045068063385883 ) ) ;
#4353 = VERTEX_POINT ( 'NONE', #3177 ) ;
#4354 = PRESENTATION_STYLE_ASSIGNMENT (( #3312 ) ) ;
#4355 = DIRECTION ( 'NONE',  ( -1.058913351932741632E-16, 0.1218693434051443258, -0.9925461516413224272 ) ) ;
#4356 = EDGE_CURVE ( 'NONE', #326, #4654, #10, .T. ) ;
#4357 = STYLED_ITEM ( 'NONE', ( #1627 ), #4864 ) ;
#4358 = ORIENTED_EDGE ( 'NONE', *, *, #1569, .F. ) ;
#4359 = DIRECTION ( 'NONE',  ( 0.0000000000000000000, 0.9925461516413212060, -0.1218693434051535129 ) ) ;
#4360 = VECTOR ( 'NONE', #3169, 1000.000000000000000 ) ;
#4361 =( LENGTH_UNIT ( ) NAMED_UNIT ( * ) SI_UNIT ( .MILLI., .METRE. ) );
#4362 = ADVANCED_FACE ( 'NONE', ( #1927 ), #1688, .F. ) ;
#4363 = STYLED_ITEM ( 'NONE', ( #3130 ), #1067 ) ;
#4364 = CARTESIAN_POINT ( 'NONE',  ( -1.905000000000000471, 1.279999999999940963, -3.050000000000000266 ) ) ;
#4365 = VERTEX_POINT ( 'NONE', #136 ) ;
#4366 = VECTOR ( 'NONE', #3243, 1000.000000000000000 ) ;
#4367 =( NAMED_UNIT ( * ) PLANE_ANGLE_UNIT ( ) SI_UNIT ( $, .RADIAN. ) );
#4368 = FILL_AREA_STYLE ('',( #2847 ) ) ;
#4369 = LINE ( 'NONE', #2292, #2423 ) ;
#4370 = DIRECTION ( 'NONE',  ( 0.0000000000000000000, 0.0000000000000000000, -1.000000000000000000 ) ) ;
#4371 = EDGE_LOOP ( 'NONE', ( #1373, #741, #4552, #33, #1963, #165, #159 ) ) ;
#4372 = CARTESIAN_POINT ( 'NONE',  ( 0.6349999999999996758, 1.179999999999940652, 3.696407327450841329 ) ) ;
#4373 = LINE ( 'NONE', #2078, #3098 ) ;
#4374 = CARTESIAN_POINT ( 'NONE',  ( 3.174999999999999822, 1.179999999999940652, -3.696407327450840885 ) ) ;
#4375 =( GEOMETRIC_REPRESENTATION_CONTEXT ( 3 ) GLOBAL_UNCERTAINTY_ASSIGNED_CONTEXT ( ( #853 ) ) GLOBAL_UNIT_ASSIGNED_CONTEXT ( ( #1951, #3913, #3105 ) ) REPRESENTATION_CONTEXT ( 'NONE', 'WORKASPACE' ) );
#4376 = CARTESIAN_POINT ( 'NONE',  ( -3.175000000000000266, 1.379999999999940830, 3.803592672549160891 ) ) ;
#4377 = VECTOR ( 'NONE', #1902, 1000.000000000000000 ) ;
#4378 = ORIENTED_EDGE ( 'NONE', *, *, #1785, .T. ) ;
#4379 = FACE_OUTER_BOUND ( 'NONE', #4529, .T. ) ;
#4380 = CARTESIAN_POINT ( 'NONE',  ( 3.174999999999999822, 1.379999999999941052, 3.049999999999999822 ) ) ;
#4381 = ORIENTED_EDGE ( 'NONE', *, *, #1595, .T. ) ;
#4382 =( NAMED_UNIT ( * ) SI_UNIT ( $, .STERADIAN. ) SOLID_ANGLE_UNIT ( ) );
#4383 =( NAMED_UNIT ( * ) PLANE_ANGLE_UNIT ( ) SI_UNIT ( $, .RADIAN. ) );
#4384 = AXIS2_PLACEMENT_3D ( 'NONE', #2880, #1334, #4820 ) ;
#4385 =( NAMED_UNIT ( * ) PLANE_ANGLE_UNIT ( ) SI_UNIT ( $, .RADIAN. ) );
#4386 = FACE_OUTER_BOUND ( 'NONE', #3719, .T. ) ;
#4387 =( LENGTH_UNIT ( ) NAMED_UNIT ( * ) SI_UNIT ( .MILLI., .METRE. ) );
#4388 = EDGE_CURVE ( 'NONE', #839, #2796, #4502, .T. ) ;
#4389 =( LENGTH_UNIT ( ) NAMED_UNIT ( * ) SI_UNIT ( .MILLI., .METRE. ) );
#4390 = ADVANCED_FACE ( 'NONE', ( #2154 ), #3161, .F. ) ;
#4391 =( LENGTH_UNIT ( ) NAMED_UNIT ( * ) SI_UNIT ( .MILLI., .METRE. ) );
#4392 = VECTOR ( 'NONE', #1262, 1000.000000000000000 ) ;
#4393 = VECTOR ( 'NONE', #3245, 1000.000000000000000 ) ;
#4394 = ORIENTED_EDGE ( 'NONE', *, *, #2362, .F. ) ;
#4395 = PRESENTATION_LAYER_ASSIGNMENT (  '', '', ( #2992 ) ) ;
#4396 = FILL_AREA_STYLE ('',( #2832 ) ) ;
#4397 = VERTEX_POINT ( 'NONE', #3619 ) ;
#4398 = DIRECTION ( 'NONE',  ( 0.0000000000000000000, -0.8326902705830219187, -0.5537390299377259462 ) ) ;
#4399 = FILL_AREA_STYLE ('',( #3638 ) ) ;
#4400 = DIRECTION ( 'NONE',  ( 0.0000000000000000000, -0.8326902705830219187, 0.5537390299377259462 ) ) ;
#4401 = FILL_AREA_STYLE ('',( #237 ) ) ;
#4402 = ORIENTED_EDGE ( 'NONE', *, *, #2970, .T. ) ;
#4403 = AXIS2_PLACEMENT_3D ( 'NONE', #4059, #2122, #1754 ) ;
#4404 = SURFACE_STYLE_FILL_AREA ( #3953 ) ;
#4405 = DIRECTION ( 'NONE',  ( 0.7071067811865509034, -0.7071067811865442421, 0.0000000000000000000 ) ) ;
#4406 =( NAMED_UNIT ( * ) SI_UNIT ( $, .STERADIAN. ) SOLID_ANGLE_UNIT ( ) );
#4407 = FILL_AREA_STYLE ('',( #163 ) ) ;
#4408 = LINE ( 'NONE', #2301, #3641 ) ;
#4409 = ORIENTED_EDGE ( 'NONE', *, *, #4481, .F. ) ;
#4410 =( NAMED_UNIT ( * ) PLANE_ANGLE_UNIT ( ) SI_UNIT ( $, .RADIAN. ) );
#4411 = ORIENTED_EDGE ( 'NONE', *, *, #4790, .T. ) ;
#4412 =( GEOMETRIC_REPRESENTATION_CONTEXT ( 3 ) GLOBAL_UNCERTAINTY_ASSIGNED_CONTEXT ( ( #1437 ) ) GLOBAL_UNIT_ASSIGNED_CONTEXT ( ( #4725, #3910, #886 ) ) REPRESENTATION_CONTEXT ( 'NONE', 'WORKASPACE' ) );
#4413 = CARTESIAN_POINT ( 'NONE',  ( 2.254999999999999893, -1.297579787036334364, -4.980000000000000426 ) ) ;
#4414 = CARTESIAN_POINT ( 'NONE',  ( 2.155000000000001137, 1.084202172485504434E-16, 4.721292672549147085 ) ) ;
#4415 = EDGE_CURVE ( 'NONE', #3256, #766, #2442, .T. ) ;
#4416 = ORIENTED_EDGE ( 'NONE', *, *, #1526, .T. ) ;
#4417 = AXIS2_PLACEMENT_3D ( 'NONE', #2601, #3823, #2277 ) ;
#4418 = VECTOR ( 'NONE', #2088, 1000.000000000000227 ) ;
#4419 = DIRECTION ( 'NONE',  ( 1.000000000000000000, 0.0000000000000000000, 0.0000000000000000000 ) ) ;
#4420 =( GEOMETRIC_REPRESENTATION_CONTEXT ( 3 ) GLOBAL_UNCERTAINTY_ASSIGNED_CONTEXT ( ( #610 ) ) GLOBAL_UNIT_ASSIGNED_CONTEXT ( ( #2134, #3286, #592 ) ) REPRESENTATION_CONTEXT ( 'NONE', 'WORKASPACE' ) );
#4421 = VERTEX_POINT ( 'NONE', #2873 ) ;
#4422 = CARTESIAN_POINT ( 'NONE',  ( 3.145244481646391588, -0.7252467007107064045, -4.980000000000000426 ) ) ;
#4423 = MECHANICAL_DESIGN_GEOMETRIC_PRESENTATION_REPRESENTATION (  '', ( #752 ), #1431 ) ;
#4424 = PLANE ( 'NONE',  #2376 ) ;
#4425 = VERTEX_POINT ( 'NONE', #591 ) ;
#4426 = FACE_OUTER_BOUND ( 'NONE', #4371, .T. ) ;
#4427 = SURFACE_STYLE_USAGE ( .BOTH. , #1751 ) ;
#4428 = VECTOR ( 'NONE', #3869, 1000.000000000000227 ) ;
#4429 = ORIENTED_EDGE ( 'NONE', *, *, #2919, .F. ) ;
#4430 = LINE ( 'NONE', #1060, #1908 ) ;
#4431 = UNCERTAINTY_MEASURE_WITH_UNIT (LENGTH_MEASURE( 1.000000000000000082E-05 ), #3697, 'distance_accuracy_value', 'NONE');
#4432 = COLOUR_RGB ( '',1.000000000000000000, 1.000000000000000000, 1.000000000000000000 ) ;
#4433 = ORIENTED_EDGE ( 'NONE', *, *, #2947, .T. ) ;
#4434 = DIRECTION ( 'NONE',  ( 0.0000000000000000000, 1.000000000000000000, 0.0000000000000000000 ) ) ;
#4435 = AXIS2_PLACEMENT_3D ( 'NONE', #1218, #2781, #3647 ) ;
#4436 = PRESENTATION_LAYER_ASSIGNMENT (  '', '', ( #2607 ) ) ;
#4437 = PRESENTATION_STYLE_ASSIGNMENT (( #3049 ) ) ;
#4438 = FACE_OUTER_BOUND ( 'NONE', #4829, .T. ) ;
#4439 = FILL_AREA_STYLE_COLOUR ( '', #1122 ) ;
#4440 = CARTESIAN_POINT ( 'NONE',  ( 0.6349999999999996758, -0.6897854548132914543, 4.939814654901677038 ) ) ;
#4441 = EDGE_CURVE ( 'NONE', #1294, #4638, #1698, .T. ) ;
#4442 = VECTOR ( 'NONE', #4398, 1000.000000000000114 ) ;
#4443 = CARTESIAN_POINT ( 'NONE',  ( 0.6350000000000001199, -0.6897854548132907881, -5.180000000000001492 ) ) ;
#4444 = MECHANICAL_DESIGN_GEOMETRIC_PRESENTATION_REPRESENTATION (  '', ( #2613 ), #674 ) ;
#4445 = ORIENTED_EDGE ( 'NONE', *, *, #3151, .T. ) ;
#4446 = PRESENTATION_STYLE_ASSIGNMENT (( #3590 ) ) ;
#4447 = ORIENTED_EDGE ( 'NONE', *, *, #3586, .T. ) ;
#4448 = EDGE_CURVE ( 'NONE', #1345, #2994, #1444, .T. ) ;
#4449 = PRESENTATION_LAYER_ASSIGNMENT (  '', '', ( #1638 ) ) ;
#4450 = CARTESIAN_POINT ( 'NONE',  ( 3.174999999999999822, 1.179999999999940652, 3.696407327450840885 ) ) ;
#4451 = SURFACE_SIDE_STYLE ('',( #1554 ) ) ;
#4452 = VECTOR ( 'NONE', #2739, 1000.000000000000114 ) ;
#4453 = ORIENTED_EDGE ( 'NONE', *, *, #1692, .T. ) ;
#4454 = STYLED_ITEM ( 'NONE', ( #2996 ), #1165 ) ;
#4455 = PRESENTATION_STYLE_ASSIGNMENT (( #6 ) ) ;
#4456 = DIRECTION ( 'NONE',  ( 0.0000000000000000000, 3.354547903289223418E-16, 1.000000000000000000 ) ) ;
#4457 = LINE ( 'NONE', #1174, #1651 ) ;
#4458 = DIRECTION ( 'NONE',  ( -0.4323696878290420043, 0.7508338448215395866, -0.4993045068063385883 ) ) ;
#4459 = VECTOR ( 'NONE', #403, 1000.000000000000000 ) ;
#4460 = AXIS2_PLACEMENT_3D ( 'NONE', #4789, #3724, #4419 ) ;
#4461 = EDGE_LOOP ( 'NONE', ( #622, #293, #3023, #4095 ) ) ;
#4462 = FACE_OUTER_BOUND ( 'NONE', #1499, .T. ) ;
#4463 = AXIS2_PLACEMENT_3D ( 'NONE', #1549, #3492, #53 ) ;
#4464 = VERTEX_POINT ( 'NONE', #2101 ) ;
#4465 = APPLICATION_PROTOCOL_DEFINITION ( 'draft international standard', 'automotive_design', 1998, #1788 ) ;
#4466 = PLANE ( 'NONE',  #2356 ) ;
#4467 = UNCERTAINTY_MEASURE_WITH_UNIT (LENGTH_MEASURE( 1.000000000000000082E-05 ), #147, 'distance_accuracy_value', 'NONE');
#4468 = SURFACE_SIDE_STYLE ('',( #858 ) ) ;
#4469 = ORIENTED_EDGE ( 'NONE', *, *, #3909, .T. ) ;
#4470 = PRESENTATION_STYLE_ASSIGNMENT (( #1844 ) ) ;
#4471 = PRESENTATION_LAYER_ASSIGNMENT (  '', '', ( #4236 ) ) ;
#4472 = FILL_AREA_STYLE_COLOUR ( '', #1367 ) ;
#4473 = DIRECTION ( 'NONE',  ( -0.0000000000000000000, -0.0000000000000000000, 1.000000000000000000 ) ) ;
#4474 = EDGE_LOOP ( 'NONE', ( #4198, #4257, #3784, #2237, #2264, #4514 ) ) ;
#4475 = SURFACE_STYLE_FILL_AREA ( #225 ) ;
#4476 = EDGE_CURVE ( 'NONE', #553, #969, #3862, .T. ) ;
#4477 = PLANE ( 'NONE',  #4311 ) ;
#4478 = MECHANICAL_DESIGN_GEOMETRIC_PRESENTATION_REPRESENTATION (  '', ( #3949 ), #18 ) ;
#4479 = ORIENTED_EDGE ( 'NONE', *, *, #947, .T. ) ;
#4480 = ADVANCED_FACE ( 'NONE', ( #2671 ), #2896, .F. ) ;
#4481 = EDGE_CURVE ( 'NONE', #2603, #528, #188, .T. ) ;
#4482 = DIRECTION ( 'NONE',  ( -0.0000000000000000000, 0.9925461516413212060, 0.1218693434051535129 ) ) ;
#4483 = FACE_OUTER_BOUND ( 'NONE', #2643, .T. ) ;
#4484 = AXIS2_PLACEMENT_3D ( 'NONE', #811, #1219, #2371 ) ;
#4485 = DIRECTION ( 'NONE',  ( -1.000000000000000000, -0.0000000000000000000, 0.0000000000000000000 ) ) ;
#4486 = ORIENTED_EDGE ( 'NONE', *, *, #3319, .F. ) ;
#4487 = UNCERTAINTY_MEASURE_WITH_UNIT (LENGTH_MEASURE( 1.000000000000000082E-05 ), #4567, 'distance_accuracy_value', 'NONE');
#4488 = LINE ( 'NONE', #272, #4669 ) ;
#4489 = CARTESIAN_POINT ( 'NONE',  ( -0.6350000000000001199, 1.379999999999941052, 3.050000000000000266 ) ) ;
#4490 = SURFACE_SIDE_STYLE ('',( #4028 ) ) ;
#4491 = CARTESIAN_POINT ( 'NONE',  ( 0.6065084976609267375, -0.7300574865300545335, -4.980000000000000426 ) ) ;
#4492 = VECTOR ( 'NONE', #1726, 1000.000000000000114 ) ;
#4493 = VECTOR ( 'NONE', #4578, 1000.000000000000114 ) ;
#4494 = ORIENTED_EDGE ( 'NONE', *, *, #3453, .F. ) ;
#4495 = UNCERTAINTY_MEASURE_WITH_UNIT (LENGTH_MEASURE( 1.000000000000000082E-05 ), #1081, 'distance_accuracy_value', 'NONE');
#4496 = DIRECTION ( 'NONE',  ( 0.0000000000000000000, -1.000000000000000000, 0.0000000000000000000 ) ) ;
#4497 = FACE_OUTER_BOUND ( 'NONE', #4474, .T. ) ;
#4498 = VERTEX_POINT ( 'NONE', #2440 ) ;
#4499 =( LENGTH_UNIT ( ) NAMED_UNIT ( * ) SI_UNIT ( .MILLI., .METRE. ) );
#4500 = DIRECTION ( 'NONE',  ( 0.0000000000000000000, -0.9925461516413223162, -0.1218693434051450475 ) ) ;
#4501 =( GEOMETRIC_REPRESENTATION_CONTEXT ( 3 ) GLOBAL_UNCERTAINTY_ASSIGNED_CONTEXT ( ( #868 ) ) GLOBAL_UNIT_ASSIGNED_CONTEXT ( ( #4649, #3924, #2690 ) ) REPRESENTATION_CONTEXT ( 'NONE', 'WORKASPACE' ) );
#4502 = LINE ( 'NONE', #2069, #4392 ) ;
#4503 = VERTEX_POINT ( 'NONE', #2493 ) ;
#4504 = FILL_AREA_STYLE ('',( #4439 ) ) ;
#4505 = SURFACE_STYLE_USAGE ( .BOTH. , #1824 ) ;
#4506 = CARTESIAN_POINT ( 'NONE',  ( -2.155000000000000693, 0.0000000000000000000, -5.180000000000001492 ) ) ;
#4507 = ADVANCED_FACE ( 'NONE', ( #2387 ), #2821, .F. ) ;
#4508 = EDGE_CURVE ( 'NONE', #1723, #842, #3115, .T. ) ;
#4509 = PLANE ( 'NONE',  #3738 ) ;
#4510 = ORIENTED_EDGE ( 'NONE', *, *, #1498, .F. ) ;
#4511 = SURFACE_STYLE_FILL_AREA ( #1071 ) ;
#4512 = COLOUR_RGB ( '',1.000000000000000000, 1.000000000000000000, 1.000000000000000000 ) ;
#4513 = VERTEX_POINT ( 'NONE', #1749 ) ;
#4514 = ORIENTED_EDGE ( 'NONE', *, *, #3220, .F. ) ;
#4515 = LINE ( 'NONE', #4120, #3129 ) ;
#4516 = LINE ( 'NONE', #124, #4452 ) ;
#4517 =( GEOMETRIC_REPRESENTATION_CONTEXT ( 3 ) GLOBAL_UNCERTAINTY_ASSIGNED_CONTEXT ( ( #1679 ) ) GLOBAL_UNIT_ASSIGNED_CONTEXT ( ( #2259, #3882, #4658 ) ) REPRESENTATION_CONTEXT ( 'NONE', 'WORKASPACE' ) );
#4518 = PRESENTATION_LAYER_ASSIGNMENT (  '', '', ( #2855 ) ) ;
#4519 = CARTESIAN_POINT ( 'NONE',  ( 0.6349999999999996758, 1.379999999999941052, 3.037721543909710054 ) ) ;
#4520 =( NAMED_UNIT ( * ) PLANE_ANGLE_UNIT ( ) SI_UNIT ( $, .RADIAN. ) );
#4521 = FACE_OUTER_BOUND ( 'NONE', #4015, .T. ) ;
#4522 = CARTESIAN_POINT ( 'NONE',  ( 3.174999999999999822, 1.379999999999941052, 3.049999999999999822 ) ) ;
#4523 = EDGE_LOOP ( 'NONE', ( #2235, #2762, #3215, #1242 ) ) ;
#4524 = AXIS2_PLACEMENT_3D ( 'NONE', #4770, #2774, #1286 ) ;
#4525 =( NAMED_UNIT ( * ) SI_UNIT ( $, .STERADIAN. ) SOLID_ANGLE_UNIT ( ) );
#4526 = ORIENTED_EDGE ( 'NONE', *, *, #368, .F. ) ;
#4527 =( NAMED_UNIT ( * ) SI_UNIT ( $, .STERADIAN. ) SOLID_ANGLE_UNIT ( ) );
#4528 = DIRECTION ( 'NONE',  ( 0.0000000000000000000, 1.000000000000000000, -0.0000000000000000000 ) ) ;
#4529 = EDGE_LOOP ( 'NONE', ( #516, #2366, #248, #1222 ) ) ;
#4530 = DIRECTION ( 'NONE',  ( -0.0000000000000000000, 0.8326902705830219187, -0.5537390299377258351 ) ) ;
#4531 =( GEOMETRIC_REPRESENTATION_CONTEXT ( 3 ) GLOBAL_UNCERTAINTY_ASSIGNED_CONTEXT ( ( #996 ) ) GLOBAL_UNIT_ASSIGNED_CONTEXT ( ( #2797, #98, #1239 ) ) REPRESENTATION_CONTEXT ( 'NONE', 'WORKASPACE' ) );
#4532 = DIRECTION ( 'NONE',  ( 0.0000000000000000000, 0.0000000000000000000, 1.000000000000000000 ) ) ;
#4533 = ADVANCED_FACE ( 'NONE', ( #1063 ), #4424, .F. ) ;
#4534 = DIRECTION ( 'NONE',  ( -1.000000000000000000, -0.0000000000000000000, 0.0000000000000000000 ) ) ;
#4535 = DIRECTION ( 'NONE',  ( -0.0000000000000000000, 0.0000000000000000000, 1.000000000000000000 ) ) ;
#4536 = ORIENTED_EDGE ( 'NONE', *, *, #2517, .T. ) ;
#4537 = FILL_AREA_STYLE ('',( #2162 ) ) ;
#4538 = DIRECTION ( 'NONE',  ( 0.0000000000000000000, 0.0000000000000000000, -1.000000000000000000 ) ) ;
#4539 = EDGE_LOOP ( 'NONE', ( #2908, #1006, #4893, #816 ) ) ;
#4540 = AXIS2_PLACEMENT_3D ( 'NONE', #2675, #379, #820 ) ;
#4541 = CARTESIAN_POINT ( 'NONE',  ( -1.905000000000000471, 1.179999999999940652, 3.696407327450841329 ) ) ;
#4542 = FILL_AREA_STYLE_COLOUR ( '', #1076 ) ;
#4543 = SURFACE_SIDE_STYLE ('',( #4249 ) ) ;
#4544 = CARTESIAN_POINT ( 'NONE',  ( 2.155000000000000693, -2.168404344971008868E-16, -4.481107327450825295 ) ) ;
#4545 = EDGE_CURVE ( 'NONE', #1294, #394, #3675, .T. ) ;
#4546 = EDGE_CURVE ( 'NONE', #3984, #1077, #2728, .T. ) ;
#4547 = ORIENTED_EDGE ( 'NONE', *, *, #1838, .T. ) ;
#4548 = CARTESIAN_POINT ( 'NONE',  ( 2.254999999999999893, -0.7502145451867079373, -4.980000000000000426 ) ) ;
#4549 = AXIS2_PLACEMENT_3D ( 'NONE', #968, #3637, #4779 ) ;
#4550 = CARTESIAN_POINT ( 'NONE',  ( -2.665000000000000924, -1.297579787036334587, -5.180000000000001492 ) ) ;
#4551 = VECTOR ( 'NONE', #1998, 1000.000000000000000 ) ;
#4552 = ORIENTED_EDGE ( 'NONE', *, *, #4837, .T. ) ;
#4553 = DIRECTION ( 'NONE',  ( 0.0000000000000000000, 0.0000000000000000000, 1.000000000000000000 ) ) ;
#4554 = PRESENTATION_LAYER_ASSIGNMENT (  '', '', ( #2410 ) ) ;
#4555 = DIRECTION ( 'NONE',  ( -0.0000000000000000000, -0.0000000000000000000, 1.000000000000000000 ) ) ;
#4556 = LINE ( 'NONE', #3156, #3238 ) ;
#4557 = ORIENTED_EDGE ( 'NONE', *, *, #2619, .T. ) ;
#4558 = PRESENTATION_STYLE_ASSIGNMENT (( #30 ) ) ;
#4559 = DIRECTION ( 'NONE',  ( 0.9925461516413224272, 0.1218693434051443258, 0.0000000000000000000 ) ) ;
#4560 = CARTESIAN_POINT ( 'NONE',  ( 3.174999999999999822, 1.379999999999941052, 3.037721543909709609 ) ) ;
#4561 = ADVANCED_FACE ( 'NONE', ( #4620 ), #4014, .F. ) ;
#4562 = PLANE ( 'NONE',  #407 ) ;
#4563 = VECTOR ( 'NONE', #1527, 1000.000000000000000 ) ;
#4564 = FILL_AREA_STYLE ('',( #4932 ) ) ;
#4565 = UNCERTAINTY_MEASURE_WITH_UNIT (LENGTH_MEASURE( 1.000000000000000082E-05 ), #3466, 'distance_accuracy_value', 'NONE');
#4566 = MECHANICAL_DESIGN_GEOMETRIC_PRESENTATION_REPRESENTATION (  '', ( #4 ), #256 ) ;
#4567 =( LENGTH_UNIT ( ) NAMED_UNIT ( * ) SI_UNIT ( .MILLI., .METRE. ) );
#4568 = SURFACE_STYLE_FILL_AREA ( #4504 ) ;
#4569 = COLOUR_RGB ( '',1.000000000000000000, 1.000000000000000000, 1.000000000000000000 ) ;
#4570 =( NAMED_UNIT ( * ) PLANE_ANGLE_UNIT ( ) SI_UNIT ( $, .RADIAN. ) );
#4571 = DIRECTION ( 'NONE',  ( 1.000000000000000000, 0.0000000000000000000, 0.0000000000000000000 ) ) ;
#4572 = PLANE ( 'NONE',  #3150 ) ;
#4573 = LINE ( 'NONE', #3771, #310 ) ;
#4574 = PRESENTATION_LAYER_ASSIGNMENT (  '', '', ( #108 ) ) ;
#4575 = CARTESIAN_POINT ( 'NONE',  ( 3.174999999999999822, 1.279999999999940963, 3.049999999999999822 ) ) ;
#4576 = LINE ( 'NONE', #611, #3313 ) ;
#4577 = FACE_OUTER_BOUND ( 'NONE', #1611, .T. ) ;
#4578 = DIRECTION ( 'NONE',  ( 0.5775512808318012947, 0.8163544071109959388, 0.0000000000000000000 ) ) ;
#4579 = EDGE_CURVE ( 'NONE', #2718, #2632, #2918, .T. ) ;
#4580 =( NAMED_UNIT ( * ) SI_UNIT ( $, .STERADIAN. ) SOLID_ANGLE_UNIT ( ) );
#4581 = FILL_AREA_STYLE_COLOUR ( '', #1389 ) ;
#4582 =( GEOMETRIC_REPRESENTATION_CONTEXT ( 3 ) GLOBAL_UNCERTAINTY_ASSIGNED_CONTEXT ( ( #3207 ) ) GLOBAL_UNIT_ASSIGNED_CONTEXT ( ( #499, #4310, #2396 ) ) REPRESENTATION_CONTEXT ( 'NONE', 'WORKASPACE' ) );
#4583 = VECTOR ( 'NONE', #2972, 1000.000000000000000 ) ;
#4584 = CARTESIAN_POINT ( 'NONE',  ( 0.2050000000000000988, -1.297579787036334587, -5.180000000000001492 ) ) ;
#4585 = ADVANCED_FACE ( 'NONE', ( #998 ), #1804, .F. ) ;
#4586 =( NAMED_UNIT ( * ) PLANE_ANGLE_UNIT ( ) SI_UNIT ( $, .RADIAN. ) );
#4587 =( NAMED_UNIT ( * ) SI_UNIT ( $, .STERADIAN. ) SOLID_ANGLE_UNIT ( ) );
#4588 = VERTEX_POINT ( 'NONE', #2560 ) ;
#4589 = PLANE ( 'NONE',  #1352 ) ;
#4590 = CARTESIAN_POINT ( 'NONE',  ( -2.155000000000000693, 0.0000000000000000000, -5.180000000000001492 ) ) ;
#4591 = CARTESIAN_POINT ( 'NONE',  ( 3.174999999999999822, 1.279999999999940963, -3.049999999999999822 ) ) ;
#4592 = CARTESIAN_POINT ( 'NONE',  ( 2.202819513953836239, -1.848385041708787035, 5.180000000000001492 ) ) ;
#4593 =( NAMED_UNIT ( * ) PLANE_ANGLE_UNIT ( ) SI_UNIT ( $, .RADIAN. ) );
#4594 = ORIENTED_EDGE ( 'NONE', *, *, #392, .F. ) ;
#4595 =( NAMED_UNIT ( * ) PLANE_ANGLE_UNIT ( ) SI_UNIT ( $, .RADIAN. ) );
#4596 = COLOUR_RGB ( '',1.000000000000000000, 1.000000000000000000, 1.000000000000000000 ) ;
#4597 = ORIENTED_EDGE ( 'NONE', *, *, #2461, .T. ) ;
#4598 = PLANE ( 'NONE',  #4771 ) ;
#4599 = MECHANICAL_DESIGN_GEOMETRIC_PRESENTATION_REPRESENTATION (  '', ( #2765 ), #4635 ) ;
#4600 = FILL_AREA_STYLE_COLOUR ( '', #2597 ) ;
#4601 = EDGE_LOOP ( 'NONE', ( #3625, #2116, #68, #2473 ) ) ;
#4602 = LINE ( 'NONE', #1190, #4904 ) ;
#4603 = EDGE_CURVE ( 'NONE', #4615, #2349, #716, .T. ) ;
#4604 = SURFACE_SIDE_STYLE ('',( #2378 ) ) ;
#4605 = DIRECTION ( 'NONE',  ( 0.0000000000000000000, 0.8326902705830219187, 0.5537390299377258351 ) ) ;
#4606 = DIRECTION ( 'NONE',  ( -0.0000000000000000000, -0.0000000000000000000, 1.000000000000000000 ) ) ;
#4607 = ORIENTED_EDGE ( 'NONE', *, *, #1905, .F. ) ;
#4608 = LINE ( 'NONE', #2920, #3039 ) ;
#4609 = CARTESIAN_POINT ( 'NONE',  ( -3.175000000000000266, 1.379999999999941052, 3.050000000000000266 ) ) ;
#4610 = LINE ( 'NONE', #3485, #4208 ) ;
#4611 = VERTEX_POINT ( 'NONE', #294 ) ;
#4612 = SURFACE_STYLE_FILL_AREA ( #4407 ) ;
#4613 = AXIS2_PLACEMENT_3D ( 'NONE', #1290, #3994, #2813 ) ;
#4614 =( NAMED_UNIT ( * ) PLANE_ANGLE_UNIT ( ) SI_UNIT ( $, .RADIAN. ) );
#4615 = VERTEX_POINT ( 'NONE', #3317 ) ;
#4616 = DIRECTION ( 'NONE',  ( 0.0000000000000000000, -0.8326902705830219187, -0.5537390299377259462 ) ) ;
#4617 = DIRECTION ( 'NONE',  ( -0.0000000000000000000, -0.0000000000000000000, 1.000000000000000000 ) ) ;
#4618 = AXIS2_PLACEMENT_3D ( 'NONE', #2664, #1084, #1996 ) ;
#4619 = CARTESIAN_POINT ( 'NONE',  ( -3.175000000000000266, -0.6897854548132907881, 5.180000000000001492 ) ) ;
#4620 = FACE_OUTER_BOUND ( 'NONE', #1848, .T. ) ;
#4621 = COLOUR_RGB ( '',1.000000000000000000, 1.000000000000000000, 1.000000000000000000 ) ;
#4622 = FILL_AREA_STYLE ('',( #455 ) ) ;
#4623 = UNCERTAINTY_MEASURE_WITH_UNIT (LENGTH_MEASURE( 1.000000000000000082E-05 ), #2295, 'distance_accuracy_value', 'NONE');
#4624 = PLANE ( 'NONE',  #3250 ) ;
#4625 = FILL_AREA_STYLE ('',( #4203 ) ) ;
#4626 = ORIENTED_EDGE ( 'NONE', *, *, #4347, .F. ) ;
#4627 = MECHANICAL_DESIGN_GEOMETRIC_PRESENTATION_REPRESENTATION (  '', ( #3875 ), #4687 ) ;
#4628 = PRESENTATION_STYLE_ASSIGNMENT (( #1031 ) ) ;
#4629 = DIRECTION ( 'NONE',  ( -0.7071067811865439090, 0.7071067811865512365, 0.0000000000000000000 ) ) ;
#4630 = ADVANCED_FACE ( 'NONE', ( #3915 ), #4879, .F. ) ;
#4631 = CARTESIAN_POINT ( 'NONE',  ( 0.6349999999999996758, -3.229785454813289824, -5.180000000000000604 ) ) ;
#4632 =( LENGTH_UNIT ( ) NAMED_UNIT ( * ) SI_UNIT ( .MILLI., .METRE. ) );
#4633 = VECTOR ( 'NONE', #4458, 999.9999999999998863 ) ;
#4634 = VECTOR ( 'NONE', #1862, 1000.000000000000114 ) ;
#4635 =( GEOMETRIC_REPRESENTATION_CONTEXT ( 3 ) GLOBAL_UNCERTAINTY_ASSIGNED_CONTEXT ( ( #4000 ) ) GLOBAL_UNIT_ASSIGNED_CONTEXT ( ( #956, #3673, #1353 ) ) REPRESENTATION_CONTEXT ( 'NONE', 'WORKASPACE' ) );
#4636 =( LENGTH_UNIT ( ) NAMED_UNIT ( * ) SI_UNIT ( .MILLI., .METRE. ) );
#4637 = LINE ( 'NONE', #3508, #2504 ) ;
#4638 = VERTEX_POINT ( 'NONE', #1793 ) ;
#4639 = SURFACE_STYLE_USAGE ( .BOTH. , #4656 ) ;
#4640 = EDGE_CURVE ( 'NONE', #4735, #118, #3244, .T. ) ;
#4641 = DIRECTION ( 'NONE',  ( 0.0000000000000000000, 1.000000000000000000, 0.0000000000000000000 ) ) ;
#4642 =( GEOMETRIC_REPRESENTATION_CONTEXT ( 3 ) GLOBAL_UNCERTAINTY_ASSIGNED_CONTEXT ( ( #1943 ) ) GLOBAL_UNIT_ASSIGNED_CONTEXT ( ( #1103, #4206, #1137 ) ) REPRESENTATION_CONTEXT ( 'NONE', 'WORKASPACE' ) );
#4643 = VECTOR ( 'NONE', #2708, 1000.000000000000227 ) ;
#4644 = ORIENTED_EDGE ( 'NONE', *, *, #2549, .T. ) ;
#4645 = UNCERTAINTY_MEASURE_WITH_UNIT (LENGTH_MEASURE( 1.000000000000000082E-05 ), #1087, 'distance_accuracy_value', 'NONE');
#4646 =( GEOMETRIC_REPRESENTATION_CONTEXT ( 3 ) GLOBAL_UNCERTAINTY_ASSIGNED_CONTEXT ( ( #247 ) ) GLOBAL_UNIT_ASSIGNED_CONTEXT ( ( #2921, #3728, #1358 ) ) REPRESENTATION_CONTEXT ( 'NONE', 'WORKASPACE' ) );
#4647 = CARTESIAN_POINT ( 'NONE',  ( 3.174999999999999822, 1.279999999999940963, 3.049999999999999822 ) ) ;
#4648 = ORIENTED_EDGE ( 'NONE', *, *, #3021, .T. ) ;
#4649 =( LENGTH_UNIT ( ) NAMED_UNIT ( * ) SI_UNIT ( .MILLI., .METRE. ) );
#4650 = SURFACE_SIDE_STYLE ('',( #3694 ) ) ;
#4651 = FACE_OUTER_BOUND ( 'NONE', #1282, .T. ) ;
#4652 =( NAMED_UNIT ( * ) PLANE_ANGLE_UNIT ( ) SI_UNIT ( $, .RADIAN. ) );
#4653 = CARTESIAN_POINT ( 'NONE',  ( -1.939798254128725308, -0.7502145451867081594, 4.980000000000000426 ) ) ;
#4654 = VERTEX_POINT ( 'NONE', #4184 ) ;
#4655 = LINE ( 'NONE', #501, #4780 ) ;
#4656 = SURFACE_SIDE_STYLE ('',( #1912 ) ) ;
#4657 = PRESENTATION_LAYER_ASSIGNMENT (  '', '', ( #1981 ) ) ;
#4658 =( NAMED_UNIT ( * ) SI_UNIT ( $, .STERADIAN. ) SOLID_ANGLE_UNIT ( ) );
#4659 = ADVANCED_FACE ( 'NONE', ( #1507 ), #1885, .F. ) ;
#4660 = VERTEX_POINT ( 'NONE', #759 ) ;
#4661 = CARTESIAN_POINT ( 'NONE',  ( -1.905000000000000471, 1.379999999999941052, -3.050000000000000266 ) ) ;
#4662 = ORIENTED_EDGE ( 'NONE', *, *, #2477, .F. ) ;
#4663 = CARTESIAN_POINT ( 'NONE',  ( -2.665000000000000480, -3.229785454813289824, -5.180000000000001492 ) ) ;
#4664 = DIRECTION ( 'NONE',  ( -1.000000000000000000, -0.0000000000000000000, -0.0000000000000000000 ) ) ;
#4665 = FACE_OUTER_BOUND ( 'NONE', #1605, .T. ) ;
#4666 = EDGE_CURVE ( 'NONE', #4778, #1864, #418, .T. ) ;
#4667 = ORIENTED_EDGE ( 'NONE', *, *, #3042, .F. ) ;
#4668 = FILL_AREA_STYLE ('',( #852 ) ) ;
#4669 = VECTOR ( 'NONE', #1411, 1000.000000000000000 ) ;
#4670 = CARTESIAN_POINT ( 'NONE',  ( -2.155000000000000693, 1.379999999999941052, -3.037721543909710054 ) ) ;
#4671 = PRESENTATION_LAYER_ASSIGNMENT (  '', '', ( #3912 ) ) ;
#4672 = FILL_AREA_STYLE ('',( #3451 ) ) ;
#4673 = DIRECTION ( 'NONE',  ( -0.6427876096865409172, -0.7660444431189766812, 0.0000000000000000000 ) ) ;
#4674 = LINE ( 'NONE', #472, #1968 ) ;
#4675 = ORIENTED_EDGE ( 'NONE', *, *, #4248, .T. ) ;
#4676 = MECHANICAL_DESIGN_GEOMETRIC_PRESENTATION_REPRESENTATION (  '', ( #3663 ), #2588 ) ;
#4677 = VECTOR ( 'NONE', #1624, 1000.000000000000000 ) ;
#4678 = AXIS2_PLACEMENT_3D ( 'NONE', #523, #1713, #1306 ) ;
#4679 = CARTESIAN_POINT ( 'NONE',  ( 2.665000000000000480, -3.229785454813290269, 4.980000000000001315 ) ) ;
#4680 =( LENGTH_UNIT ( ) NAMED_UNIT ( * ) SI_UNIT ( .MILLI., .METRE. ) );
#4681 = PRESENTATION_STYLE_ASSIGNMENT (( #4894 ) ) ;
#4682 = FILL_AREA_STYLE_COLOUR ( '', #3231 ) ;
#4683 = ORIENTED_EDGE ( 'NONE', *, *, #2511, .T. ) ;
#4684 = SURFACE_STYLE_USAGE ( .BOTH. , #907 ) ;
#4685 = EDGE_CURVE ( 'NONE', #4425, #487, #1856, .T. ) ;
#4686 = EDGE_LOOP ( 'NONE', ( #443, #3704, #4967, #1663, #3401, #416, #1728 ) ) ;
#4687 =( GEOMETRIC_REPRESENTATION_CONTEXT ( 3 ) GLOBAL_UNCERTAINTY_ASSIGNED_CONTEXT ( ( #3006 ) ) GLOBAL_UNIT_ASSIGNED_CONTEXT ( ( #2044, #2746, #2725 ) ) REPRESENTATION_CONTEXT ( 'NONE', 'WORKASPACE' ) );
#4688 = PRESENTATION_STYLE_ASSIGNMENT (( #3186 ) ) ;
#4689 = ORIENTED_EDGE ( 'NONE', *, *, #178, .T. ) ;
#4690 = FILL_AREA_STYLE_COLOUR ( '', #3122 ) ;
#4691 = STYLED_ITEM ( 'NONE', ( #2901 ), #2566 ) ;
#4692 = PLANE ( 'NONE',  #1198 ) ;
#4693 = FILL_AREA_STYLE ('',( #3812 ) ) ;
#4694 = FACE_OUTER_BOUND ( 'NONE', #1042, .T. ) ;
#4695 = LINE ( 'NONE', #3685, #2043 ) ;
#4696 = CARTESIAN_POINT ( 'NONE',  ( -3.175000000000000266, 1.379999999999941052, 3.037721543909710054 ) ) ;
#4697 = SURFACE_STYLE_USAGE ( .BOTH. , #3986 ) ;
#4698 = LINE ( 'NONE', #3362, #1393 ) ;
#4699 = EDGE_CURVE ( 'NONE', #2515, #3251, #4088, .T. ) ;
#4700 = FILL_AREA_STYLE_COLOUR ( '', #1593 ) ;
#4701 = CARTESIAN_POINT ( 'NONE',  ( 3.174999999999999822, -3.229785454813289824, 5.180000000000000604 ) ) ;
#4702 = ORIENTED_EDGE ( 'NONE', *, *, #1318, .F. ) ;
#4703 = MECHANICAL_DESIGN_GEOMETRIC_PRESENTATION_REPRESENTATION (  '', ( #2704 ), #1721 ) ;
#4704 = DIRECTION ( 'NONE',  ( -1.000000000000000000, 2.244486061844343516E-16, 0.0000000000000000000 ) ) ;
#4705 = DIRECTION ( 'NONE',  ( -1.058913351932741632E-16, 0.1218693434051447144, -0.9925461516413224272 ) ) ;
#4706 = SURFACE_STYLE_FILL_AREA ( #438 ) ;
#4707 = DIRECTION ( 'NONE',  ( 0.8163544071109960498, -0.5775512808318012947, 0.0000000000000000000 ) ) ;
#4708 = CARTESIAN_POINT ( 'NONE',  ( 3.174999999999999822, -3.229785454813289824, -4.980000000000000426 ) ) ;
#4709 = ADVANCED_FACE ( 'NONE', ( #4386 ), #1541, .T. ) ;
#4710 = EDGE_CURVE ( 'NONE', #4421, #1434, #3302, .T. ) ;
#4711 = ORIENTED_EDGE ( 'NONE', *, *, #4200, .T. ) ;
#4712 = UNCERTAINTY_MEASURE_WITH_UNIT (LENGTH_MEASURE( 1.000000000000000082E-05 ), #4033, 'distance_accuracy_value', 'NONE');
#4713 = MECHANICAL_DESIGN_GEOMETRIC_PRESENTATION_REPRESENTATION (  '', ( #2312 ), #430 ) ;
#4714 = CARTESIAN_POINT ( 'NONE',  ( 4.065000000000000391, 1.279999999999940963, -3.049999999999999822 ) ) ;
#4715 = ORIENTED_EDGE ( 'NONE', *, *, #1211, .T. ) ;
#4716 = SURFACE_SIDE_STYLE ('',( #64 ) ) ;
#4717 = SURFACE_STYLE_USAGE ( .BOTH. , #3620 ) ;
#4718 = UNCERTAINTY_MEASURE_WITH_UNIT (LENGTH_MEASURE( 1.000000000000000082E-05 ), #1369, 'distance_accuracy_value', 'NONE');
#4719 = CARTESIAN_POINT ( 'NONE',  ( -1.905000000000000471, -3.229785454813289824, 4.980000000000001315 ) ) ;
#4720 = DIRECTION ( 'NONE',  ( 1.058913351932741632E-16, 0.1218693434051443258, 0.9925461516413224272 ) ) ;
#4721 = CARTESIAN_POINT ( 'NONE',  ( 0.6349999999999996758, 1.179999999999940874, -3.037721543909709165 ) ) ;
#4722 = CARTESIAN_POINT ( 'NONE',  ( -1.905000000000000471, -3.229785454813289824, 5.180000000000001492 ) ) ;
#4723 = ORIENTED_EDGE ( 'NONE', *, *, #243, .F. ) ;
#4724 = PRODUCT_DEFINITION_FORMATION_WITH_SPECIFIED_SOURCE ( 'ANY', '', #1230, .NOT_KNOWN. ) ;
#4725 =( LENGTH_UNIT ( ) NAMED_UNIT ( * ) SI_UNIT ( .MILLI., .METRE. ) );
#4726 = FILL_AREA_STYLE_COLOUR ( '', #1556 ) ;
#4727 = FILL_AREA_STYLE_COLOUR ( '', #3664 ) ;
#4728 =( GEOMETRIC_REPRESENTATION_CONTEXT ( 3 ) GLOBAL_UNCERTAINTY_ASSIGNED_CONTEXT ( ( #1812 ) ) GLOBAL_UNIT_ASSIGNED_CONTEXT ( ( #1914, #2327, #795 ) ) REPRESENTATION_CONTEXT ( 'NONE', 'WORKASPACE' ) );
#4729 = ORIENTED_EDGE ( 'NONE', *, *, #2060, .F. ) ;
#4730 = ORIENTED_EDGE ( 'NONE', *, *, #2021, .T. ) ;
#4731 = LINE ( 'NONE', #1851, #463 ) ;
#4732 = CARTESIAN_POINT ( 'NONE',  ( -0.5922478592132809361, -0.7502145451867078263, 4.980000000000001315 ) ) ;
#4733 = STYLED_ITEM ( 'NONE', ( #1886 ), #2928 ) ;
#4734 = LINE ( 'NONE', #1114, #4377 ) ;
#4735 = VERTEX_POINT ( 'NONE', #3422 ) ;
#4736 = DIRECTION ( 'NONE',  ( -0.0000000000000000000, -0.0000000000000000000, 1.000000000000000000 ) ) ;
#4737 = LINE ( 'NONE', #227, #2080 ) ;
#4738 = PLANE ( 'NONE',  #2903 ) ;
#4739 = FILL_AREA_STYLE_COLOUR ( '', #4001 ) ;
#4740 = EDGE_CURVE ( 'NONE', #2388, #1169, #2090, .T. ) ;
#4741 = ADVANCED_FACE ( 'NONE', ( #184 ), #2598, .F. ) ;
#4742 = ORIENTED_EDGE ( 'NONE', *, *, #2238, .T. ) ;
#4743 = PLANE ( 'NONE',  #4678 ) ;
#4744 = PRESENTATION_LAYER_ASSIGNMENT (  '', '', ( #271 ) ) ;
#4745 = DIRECTION ( 'NONE',  ( 0.0000000000000000000, 0.0000000000000000000, 1.000000000000000000 ) ) ;
#4746 =( GEOMETRIC_REPRESENTATION_CONTEXT ( 3 ) GLOBAL_UNCERTAINTY_ASSIGNED_CONTEXT ( ( #3973 ) ) GLOBAL_UNIT_ASSIGNED_CONTEXT ( ( #2176, #1745, #2144 ) ) REPRESENTATION_CONTEXT ( 'NONE', 'WORKASPACE' ) );
#4747 = ORIENTED_EDGE ( 'NONE', *, *, #1925, .T. ) ;
#4748 = FILL_AREA_STYLE_COLOUR ( '', #3274 ) ;
#4749 = DIRECTION ( 'NONE',  ( -5.611215154610858790E-17, 1.000000000000000000, 0.0000000000000000000 ) ) ;
#4750 = DIRECTION ( 'NONE',  ( -1.000000000000000000, -0.0000000000000000000, -0.0000000000000000000 ) ) ;
#4751 = FILL_AREA_STYLE_COLOUR ( '', #202 ) ;
#4752 = ORIENTED_EDGE ( 'NONE', *, *, #1780, .T. ) ;
#4753 =( GEOMETRIC_REPRESENTATION_CONTEXT ( 3 ) GLOBAL_UNCERTAINTY_ASSIGNED_CONTEXT ( ( #1909 ) ) GLOBAL_UNIT_ASSIGNED_CONTEXT ( ( #2182, #4896, #2564 ) ) REPRESENTATION_CONTEXT ( 'NONE', 'WORKASPACE' ) );
#4754 = CARTESIAN_POINT ( 'NONE',  ( 2.665000000000000924, -5.981555354815177937E-16, -5.180000000000001492 ) ) ;
#4755 =( LENGTH_UNIT ( ) NAMED_UNIT ( * ) SI_UNIT ( .MILLI., .METRE. ) );
#4756 = CARTESIAN_POINT ( 'NONE',  ( 2.155000000000000693, 1.379999999999941052, -3.037721543909709609 ) ) ;
#4757 = LINE ( 'NONE', #268, #841 ) ;
#4758 = PRESENTATION_STYLE_ASSIGNMENT (( #758 ) ) ;
#4759 = LINE ( 'NONE', #1859, #4459 ) ;
#4760 = DIRECTION ( 'NONE',  ( 0.0000000000000000000, 0.9925461516413212060, -0.1218693434051535129 ) ) ;
#4761 = VECTOR ( 'NONE', #4555, 1000.000000000000000 ) ;
#4762 = PLANE ( 'NONE',  #3918 ) ;
#4763 = ADVANCED_FACE ( 'NONE', ( #3851 ), #3001, .F. ) ;
#4764 = LINE ( 'NONE', #1213, #323 ) ;
#4765 =( NAMED_UNIT ( * ) PLANE_ANGLE_UNIT ( ) SI_UNIT ( $, .RADIAN. ) );
#4766 = PRESENTATION_STYLE_ASSIGNMENT (( #4505 ) ) ;
#4767 = ORIENTED_EDGE ( 'NONE', *, *, #4974, .T. ) ;
#4768 = EDGE_CURVE ( 'NONE', #2515, #2952, #4860, .T. ) ;
#4769 = CARTESIAN_POINT ( 'NONE',  ( -2.665000000000000924, -1.297579787036334587, 5.180000000000001492 ) ) ;
#4770 = CARTESIAN_POINT ( 'NONE',  ( -3.175000000000000266, -0.6897854548132905661, -5.180000000000001492 ) ) ;
#4771 = AXIS2_PLACEMENT_3D ( 'NONE', #1944, #2283, #3940 ) ;
#4772 = ORIENTED_EDGE ( 'NONE', *, *, #4441, .T. ) ;
#4773 = DIRECTION ( 'NONE',  ( 0.1209742911513514846, -0.9852565360152939489, -0.1209742911513514985 ) ) ;
#4774 =( NAMED_UNIT ( * ) SI_UNIT ( $, .STERADIAN. ) SOLID_ANGLE_UNIT ( ) );
#4775 = VECTOR ( 'NONE', #246, 1000.000000000000000 ) ;
#4776 = MECHANICAL_DESIGN_GEOMETRIC_PRESENTATION_REPRESENTATION (  '', ( #401 ), #3331 ) ;
#4777 = UNCERTAINTY_MEASURE_WITH_UNIT (LENGTH_MEASURE( 1.000000000000000082E-05 ), #4237, 'distance_accuracy_value', 'NONE');
#4778 = VERTEX_POINT ( 'NONE', #807 ) ;
#4779 = DIRECTION ( 'NONE',  ( 0.0000000000000000000, -0.8326902705830219187, 0.5537390299377258351 ) ) ;
#4780 = VECTOR ( 'NONE', #176, 1000.000000000000000 ) ;
#4781 =( GEOMETRIC_REPRESENTATION_CONTEXT ( 3 ) GLOBAL_UNCERTAINTY_ASSIGNED_CONTEXT ( ( #4645 ) ) GLOBAL_UNIT_ASSIGNED_CONTEXT ( ( #1087, #3351, #658 ) ) REPRESENTATION_CONTEXT ( 'NONE', 'WORKASPACE' ) );
#4782 = DIRECTION ( 'NONE',  ( 0.0000000000000000000, 0.0000000000000000000, -1.000000000000000000 ) ) ;
#4783 = VERTEX_POINT ( 'NONE', #43 ) ;
#4784 = SURFACE_STYLE_FILL_AREA ( #1630 ) ;
#4785 = FILL_AREA_STYLE_COLOUR ( '', #4125 ) ;
#4786 = SURFACE_SIDE_STYLE ('',( #480 ) ) ;
#4787 = ORIENTED_EDGE ( 'NONE', *, *, #581, .T. ) ;
#4788 = VECTOR ( 'NONE', #73, 1000.000000000000000 ) ;
#4789 = CARTESIAN_POINT ( 'NONE',  ( 0.0000000000000000000, 0.0000000000000000000, 0.0000000000000000000 ) ) ;
#4790 = EDGE_CURVE ( 'NONE', #1033, #3371, #3730, .T. ) ;
#4791 = CARTESIAN_POINT ( 'NONE',  ( -3.175000000000000266, -0.6897854548132907881, -5.180000000000001492 ) ) ;
#4792 = PRESENTATION_LAYER_ASSIGNMENT (  '', '', ( #417 ) ) ;
#4793 = DIRECTION ( 'NONE',  ( 0.0000000000000000000, 0.0000000000000000000, 1.000000000000000000 ) ) ;
#4794 = LINE ( 'NONE', #4827, #1495 ) ;
#4795 = ORIENTED_EDGE ( 'NONE', *, *, #331, .T. ) ;
#4796 = VECTOR ( 'NONE', #977, 1000.000000000000000 ) ;
#4797 = PRESENTATION_STYLE_ASSIGNMENT (( #3648 ) ) ;
#4798 = PLANE ( 'NONE',  #3758 ) ;
#4799 = LINE ( 'NONE', #3881, #58 ) ;
#4800 = ORIENTED_EDGE ( 'NONE', *, *, #454, .F. ) ;
#4801 =( LENGTH_UNIT ( ) NAMED_UNIT ( * ) SI_UNIT ( .MILLI., .METRE. ) );
#4802 = AXIS2_PLACEMENT_3D ( 'NONE', #2858, #3671, #4070 ) ;
#4803 = DIRECTION ( 'NONE',  ( -1.000000000000000000, -0.0000000000000000000, -0.0000000000000000000 ) ) ;
#4804 = VECTOR ( 'NONE', #367, 1000.000000000000000 ) ;
#4805 = FACE_OUTER_BOUND ( 'NONE', #168, .T. ) ;
#4806 = EDGE_CURVE ( 'NONE', #3267, #4303, #4799, .T. ) ;
#4807 = EDGE_CURVE ( 'NONE', #3089, #41, #2317, .T. ) ;
#4808 = FACE_OUTER_BOUND ( 'NONE', #1894, .T. ) ;
#4809 = PRESENTATION_LAYER_ASSIGNMENT (  '', '', ( #2554 ) ) ;
#4810 = CARTESIAN_POINT ( 'NONE',  ( -2.155000000000000693, 1.379999999999941052, 3.037721543909710054 ) ) ;
#4811 = CARTESIAN_POINT ( 'NONE',  ( -2.744312401339973118, 3.079999999999999627, 1.866576855972117643 ) ) ;
#4812 = ORIENTED_EDGE ( 'NONE', *, *, #3042, .T. ) ;
#4813 = COLOUR_RGB ( '',0.2509803921568627416, 0.2509803921568627416, 0.2509803921568627416 ) ;
#4814 = SURFACE_STYLE_FILL_AREA ( #317 ) ;
#4815 = PRESENTATION_LAYER_ASSIGNMENT (  '', '', ( #2922 ) ) ;
#4816 = ORIENTED_EDGE ( 'NONE', *, *, #3846, .T. ) ;
#4817 = FILL_AREA_STYLE_COLOUR ( '', #1376 ) ;
#4818 = ADVANCED_FACE ( 'NONE', ( #1171 ), #2744, .F. ) ;
#4819 = VERTEX_POINT ( 'NONE', #1215 ) ;
#4820 = DIRECTION ( 'NONE',  ( 0.0000000000000000000, 2.877422278584525882E-16, 1.000000000000000000 ) ) ;
#4821 =( NAMED_UNIT ( * ) SI_UNIT ( $, .STERADIAN. ) SOLID_ANGLE_UNIT ( ) );
#4822 = VECTOR ( 'NONE', #4473, 1000.000000000000000 ) ;
#4823 = PRESENTATION_STYLE_ASSIGNMENT (( #3138 ) ) ;
#4824 =( NAMED_UNIT ( * ) PLANE_ANGLE_UNIT ( ) SI_UNIT ( $, .RADIAN. ) );
#4825 =( GEOMETRIC_REPRESENTATION_CONTEXT ( 3 ) GLOBAL_UNCERTAINTY_ASSIGNED_CONTEXT ( ( #1214 ) ) GLOBAL_UNIT_ASSIGNED_CONTEXT ( ( #2897, #970, #279 ) ) REPRESENTATION_CONTEXT ( 'NONE', 'WORKASPACE' ) );
#4826 = VECTOR ( 'NONE', #594, 1000.000000000000000 ) ;
#4827 = CARTESIAN_POINT ( 'NONE',  ( 3.269485970784797857, 1.114485970784807378, 3.739974156878905553 ) ) ;
#4828 = FILL_AREA_STYLE ('',( #1714 ) ) ;
#4829 = EDGE_LOOP ( 'NONE', ( #505, #3070, #4935, #2731 ) ) ;
#4830 = EDGE_CURVE ( 'NONE', #880, #2818, #4674, .T. ) ;
#4831 = FILL_AREA_STYLE_COLOUR ( '', #3975 ) ;
#4832 = VERTEX_POINT ( 'NONE', #2322 ) ;
#4833 = STYLED_ITEM ( 'NONE', ( #619 ), #2878 ) ;
#4834 = SURFACE_STYLE_USAGE ( .BOTH. , #4490 ) ;
#4835 = FACE_OUTER_BOUND ( 'NONE', #2186, .T. ) ;
#4836 = FILL_AREA_STYLE ('',( #2860 ) ) ;
#4837 = EDGE_CURVE ( 'NONE', #1310, #2095, #582, .T. ) ;
#4838 = ORIENTED_EDGE ( 'NONE', *, *, #2709, .F. ) ;
#4839 = FILL_AREA_STYLE_COLOUR ( '', #2961 ) ;
#4840 = CARTESIAN_POINT ( 'NONE',  ( -2.254999999999999893, -0.7502145451867079373, -4.980000000000001315 ) ) ;
#4841 = AXIS2_PLACEMENT_3D ( 'NONE', #2826, #4037, #2482 ) ;
#4842 = LINE ( 'NONE', #2138, #509 ) ;
#4843 = DIRECTION ( 'NONE',  ( 0.0000000000000000000, 0.0000000000000000000, 1.000000000000000000 ) ) ;
#4844 = EDGE_CURVE ( 'NONE', #3187, #4870, #4556, .T. ) ;
#4845 =( NAMED_UNIT ( * ) SI_UNIT ( $, .STERADIAN. ) SOLID_ANGLE_UNIT ( ) );
#4846 = AXIS2_PLACEMENT_3D ( 'NONE', #2427, #2877, #4017 ) ;
#4847 = ORIENTED_EDGE ( 'NONE', *, *, #3846, .F. ) ;
#4848 = SURFACE_STYLE_USAGE ( .BOTH. , #2982 ) ;
#4849 = ORIENTED_EDGE ( 'NONE', *, *, #4666, .F. ) ;
#4850 = SURFACE_STYLE_FILL_AREA ( #3798 ) ;
#4851 = CARTESIAN_POINT ( 'NONE',  ( -1.905000000000000471, -0.6897854548132907881, -5.180000000000001492 ) ) ;
#4852 = ORIENTED_EDGE ( 'NONE', *, *, #2217, .T. ) ;
#4853 = DIRECTION ( 'NONE',  ( -1.000000000000000000, 0.0000000000000000000, -0.0000000000000000000 ) ) ;
#4854 = FACE_OUTER_BOUND ( 'NONE', #2911, .T. ) ;
#4855 = VERTEX_POINT ( 'NONE', #1994 ) ;
#4856 = DIRECTION ( 'NONE',  ( 0.0000000000000000000, -0.8326902705830219187, 0.5537390299377258351 ) ) ;
#4857 = FILL_AREA_STYLE ('',( #4909 ) ) ;
#4858 = UNCERTAINTY_MEASURE_WITH_UNIT (LENGTH_MEASURE( 1.000000000000000082E-05 ), #3802, 'distance_accuracy_value', 'NONE');
#4859 = STYLED_ITEM ( 'NONE', ( #3651 ), #2592 ) ;
#4860 = LINE ( 'NONE', #97, #3481 ) ;
#4861 = ORIENTED_EDGE ( 'NONE', *, *, #3151, .F. ) ;
#4862 = FILL_AREA_STYLE ('',( #2163 ) ) ;
#4863 = CARTESIAN_POINT ( 'NONE',  ( 0.6349999999999996758, 1.279999999999940963, 3.050000000000000266 ) ) ;
#4864 = ADVANCED_FACE ( 'NONE', ( #4497 ), #2353, .F. ) ;
#4865 = EDGE_CURVE ( 'NONE', #4931, #4588, #4610, .T. ) ;
#4866 = CARTESIAN_POINT ( 'NONE',  ( -3.175000000000000266, -0.6897854548132905661, 5.768133747539269525E-16 ) ) ;
#4867 =( LENGTH_UNIT ( ) NAMED_UNIT ( * ) SI_UNIT ( .MILLI., .METRE. ) );
#4868 =( GEOMETRIC_REPRESENTATION_CONTEXT ( 3 ) GLOBAL_UNCERTAINTY_ASSIGNED_CONTEXT ( ( #4108 ) ) GLOBAL_UNIT_ASSIGNED_CONTEXT ( ( #3828, #4193, #1093 ) ) REPRESENTATION_CONTEXT ( 'NONE', 'WORKASPACE' ) );
#4869 =( NAMED_UNIT ( * ) SI_UNIT ( $, .STERADIAN. ) SOLID_ANGLE_UNIT ( ) );
#4870 = VERTEX_POINT ( 'NONE', #3533 ) ;
#4871 = EDGE_LOOP ( 'NONE', ( #36, #1558, #2498, #597 ) ) ;
#4872 = AXIS2_PLACEMENT_3D ( 'NONE', #4201, #332, #3069 ) ;
#4873 =( LENGTH_UNIT ( ) NAMED_UNIT ( * ) SI_UNIT ( .MILLI., .METRE. ) );
#4874 = FILL_AREA_STYLE_COLOUR ( '', #3830 ) ;
#4875 = PRESENTATION_STYLE_ASSIGNMENT (( #1910 ) ) ;
#4876 = ORIENTED_EDGE ( 'NONE', *, *, #4241, .F. ) ;
#4877 = PLANE ( 'NONE',  #3131 ) ;
#4878 =( GEOMETRIC_REPRESENTATION_CONTEXT ( 3 ) GLOBAL_UNCERTAINTY_ASSIGNED_CONTEXT ( ( #2170 ) ) GLOBAL_UNIT_ASSIGNED_CONTEXT ( ( #3644, #1320, #1271 ) ) REPRESENTATION_CONTEXT ( 'NONE', 'WORKASPACE' ) );
#4879 = PLANE ( 'NONE',  #2220 ) ;
#4880 = VECTOR ( 'NONE', #1675, 1000.000000000000000 ) ;
#4881 = FILL_AREA_STYLE_COLOUR ( '', #4921 ) ;
#4882 = CARTESIAN_POINT ( 'NONE',  ( -0.2050000000000000988, -3.229785454813289824, 4.980000000000001315 ) ) ;
#4883 = UNCERTAINTY_MEASURE_WITH_UNIT (LENGTH_MEASURE( 1.000000000000000082E-05 ), #2846, 'distance_accuracy_value', 'NONE');
#4884 = CARTESIAN_POINT ( 'NONE',  ( 3.174999999999999822, -0.7502145451867079373, -4.980000000000000426 ) ) ;
#4885 = LINE ( 'NONE', #1057, #494 ) ;
#4886 = SURFACE_SIDE_STYLE ('',( #924 ) ) ;
#4887 = AXIS2_PLACEMENT_3D ( 'NONE', #473, #2406, #4745 ) ;
#4888 = ORIENTED_EDGE ( 'NONE', *, *, #3586, .F. ) ;
#4889 = ADVANCED_FACE ( 'NONE', ( #117 ), #2695, .T. ) ;
#4890 = VECTOR ( 'NONE', #2059, 1000.000000000000000 ) ;
#4891 = SURFACE_STYLE_USAGE ( .BOTH. , #2538 ) ;
#4892 = CARTESIAN_POINT ( 'NONE',  ( -1.905000000000000471, -0.7502145451867079373, 4.980000000000001315 ) ) ;
#4893 = ORIENTED_EDGE ( 'NONE', *, *, #3477, .T. ) ;
#4894 = SURFACE_STYLE_USAGE ( .BOTH. , #2525 ) ;
#4895 = STYLED_ITEM ( 'NONE', ( #1995 ), #3012 ) ;
#4896 =( NAMED_UNIT ( * ) PLANE_ANGLE_UNIT ( ) SI_UNIT ( $, .RADIAN. ) );
#4897 = CARTESIAN_POINT ( 'NONE',  ( -1.905000000000000471, -0.6897854548132907881, 5.180000000000001492 ) ) ;
#4898 = CARTESIAN_POINT ( 'NONE',  ( 3.174999999999999822, 0.0000000000000000000, 0.0000000000000000000 ) ) ;
#4899 = ORIENTED_EDGE ( 'NONE', *, *, #1905, .T. ) ;
#4900 = EDGE_CURVE ( 'NONE', #4043, #3731, #638, .T. ) ;
#4901 =( NAMED_UNIT ( * ) PLANE_ANGLE_UNIT ( ) SI_UNIT ( $, .RADIAN. ) );
#4902 =( GEOMETRIC_REPRESENTATION_CONTEXT ( 3 ) GLOBAL_UNCERTAINTY_ASSIGNED_CONTEXT ( ( #1032 ) ) GLOBAL_UNIT_ASSIGNED_CONTEXT ( ( #2926, #636, #4130 ) ) REPRESENTATION_CONTEXT ( 'NONE', 'WORKASPACE' ) );
#4903 = ORIENTED_EDGE ( 'NONE', *, *, #2812, .T. ) ;
#4904 = VECTOR ( 'NONE', #3483, 1000.000000000000000 ) ;
#4905 = PLANE ( 'NONE',  #145 ) ;
#4906 = CARTESIAN_POINT ( 'NONE',  ( 0.6349999999999996758, 1.379999999999941052, -3.037721543909710054 ) ) ;
#4907 = DIRECTION ( 'NONE',  ( 0.0000000000000000000, 1.000000000000000000, 0.0000000000000000000 ) ) ;
#4908 = PRESENTATION_LAYER_ASSIGNMENT (  '', '', ( #1819 ) ) ;
#4909 = FILL_AREA_STYLE_COLOUR ( '', #1399 ) ;
#4910 = ORIENTED_EDGE ( 'NONE', *, *, #2124, .F. ) ;
#4911 = PRESENTATION_STYLE_ASSIGNMENT (( #449 ) ) ;
#4912 = DIRECTION ( 'NONE',  ( -0.0000000000000000000, -0.0000000000000000000, 1.000000000000000000 ) ) ;
#4913 = SURFACE_STYLE_FILL_AREA ( #382 ) ;
#4914 = SURFACE_SIDE_STYLE ('',( #319 ) ) ;
#4915 = ADVANCED_FACE ( 'NONE', ( #3721 ), #3246, .F. ) ;
#4916 = ORIENTED_EDGE ( 'NONE', *, *, #3354, .F. ) ;
#4917 = CARTESIAN_POINT ( 'NONE',  ( -1.905000000000000471, -0.6897854548132907881, -5.180000000000001492 ) ) ;
#4918 = CARTESIAN_POINT ( 'NONE',  ( 3.174999999999999822, -0.6897854548132907881, -5.180000000000000604 ) ) ;
#4919 = STYLED_ITEM ( 'NONE', ( #879 ), #1773 ) ;
#4920 = SURFACE_STYLE_USAGE ( .BOTH. , #4886 ) ;
#4921 = COLOUR_RGB ( '',0.7921568627450980005, 0.8196078431372548767, 0.9333333333333333481 ) ;
#4922 = VERTEX_POINT ( 'NONE', #3193 ) ;
#4923 = FACE_OUTER_BOUND ( 'NONE', #3146, .T. ) ;
#4924 = CARTESIAN_POINT ( 'NONE',  ( 3.174999999999999822, 1.379999999999941052, -3.037721543909709609 ) ) ;
#4925 = FILL_AREA_STYLE_COLOUR ( '', #1476 ) ;
#4926 =( LENGTH_UNIT ( ) NAMED_UNIT ( * ) SI_UNIT ( .MILLI., .METRE. ) );
#4927 = STYLED_ITEM ( 'NONE', ( #3504 ), #3200 ) ;
#4928 = COLOUR_RGB ( '',1.000000000000000000, 1.000000000000000000, 1.000000000000000000 ) ;
#4929 = EDGE_CURVE ( 'NONE', #1594, #3954, #2783, .T. ) ;
#4930 = PLANE ( 'NONE',  #3604 ) ;
#4931 = VERTEX_POINT ( 'NONE', #3629 ) ;
#4932 = FILL_AREA_STYLE_COLOUR ( '', #555 ) ;
#4933 = DIRECTION ( 'NONE',  ( 0.0000000000000000000, 0.9925461516413223162, 0.1218693434051450475 ) ) ;
#4934 = UNCERTAINTY_MEASURE_WITH_UNIT (LENGTH_MEASURE( 1.000000000000000082E-05 ), #4391, 'distance_accuracy_value', 'NONE');
#4935 = ORIENTED_EDGE ( 'NONE', *, *, #4170, .F. ) ;
#4936 = MECHANICAL_DESIGN_GEOMETRIC_PRESENTATION_REPRESENTATION (  '', ( #3912 ), #216 ) ;
#4937 = CARTESIAN_POINT ( 'NONE',  ( 2.254999999999999893, -3.229785454813289380, -4.980000000000000426 ) ) ;
#4938 = VECTOR ( 'NONE', #660, 1000.000000000000000 ) ;
#4939 = VECTOR ( 'NONE', #3970, 1000.000000000000000 ) ;
#4940 = MECHANICAL_DESIGN_GEOMETRIC_PRESENTATION_REPRESENTATION (  '', ( #1152 ), #2685 ) ;
#4941 = ORIENTED_EDGE ( 'NONE', *, *, #493, .F. ) ;
#4942 = UNCERTAINTY_MEASURE_WITH_UNIT (LENGTH_MEASURE( 1.000000000000000082E-05 ), #2136, 'distance_accuracy_value', 'NONE');
#4943 = CARTESIAN_POINT ( 'NONE',  ( 3.174999999999999822, 1.379999999999941052, 3.037721543909709609 ) ) ;
#4944 = ADVANCED_FACE ( 'NONE', ( #4854 ), #4743, .F. ) ;
#4945 =( GEOMETRIC_REPRESENTATION_CONTEXT ( 3 ) GLOBAL_UNCERTAINTY_ASSIGNED_CONTEXT ( ( #4934 ) ) GLOBAL_UNIT_ASSIGNED_CONTEXT ( ( #4391, #905, #2076 ) ) REPRESENTATION_CONTEXT ( 'NONE', 'WORKASPACE' ) );
#4946 =( NAMED_UNIT ( * ) SI_UNIT ( $, .STERADIAN. ) SOLID_ANGLE_UNIT ( ) );
#4947 = LINE ( 'NONE', #3183, #3931 ) ;
#4948 = CARTESIAN_POINT ( 'NONE',  ( 0.6350000000000001199, -0.6897854548132907881, -4.939814654901677038 ) ) ;
#4949 = COLOUR_RGB ( '',0.2509803921568627416, 0.2509803921568627416, 0.2509803921568627416 ) ;
#4950 = SURFACE_SIDE_STYLE ('',( #3171 ) ) ;
#4951 = ORIENTED_EDGE ( 'NONE', *, *, #4685, .F. ) ;
#4952 = CARTESIAN_POINT ( 'NONE',  ( 4.065000000000000391, 1.280000000000031113, -3.049999999999999822 ) ) ;
#4953 =( NAMED_UNIT ( * ) SI_UNIT ( $, .STERADIAN. ) SOLID_ANGLE_UNIT ( ) );
#4954 =( LENGTH_UNIT ( ) NAMED_UNIT ( * ) SI_UNIT ( .MILLI., .METRE. ) );
#4955 = SURFACE_SIDE_STYLE ('',( #2931 ) ) ;
#4956 = ORIENTED_EDGE ( 'NONE', *, *, #2761, .F. ) ;
#4957 = STYLED_ITEM ( 'NONE', ( #1107 ), #1860 ) ;
#4958 = CARTESIAN_POINT ( 'NONE',  ( 0.2050000000000000988, -1.297579787036334587, -5.180000000000001492 ) ) ;
#4959 = ORIENTED_EDGE ( 'NONE', *, *, #573, .T. ) ;
#4960 =( GEOMETRIC_REPRESENTATION_CONTEXT ( 3 ) GLOBAL_UNCERTAINTY_ASSIGNED_CONTEXT ( ( #559 ) ) GLOBAL_UNIT_ASSIGNED_CONTEXT ( ( #2152, #4824, #2516 ) ) REPRESENTATION_CONTEXT ( 'NONE', 'WORKASPACE' ) );
#4961 = DIRECTION ( 'NONE',  ( 0.0000000000000000000, 0.0000000000000000000, -1.000000000000000000 ) ) ;
#4962 = UNCERTAINTY_MEASURE_WITH_UNIT (LENGTH_MEASURE( 1.000000000000000082E-05 ), #860, 'distance_accuracy_value', 'NONE');
#4963 = DIRECTION ( 'NONE',  ( 0.6427876096865408062, -0.7660444431189766812, 0.0000000000000000000 ) ) ;
#4964 = EDGE_CURVE ( 'NONE', #3642, #3017, #1366, .T. ) ;
#4965 =( NAMED_UNIT ( * ) SI_UNIT ( $, .STERADIAN. ) SOLID_ANGLE_UNIT ( ) );
#4966 = FILL_AREA_STYLE ('',( #3801 ) ) ;
#4967 = ORIENTED_EDGE ( 'NONE', *, *, #1993, .T. ) ;
#4968 = MECHANICAL_DESIGN_GEOMETRIC_PRESENTATION_REPRESENTATION (  '', ( #1254 ), #1530 ) ;
#4969 = DIRECTION ( 'NONE',  ( -0.0000000000000000000, 0.9925461516413212060, 0.1218693434051535129 ) ) ;
#4970 =( NAMED_UNIT ( * ) PLANE_ANGLE_UNIT ( ) SI_UNIT ( $, .RADIAN. ) );
#4971 = ADVANCED_FACE ( 'NONE', ( #1428 ), #2759, .F. ) ;
#4972 = FILL_AREA_STYLE ('',( #3524 ) ) ;
#4973 = SURFACE_STYLE_USAGE ( .BOTH. , #1891 ) ;
#4974 = EDGE_CURVE ( 'NONE', #1890, #4425, #4794, .T. ) ;
#4975 = EDGE_LOOP ( 'NONE', ( #2558, #2666 ) ) ;
#4976 = LINE ( 'NONE', #2284, #570 ) ;
#4977 = MECHANICAL_DESIGN_GEOMETRIC_PRESENTATION_REPRESENTATION (  '', ( #1814 ), #3631 ) ;
#4978 = SURFACE_STYLE_USAGE ( .BOTH. , #1106 ) ;
#4979 = EDGE_LOOP ( 'NONE', ( #1926, #2008, #4433, #2079 ) ) ;
#4980 = UNCERTAINTY_MEASURE_WITH_UNIT (LENGTH_MEASURE( 1.000000000000000082E-05 ), #881, 'distance_accuracy_value', 'NONE');
#4981 = CARTESIAN_POINT ( 'NONE',  ( -4.065000000000000391, 1.279999999999940963, 3.050000000000000711 ) ) ;
#4982 = MECHANICAL_DESIGN_GEOMETRIC_PRESENTATION_REPRESENTATION (  '', ( #627 ), #4878 ) ;
#4983 = VECTOR ( 'NONE', #1664, 1000.000000000000227 ) ;
#4984 = VECTOR ( 'NONE', #1511, 999.9999999999998863 ) ;
#4985 = ORIENTED_EDGE ( 'NONE', *, *, #1780, .F. ) ;
#4986 = PRESENTATION_STYLE_ASSIGNMENT (( #604 ) ) ;
ENDSEC;
END-ISO-10303-21;
